cell_state	n_cell	n_ctrl	assoc_mcp	assoc_mcz	hetero_mcp	hetero_mcz	n_fdr_0.05	n_fdr_0.1	n_fdr_0.2	trait	assoc_fdr
AVN_P_cell	155.0	1000.0	0.000999001	4.343692	0.36663336	0.3494724	0.0	4.0	20.0	AVblock	0.0061938062000000006
AVN_bundle_cell	38.0	1000.0	0.04995005	1.7235401	0.07392608	1.3157557	0.0	0.0	2.0	AVblock	0.20646020666666667
Adip1	1311.0	1000.0	0.7132867	-0.6164111	0.025974026	2.6405168	0.0	0.0	4.0	AVblock	0.9827505644444444
Adip2	554.0	1000.0	0.98002	-1.8257008	0.033966035	2.1354346	0.0	0.0	0.0	AVblock	0.993007
Adip3	80.0	1000.0	0.66033965	-0.4496599	0.09090909	1.2198288	0.0	0.0	0.0	AVblock	0.9530015068181819
B	250.0	1000.0	0.8031968	-0.87141514	0.17882118	0.9414738	0.0	0.0	0.0	AVblock	0.993007
B_plasma	117.0	1000.0	0.26273727	0.37575144	0.17882118	0.87037903	0.0	0.0	1.0	AVblock	0.59375106
CD14+Mo	575.0	1000.0	0.54545456	-0.1689379	0.17182817	1.0015116	0.0	1.0	5.0	AVblock	0.9140049383783785
CD16+Mo	1029.0	1000.0	0.67632365	-0.44942445	0.28871128	0.5461393	0.0	0.0	2.0	AVblock	0.9530015068181819
CD4+T_act	930.0	1000.0	0.33566433	0.41371593	0.08591408	1.359041	0.0	1.0	10.0	AVblock	0.6937062820000001
CD4+T_naive	897.0	1000.0	0.42857143	0.08929601	0.09090909	1.2990156	0.0	1.0	4.0	AVblock	0.7924428247058823
CD8+T_cytox	89.0	1000.0	0.17082918	0.9498828	0.6863137	-0.47205517	0.0	0.0	0.0	AVblock	0.548151858
CD8+T_em	583.0	1000.0	0.26073927	0.6375796	0.43656343	0.2086484	0.0	0.0	8.0	AVblock	0.59375106
CD8+T_te	390.0	1000.0	0.43456542	0.11620392	0.064935066	1.4900069	0.0	0.0	3.0	AVblock	0.7924428247058823
CD8+T_trans	699.0	1000.0	0.2747253	0.5852335	0.13786213	1.1156842	0.0	1.0	6.0	AVblock	0.59375106
DC	167.0	1000.0	0.6573427	-0.3420399	0.12487513	1.1614695	0.0	0.0	0.0	AVblock	0.9530015068181819
EC10_CMC-like	2492.0	1000.0	0.76623374	-0.7570025	0.001998002	4.6974483	0.0	0.0	13.0	AVblock	0.993007
EC1_cap	739.0	1000.0	0.27772227	0.54187477	0.013986014	2.0712705	0.0	0.0	9.0	AVblock	0.59375106
EC2_cap	203.0	1000.0	0.35564435	0.37943426	0.003996004	2.5186465	0.0	0.0	0.0	AVblock	0.7112887
EC3_cap	137.0	1000.0	0.17682318	0.9144259	0.017982017	1.9123238	0.0	0.0	1.0	AVblock	0.548151858
EC4_immune	1572.0	1000.0	0.92507493	-1.3613678	0.001998002	3.5190837	0.0	0.0	3.0	AVblock	0.993007
EC5_art	1755.0	1000.0	0.5034965	-0.016868519	0.035964034	1.9660134	0.0	0.0	5.0	AVblock	0.8919080857142857
EC6_ven	2329.0	1000.0	0.8701299	-1.1467965	0.000999001	4.8317595	0.0	0.0	8.0	AVblock	0.993007
EC7_endocardial	3018.0	1000.0	0.94105893	-1.4378386	0.013986014	2.7271698	0.0	1.0	8.0	AVblock	0.993007
EC8_ln	303.0	1000.0	0.8871129	-1.0676525	0.08291708	1.3714548	0.0	0.0	0.0	AVblock	0.993007
FB1	285.0	1000.0	0.37162837	0.27703354	0.050949052	1.5927689	0.0	1.0	3.0	AVblock	0.720029966875
FB2	12538.0	1000.0	0.993007	-2.474783	0.07392608	1.4859437	0.0	0.0	13.0	AVblock	0.993007
FB3	13284.0	1000.0	0.96503496	-1.737157	0.002997003	3.8844302	1.0	1.0	36.0	AVblock	0.993007
FB4_activated	12567.0	1000.0	0.982018	-1.9338597	0.004995005	3.5410566	0.0	1.0	26.0	AVblock	0.993007
FB5	3366.0	1000.0	0.95404595	-1.6046942	0.026973028	2.2409618	0.0	0.0	8.0	AVblock	0.993007
FB6	1367.0	1000.0	0.992008	-2.4557464	0.02097902	2.234464	0.0	0.0	0.0	AVblock	0.993007
ILC	38.0	1000.0	0.7992008	-0.8771722	0.988012	-2.7274797	0.0	0.0	0.0	AVblock	0.993007
LYVE1+IGF1+MP	1436.0	1000.0	0.57042956	-0.21523102	0.016983017	2.3612587	0.0	0.0	10.0	AVblock	0.9259740300000001
LYVE1+MP_cycling	642.0	1000.0	0.27672327	0.5697756	0.22877122	0.7613291	0.0	0.0	4.0	AVblock	0.59375106
LYVE1+TIMD4+MP	9361.0	1000.0	0.8541458	-1.0392885	0.006993007	3.5405245	0.0	3.0	19.0	AVblock	0.993007
MAIT-like	124.0	1000.0	0.6723277	-0.5071556	0.7762238	-0.6909441	0.0	0.0	0.0	AVblock	0.9530015068181819
Mast	308.0	1000.0	0.8321678	-0.9336949	0.06593407	1.5176144	0.0	0.0	0.0	AVblock	0.993007
Meso	48.0	1000.0	0.011988012	3.0264912	0.07192807	1.4896176	0.0	0.0	5.0	AVblock	0.05717359569230769
MoMP	3255.0	1000.0	0.8451548	-0.97321874	0.007992008	3.0553226	0.0	0.0	6.0	AVblock	0.993007
NC1_glial	1393.0	1000.0	0.010989011	2.8138933	0.20379621	0.76239854	0.0	4.0	68.0	AVblock	0.05677655683333333
NC2_glial_NGF+	149.0	1000.0	0.08891109	1.4222631	0.000999001	3.3124485	0.0	0.0	4.0	AVblock	0.32426397529411766
NK_CD16hi	951.0	1000.0	0.22577423	0.7409334	0.17082918	0.93079185	0.0	0.0	10.0	AVblock	0.59375106
NK_CD56hi	367.0	1000.0	0.1878122	0.87014514	0.09490509	1.278425	0.0	0.0	4.0	AVblock	0.5544931619047619
Neut	20.0	1000.0	0.5964036	-0.29352537	0.33766234	0.57714117	0.0	0.0	1.0	AVblock	0.9259740300000001
PC1_vent	390.0	1000.0	0.5974026	-0.23170023	0.6013986	-0.27262375	0.0	0.0	1.0	AVblock	0.9259740300000001
PC2_atria	3958.0	1000.0	0.86413586	-1.0684581	0.02997003	2.0543125	0.0	1.0	14.0	AVblock	0.993007
PC3_str	613.0	1000.0	0.17382617	0.9283882	0.7842158	-0.7736771	0.0	0.0	5.0	AVblock	0.548151858
PC4_CMC-like	10.0	1000.0	0.013986014	2.3506565	0.116883114	0.90774643	0.0	0.0	1.0	AVblock	0.061938062
SAN_P_cell	245.0	1000.0	0.000999001	3.5245092	0.44755244	0.19748382	0.0	4.0	25.0	AVblock	0.0061938062000000006
SMC1_basic	370.0	1000.0	0.53446555	-0.109836094	0.030969031	1.8505236	0.0	0.0	2.0	AVblock	0.9140049383783785
SMC2_art	725.0	1000.0	0.22677323	0.71434087	0.10489511	1.2675346	0.0	0.0	3.0	AVblock	0.59375106
T/NK_cycling	58.0	1000.0	0.07692308	1.4451635	0.88211787	-1.2301222	0.0	0.0	1.0	AVblock	0.29807693500000004
aCM1	1150.0	1000.0	0.000999001	4.113498	0.43456542	0.12990682	2.0	13.0	149.0	AVblock	0.0061938062000000006
aCM2	6007.0	1000.0	0.000999001	3.5765252	0.06393606	1.8020189	1.0	39.0	629.0	AVblock	0.0061938062000000006
aCM3	735.0	1000.0	0.000999001	3.8813722	0.10989011	1.2147062	0.0	9.0	69.0	AVblock	0.0061938062000000006
aCM4	2354.0	1000.0	0.000999001	4.662018	0.08091908	1.4429123	3.0	59.0	419.0	AVblock	0.0061938062000000006
unclassified	6441.0	1000.0	0.000999001	6.090608	0.001998002	5.562304	2.0	33.0	270.0	AVblock	0.0061938062000000006
vCM1	5427.0	1000.0	0.000999001	3.9655764	0.7922078	-0.76092386	0.0	61.0	747.0	AVblock	0.0061938062000000006
vCM2	481.0	1000.0	0.000999001	3.504781	0.18081918	0.9051167	0.0	3.0	47.0	AVblock	0.0061938062000000006
vCM3_stressed	2807.0	1000.0	0.003996004	2.9977336	0.06793207	1.6867163	2.0	19.0	179.0	AVblock	0.02252293163636364
vCM4	4480.0	1000.0	0.000999001	4.108431	0.38061938	0.20691258	2.0	65.0	622.0	AVblock	0.0061938062000000006
vCM5	10.0	1000.0	0.26573426	0.569004	0.17582418	0.731777	0.0	0.0	0.0	AVblock	0.59375106
AVN_P_cell	155.0	1000.0	0.000999001	8.437232	0.114885114	1.168729	103.0	115.0	127.0	AtrialFibrillation	0.004129204133333333
AVN_bundle_cell	38.0	1000.0	0.000999001	5.515942	0.32367632	0.51251364	11.0	15.0	25.0	AtrialFibrillation	0.004129204133333333
Adip1	1311.0	1000.0	0.33166832	0.38868225	0.003996004	4.192549	20.0	30.0	59.0	AtrialFibrillation	0.4673508145454546
Adip2	554.0	1000.0	0.8321678	-0.96813095	0.001998002	4.0173974	4.0	10.0	17.0	AtrialFibrillation	0.9969645307692308
Adip3	80.0	1000.0	0.91608393	-1.3453896	0.000999001	2.4995382	0.0	0.0	0.0	AtrialFibrillation	1.0
B	250.0	1000.0	0.004995005	2.7276804	0.02097902	1.7862718	14.0	20.0	38.0	AtrialFibrillation	0.017205017222222223
B_plasma	117.0	1000.0	0.21778221	0.72678816	0.3756244	0.3592232	5.0	5.0	7.0	AtrialFibrillation	0.32886161047619045
CD14+Mo	575.0	1000.0	0.6123876	-0.3034659	0.000999001	4.02397	7.0	10.0	15.0	AtrialFibrillation	0.7748577795918367
CD16+Mo	1029.0	1000.0	0.55744255	-0.17598283	0.000999001	5.332298	11.0	17.0	35.0	AtrialFibrillation	0.7239011500000001
CD4+T_act	930.0	1000.0	0.10889111	1.3174638	0.1918082	0.8340388	19.0	37.0	78.0	AtrialFibrillation	0.19856614176470588
CD4+T_naive	897.0	1000.0	0.08691309	1.3732811	0.0989011	1.2193301	18.0	34.0	79.0	AtrialFibrillation	0.17642964242424244
CD8+T_cytox	89.0	1000.0	0.010989011	2.3962674	0.5954046	-0.10743525	4.0	8.0	13.0	AtrialFibrillation	0.0340659341
CD8+T_em	583.0	1000.0	0.051948052	1.7421155	0.10689311	1.280809	19.0	33.0	52.0	AtrialFibrillation	0.12883116896000002
CD8+T_te	390.0	1000.0	0.08991009	1.3953464	0.12287712	1.1154867	6.0	19.0	35.0	AtrialFibrillation	0.17642964242424244
CD8+T_trans	699.0	1000.0	0.04695305	1.7623258	0.033966035	1.7509565	23.0	39.0	73.0	AtrialFibrillation	0.12129537916666668
DC	167.0	1000.0	0.973027	-1.812723	0.02097902	1.8221766	0.0	1.0	3.0	AtrialFibrillation	1.0
EC10_CMC-like	2492.0	1000.0	0.14085914	1.0730075	0.000999001	6.4909716	58.0	93.0	151.0	AtrialFibrillation	0.23603423459459458
EC1_cap	739.0	1000.0	0.022977022	2.1958368	0.000999001	4.254246	23.0	46.0	82.0	AtrialFibrillation	0.06475342563636365
EC2_cap	203.0	1000.0	0.010989011	2.488241	0.000999001	2.832111	10.0	17.0	26.0	AtrialFibrillation	0.0340659341
EC3_cap	137.0	1000.0	0.09090909	1.37677	0.000999001	2.509645	5.0	7.0	12.0	AtrialFibrillation	0.17642964242424244
EC4_immune	1572.0	1000.0	0.12487513	1.1694543	0.000999001	5.5110917	39.0	65.0	104.0	AtrialFibrillation	0.21850370666666669
EC5_art	1755.0	1000.0	0.017982017	2.2253497	0.000999001	6.652903	67.0	103.0	161.0	AtrialFibrillation	0.053089764476190474
EC6_ven	2329.0	1000.0	0.5074925	-0.053381678	0.001998002	4.763706	22.0	43.0	88.0	AtrialFibrillation	0.6840116304347826
EC7_endocardial	3018.0	1000.0	0.96703297	-1.7034252	0.007992008	3.683341	11.0	14.0	36.0	AtrialFibrillation	1.0
EC8_ln	303.0	1000.0	0.8361638	-0.97371304	0.000999001	3.6981018	3.0	3.0	7.0	AtrialFibrillation	0.9969645307692308
FB1	285.0	1000.0	0.22277722	0.739956	0.017982017	1.9399072	6.0	8.0	15.0	AtrialFibrillation	0.32886161047619045
FB2	12538.0	1000.0	1.0	-3.490589	0.000999001	7.209675	14.0	38.0	84.0	AtrialFibrillation	1.0
FB3	13284.0	1000.0	0.999001	-2.714698	0.000999001	9.750213	40.0	85.0	161.0	AtrialFibrillation	1.0
FB4_activated	12567.0	1000.0	0.966034	-1.7760013	0.000999001	7.880441	99.0	170.0	309.0	AtrialFibrillation	1.0
FB5	3366.0	1000.0	0.9100899	-1.3750048	0.000999001	8.6391325	26.0	51.0	93.0	AtrialFibrillation	1.0
FB6	1367.0	1000.0	0.998002	-2.53722	0.000999001	6.08418	3.0	6.0	22.0	AtrialFibrillation	1.0
ILC	38.0	1000.0	0.1998002	0.75497466	0.33866134	0.5372779	0.0	1.0	3.0	AtrialFibrillation	0.30969031
LYVE1+IGF1+MP	1436.0	1000.0	0.36263737	0.27555895	0.000999001	6.5404143	16.0	32.0	62.0	AtrialFibrillation	0.4996337097777778
LYVE1+MP_cycling	642.0	1000.0	0.8991009	-1.1791712	0.004995005	2.522325	2.0	6.0	9.0	AtrialFibrillation	1.0
LYVE1+TIMD4+MP	9361.0	1000.0	0.91808194	-1.3178724	0.000999001	5.7609243	26.0	59.0	127.0	AtrialFibrillation	1.0
MAIT-like	124.0	1000.0	0.05894106	1.5923479	0.31868133	0.5471924	2.0	7.0	15.0	AtrialFibrillation	0.14055175846153847
Mast	308.0	1000.0	0.077922076	1.406796	0.060939062	1.5246291	6.0	13.0	25.0	AtrialFibrillation	0.17475382
Meso	48.0	1000.0	0.12687312	1.1791835	0.04295704	1.7449985	1.0	2.0	5.0	AtrialFibrillation	0.21850370666666669
MoMP	3255.0	1000.0	0.82617384	-0.9169904	0.000999001	6.7774897	22.0	45.0	80.0	AtrialFibrillation	0.9969645307692308
NC1_glial	1393.0	1000.0	0.037962038	2.0543292	0.045954045	1.8840119	62.0	103.0	177.0	AtrialFibrillation	0.10233245026086955
NC2_glial_NGF+	149.0	1000.0	0.18581419	0.8557684	0.000999001	2.961606	2.0	4.0	9.0	AtrialFibrillation	0.2953969174358974
NK_CD16hi	951.0	1000.0	0.09290709	1.2996709	0.001998002	3.1918736	19.0	35.0	73.0	AtrialFibrillation	0.17642964242424244
NK_CD56hi	367.0	1000.0	0.0939061	1.3816092	0.05294705	1.546202	4.0	11.0	28.0	AtrialFibrillation	0.17642964242424244
Neut	20.0	1000.0	0.16983017	0.93667173	0.024975024	1.479685	0.0	1.0	2.0	AtrialFibrillation	0.27709133
PC1_vent	390.0	1000.0	0.07892108	1.4223217	0.003996004	2.5717206	7.0	15.0	28.0	AtrialFibrillation	0.17475382
PC2_atria	3958.0	1000.0	0.5604396	-0.18319762	0.000999001	6.725017	35.0	74.0	154.0	AtrialFibrillation	0.7239011500000001
PC3_str	613.0	1000.0	0.000999001	5.0733385	0.018981019	2.186297	54.0	83.0	111.0	AtrialFibrillation	0.004129204133333333
PC4_CMC-like	10.0	1000.0	0.000999001	5.254792	0.2117882	0.88109446	4.0	7.0	7.0	AtrialFibrillation	0.004129204133333333
SAN_P_cell	245.0	1000.0	0.000999001	6.980792	0.34065935	0.43152234	128.0	166.0	181.0	AtrialFibrillation	0.004129204133333333
SMC1_basic	370.0	1000.0	0.000999001	4.9296193	0.000999001	4.8339524	47.0	75.0	106.0	AtrialFibrillation	0.004129204133333333
SMC2_art	725.0	1000.0	0.003996004	3.4318368	0.001998002	3.3546648	37.0	59.0	108.0	AtrialFibrillation	0.014573661647058825
T/NK_cycling	58.0	1000.0	0.23976023	0.67531055	0.7262737	-0.48665527	1.0	2.0	3.0	AtrialFibrillation	0.345700796744186
aCM1	1150.0	1000.0	0.000999001	7.7606263	0.001998002	3.0500216	486.0	652.0	801.0	AtrialFibrillation	0.004129204133333333
aCM2	6007.0	1000.0	0.000999001	6.795882	0.006993007	3.9644606	3024.0	3847.0	4591.0	AtrialFibrillation	0.004129204133333333
aCM3	735.0	1000.0	0.000999001	6.9753475	0.015984016	2.4737585	290.0	387.0	488.0	AtrialFibrillation	0.004129204133333333
aCM4	2354.0	1000.0	0.000999001	8.810468	0.000999001	4.820902	1467.0	1706.0	1933.0	AtrialFibrillation	0.004129204133333333
unclassified	6441.0	1000.0	0.000999001	15.861547	0.000999001	8.738142	1460.0	1807.0	2181.0	AtrialFibrillation	0.004129204133333333
vCM1	5427.0	1000.0	0.000999001	7.858728	0.000999001	5.1178107	3896.0	4480.0	4917.0	AtrialFibrillation	0.004129204133333333
vCM2	481.0	1000.0	0.000999001	7.5676394	0.025974026	2.1440895	310.0	363.0	400.0	AtrialFibrillation	0.004129204133333333
vCM3_stressed	2807.0	1000.0	0.000999001	6.079598	0.04295704	2.070522	1096.0	1495.0	1895.0	AtrialFibrillation	0.004129204133333333
vCM4	4480.0	1000.0	0.000999001	9.067763	0.001998002	3.6891868	3578.0	3931.0	4183.0	AtrialFibrillation	0.004129204133333333
vCM5	10.0	1000.0	0.001998002	3.581345	0.7332667	-0.28697553	2.0	4.0	6.0	AtrialFibrillation	0.00774225775
AVN_P_cell	155.0	1000.0	0.000999001	6.744443	0.16683316	0.94306475	54.0	78.0	98.0	AtrialFlutter	0.004764466307692308
AVN_bundle_cell	38.0	1000.0	0.002997003	3.952011	0.6593407	-0.31102696	4.0	9.0	14.0	AtrialFlutter	0.013272441857142856
Adip1	1311.0	1000.0	0.6273726	-0.404196	0.001998002	4.476416	1.0	9.0	26.0	AtrialFlutter	0.8103562749999998
Adip2	554.0	1000.0	0.976024	-1.8563864	0.006993007	3.0460114	3.0	5.0	9.0	AtrialFlutter	1.0
Adip3	80.0	1000.0	0.994006	-2.1541696	0.000999001	2.6699374	0.0	0.0	1.0	AtrialFlutter	1.0
B	250.0	1000.0	0.64935064	-0.42985925	0.05294705	1.6607236	0.0	0.0	4.0	AtrialFlutter	0.8216273404081632
B_plasma	117.0	1000.0	0.07092907	1.6142074	0.28771228	0.56212616	2.0	4.0	12.0	AtrialFlutter	0.17838161360000002
CD14+Mo	575.0	1000.0	0.4115884	0.19648077	0.008991009	2.580609	2.0	5.0	18.0	AtrialFlutter	0.6149564771428571
CD16+Mo	1029.0	1000.0	0.3936064	0.2018497	0.001998002	4.521846	5.0	12.0	36.0	AtrialFlutter	0.6149564771428571
CD4+T_act	930.0	1000.0	0.53446555	-0.106031835	0.003996004	2.9056497	0.0	4.0	11.0	AtrialFlutter	0.7203666108695651
CD4+T_naive	897.0	1000.0	0.4125874	0.15372245	0.03696304	1.8868214	1.0	12.0	28.0	AtrialFlutter	0.6149564771428571
CD8+T_cytox	89.0	1000.0	0.4765235	-0.0053335098	0.1928072	0.8930566	0.0	0.0	1.0	AtrialFlutter	0.6565434888888888
CD8+T_em	583.0	1000.0	0.32767233	0.36559147	0.08391608	1.3889629	2.0	6.0	17.0	AtrialFlutter	0.5643245683333333
CD8+T_te	390.0	1000.0	0.6703297	-0.45962352	0.58841157	-0.17854002	0.0	0.0	7.0	AtrialFlutter	0.8312088280000001
CD8+T_trans	699.0	1000.0	0.30669332	0.4506176	0.012987013	2.3122525	2.0	10.0	24.0	AtrialFlutter	0.5432853097142857
DC	167.0	1000.0	0.9000999	-1.2501267	0.6343656	-0.2609455	0.0	1.0	4.0	AtrialFlutter	1.0
EC10_CMC-like	2492.0	1000.0	0.21578422	0.81401896	0.000999001	6.8241906	16.0	44.0	108.0	AtrialFlutter	0.43156844
EC1_cap	739.0	1000.0	0.023976024	2.1101892	0.00999001	2.1568558	8.0	28.0	59.0	AtrialFlutter	0.08744196988235294
EC2_cap	203.0	1000.0	0.032967035	1.868289	0.037962038	1.6543236	7.0	10.0	14.0	AtrialFlutter	0.10757664052631578
EC3_cap	137.0	1000.0	0.03696304	1.817156	0.12887113	1.110498	4.0	6.0	12.0	AtrialFlutter	0.114585424
EC4_immune	1572.0	1000.0	0.28771228	0.55564034	0.000999001	5.0607266	5.0	24.0	61.0	AtrialFlutter	0.5264735105882353
EC5_art	1755.0	1000.0	0.04195804	1.8498069	0.001998002	4.1132555	21.0	52.0	121.0	AtrialFlutter	0.1238761180952381
EC6_ven	2329.0	1000.0	0.44655344	0.11074307	0.005994006	3.8121812	13.0	29.0	65.0	AtrialFlutter	0.6292343927272728
EC7_endocardial	3018.0	1000.0	0.8091908	-0.88185155	0.007992008	3.1395707	2.0	14.0	46.0	AtrialFlutter	0.9814800307692308
EC8_ln	303.0	1000.0	0.41658342	0.14575888	0.12987013	1.1088247	1.0	4.0	9.0	AtrialFlutter	0.6149564771428571
FB1	285.0	1000.0	0.37662336	0.26447073	0.08991009	1.3222141	0.0	2.0	11.0	AtrialFlutter	0.614490745263158
FB2	12538.0	1000.0	1.0	-3.3765774	0.000999001	7.7980494	5.0	19.0	56.0	AtrialFlutter	1.0
FB3	13284.0	1000.0	0.993007	-2.1939797	0.000999001	9.801133	15.0	47.0	134.0	AtrialFlutter	1.0
FB4_activated	12567.0	1000.0	1.0	-2.6455445	0.000999001	7.982445	26.0	57.0	148.0	AtrialFlutter	1.0
FB5	3366.0	1000.0	0.953047	-1.5695382	0.000999001	6.2666674	8.0	19.0	47.0	AtrialFlutter	1.0
FB6	1367.0	1000.0	1.0	-3.1916096	0.000999001	4.5096397	1.0	5.0	12.0	AtrialFlutter	1.0
ILC	38.0	1000.0	0.9210789	-1.2656267	0.45554444	0.21326491	0.0	0.0	0.0	AtrialFlutter	1.0
LYVE1+IGF1+MP	1436.0	1000.0	0.43256745	0.10041994	0.000999001	4.4328766	6.0	16.0	35.0	AtrialFlutter	0.6237019046511628
LYVE1+MP_cycling	642.0	1000.0	0.28871128	0.50755125	0.015984016	2.2302418	3.0	10.0	17.0	AtrialFlutter	0.5264735105882353
LYVE1+TIMD4+MP	9361.0	1000.0	0.8701299	-1.0676168	0.012987013	3.2884893	8.0	36.0	99.0	AtrialFlutter	1.0
MAIT-like	124.0	1000.0	0.1918082	0.8738372	0.2927073	0.5613885	0.0	1.0	6.0	AtrialFlutter	0.4100727034482759
Mast	308.0	1000.0	0.6163836	-0.3928621	0.032967035	1.8782314	0.0	1.0	2.0	AtrialFlutter	0.8103562749999998
Meso	48.0	1000.0	0.12087912	1.1748142	0.54545456	-0.11610952	1.0	2.0	3.0	AtrialFlutter	0.2775742755555556
MoMP	3255.0	1000.0	0.8231768	-0.90459675	0.001998002	4.504727	14.0	24.0	65.0	AtrialFlutter	0.9814800307692308
NC1_glial	1393.0	1000.0	0.021978023	2.593284	0.13986014	1.0539839	39.0	86.0	190.0	AtrialFlutter	0.085164839125
NC2_glial_NGF+	149.0	1000.0	0.17482518	0.9134334	0.006993007	2.2318842	1.0	5.0	7.0	AtrialFlutter	0.38711289857142855
NK_CD16hi	951.0	1000.0	0.26873127	0.6405393	0.004995005	2.7064033	3.0	13.0	39.0	AtrialFlutter	0.520666835625
NK_CD56hi	367.0	1000.0	0.35864136	0.30038956	0.3006993	0.5334796	2.0	10.0	15.0	AtrialFlutter	0.6009666032432432
Neut	20.0	1000.0	0.055944055	1.6627362	0.47452548	0.16691636	1.0	1.0	2.0	AtrialFlutter	0.15766051863636363
PC1_vent	390.0	1000.0	0.101898104	1.3084768	0.38861138	0.30346936	5.0	9.0	23.0	AtrialFlutter	0.24298778646153846
PC2_atria	3958.0	1000.0	0.1988012	0.8549386	0.000999001	6.468299	18.0	58.0	161.0	AtrialFlutter	0.4108558133333334
PC3_str	613.0	1000.0	0.000999001	3.4048657	0.32867134	0.5248536	9.0	35.0	96.0	AtrialFlutter	0.004764466307692308
PC4_CMC-like	10.0	1000.0	0.000999001	4.271685	0.1918082	0.91523206	2.0	3.0	6.0	AtrialFlutter	0.004764466307692308
SAN_P_cell	245.0	1000.0	0.000999001	5.1287856	0.41858143	0.23249607	35.0	69.0	113.0	AtrialFlutter	0.004764466307692308
SMC1_basic	370.0	1000.0	0.004995005	2.930219	0.000999001	3.9591997	7.0	19.0	43.0	AtrialFlutter	0.020646020666666667
SMC2_art	725.0	1000.0	0.064935066	1.5945168	0.001998002	3.2412608	6.0	14.0	46.0	AtrialFlutter	0.17504235182608696
T/NK_cycling	58.0	1000.0	0.030969031	2.0083127	0.64735264	-0.36624527	1.0	3.0	11.0	AtrialFlutter	0.10667110677777777
aCM1	1150.0	1000.0	0.000999001	5.959179	0.07092907	1.472275	173.0	304.0	496.0	AtrialFlutter	0.004764466307692308
aCM2	6007.0	1000.0	0.000999001	5.2834663	0.04295704	2.0905838	931.0	1789.0	3029.0	AtrialFlutter	0.004764466307692308
aCM3	735.0	1000.0	0.000999001	5.75413	0.04195804	1.8273935	116.0	219.0	362.0	AtrialFlutter	0.004764466307692308
aCM4	2354.0	1000.0	0.000999001	7.290733	0.003996004	4.1809072	661.0	1021.0	1447.0	AtrialFlutter	0.004764466307692308
unclassified	6441.0	1000.0	0.000999001	11.111385	0.000999001	8.281384	450.0	775.0	1293.0	AtrialFlutter	0.004764466307692308
vCM1	5427.0	1000.0	0.000999001	5.6106234	0.116883114	1.1764317	994.0	1866.0	3032.0	AtrialFlutter	0.004764466307692308
vCM2	481.0	1000.0	0.000999001	5.2582335	0.58841157	-0.26396647	82.0	161.0	255.0	AtrialFlutter	0.004764466307692308
vCM3_stressed	2807.0	1000.0	0.000999001	5.0445576	0.116883114	1.13118	358.0	695.0	1218.0	AtrialFlutter	0.004764466307692308
vCM4	4480.0	1000.0	0.000999001	6.8340755	0.03996004	1.8830924	1265.0	2056.0	2922.0	AtrialFlutter	0.004764466307692308
vCM5	10.0	1000.0	0.07192807	1.538299	0.20879121	0.7638972	0.0	0.0	2.0	AtrialFlutter	0.17838161360000002
AVN_P_cell	155.0	1000.0	0.02897103	2.0855207	0.7052947	-0.5401877	0.0	0.0	0.0	Brugada	0.14293398923076925
AVN_bundle_cell	38.0	1000.0	0.007992008	2.8629189	0.6213786	-0.24528293	0.0	0.0	0.0	Brugada	0.07078635657142858
Adip1	1311.0	1000.0	0.33666334	0.35563084	0.035964034	2.1876307	0.0	0.0	1.0	Brugada	0.8456927338461538
Adip2	554.0	1000.0	0.45454547	0.0888112	0.007992008	3.3459837	0.0	0.0	0.0	Brugada	0.880681848125
Adip3	80.0	1000.0	0.7922078	-0.8193361	0.27572426	0.64182556	0.0	0.0	0.0	Brugada	0.9747629226229507
B	250.0	1000.0	0.02997003	2.2085462	0.56443554	-0.12505832	0.0	0.0	0.0	Brugada	0.14293398923076925
B_plasma	117.0	1000.0	0.95904094	-1.4427382	0.9190809	-1.422475	0.0	0.0	0.0	Brugada	0.9747629226229507
CD14+Mo	575.0	1000.0	0.45154846	0.07571066	0.31568432	0.47708005	0.0	0.0	0.0	Brugada	0.880681848125
CD16+Mo	1029.0	1000.0	0.35464534	0.36916313	0.5834166	-0.25674257	0.0	0.0	0.0	Brugada	0.8456927338461538
CD4+T_act	930.0	1000.0	0.75424576	-0.7516454	0.35064936	0.3901862	0.0	0.0	0.0	Brugada	0.9747629226229507
CD4+T_naive	897.0	1000.0	0.76123875	-0.7341213	0.033966035	1.7733202	0.0	0.0	0.0	Brugada	0.9747629226229507
CD8+T_cytox	89.0	1000.0	0.33166832	0.37939328	0.4995005	0.09670749	0.0	0.0	0.0	Brugada	0.8456927338461538
CD8+T_em	583.0	1000.0	0.7922078	-0.8333991	0.25474524	0.6837064	0.0	0.0	0.0	Brugada	0.9747629226229507
CD8+T_te	390.0	1000.0	0.8101898	-0.88135356	0.43356642	0.22451289	0.0	0.0	0.0	Brugada	0.9747629226229507
CD8+T_trans	699.0	1000.0	0.94505495	-1.5853579	0.35764235	0.4110465	0.0	0.0	0.0	Brugada	0.9747629226229507
DC	167.0	1000.0	0.3866134	0.22901118	0.87812185	-1.1874746	0.0	0.0	0.0	Brugada	0.880681848125
EC10_CMC-like	2492.0	1000.0	0.8841159	-1.1221824	0.2057942	0.75182384	0.0	0.0	0.0	Brugada	0.9747629226229507
EC1_cap	739.0	1000.0	0.83716285	-0.9386412	0.6023976	-0.25251487	0.0	0.0	0.0	Brugada	0.9747629226229507
EC2_cap	203.0	1000.0	0.72527474	-0.6200048	0.8031968	-0.8401397	0.0	0.0	0.0	Brugada	0.9747629226229507
EC3_cap	137.0	1000.0	0.53746253	-0.09275324	0.6213786	-0.2719741	0.0	0.0	0.0	Brugada	0.9747629226229507
EC4_immune	1572.0	1000.0	0.87812185	-1.0915657	0.12987013	1.0943501	0.0	0.0	0.0	Brugada	0.9747629226229507
EC5_art	1755.0	1000.0	0.8981019	-1.2366459	0.12887113	1.0695066	0.0	0.0	0.0	Brugada	0.9747629226229507
EC6_ven	2329.0	1000.0	0.93606395	-1.3659565	0.07292707	1.5503141	0.0	0.0	1.0	Brugada	0.9747629226229507
EC7_endocardial	3018.0	1000.0	0.76123875	-0.7735385	0.07092907	1.5705237	0.0	0.0	0.0	Brugada	0.9747629226229507
EC8_ln	303.0	1000.0	0.66233766	-0.4939876	0.43656343	0.11823759	0.0	0.0	0.0	Brugada	0.9747629226229507
FB1	285.0	1000.0	0.26773226	0.5834192	0.16483517	0.95195645	0.0	0.0	0.0	Brugada	0.8456927338461538
FB2	12538.0	1000.0	0.8361638	-0.9353396	0.14685315	0.90650564	0.0	0.0	3.0	Brugada	0.9747629226229507
FB3	13284.0	1000.0	0.92007995	-1.4310575	0.000999001	4.7891216	0.0	0.0	2.0	Brugada	0.9747629226229507
FB4_activated	12567.0	1000.0	0.7282717	-0.6246722	0.018981019	2.6953413	0.0	1.0	3.0	Brugada	0.9747629226229507
FB5	3366.0	1000.0	0.81918085	-0.92053825	0.02097902	2.217655	0.0	0.0	2.0	Brugada	0.9747629226229507
FB6	1367.0	1000.0	0.977023	-2.0092483	0.21878122	0.7301358	0.0	0.0	0.0	Brugada	0.977023
ILC	38.0	1000.0	0.85714287	-1.0354198	0.5134865	0.07178783	0.0	0.0	0.0	Brugada	0.9747629226229507
LYVE1+IGF1+MP	1436.0	1000.0	0.5584416	-0.20055369	0.123876125	1.1804022	0.0	0.0	0.0	Brugada	0.9747629226229507
LYVE1+MP_cycling	642.0	1000.0	0.33366632	0.4192635	0.34365633	0.4127711	0.0	0.0	0.0	Brugada	0.8456927338461538
LYVE1+TIMD4+MP	9361.0	1000.0	0.7082917	-0.56036586	0.015984016	2.8971136	0.0	0.0	0.0	Brugada	0.9747629226229507
MAIT-like	124.0	1000.0	0.6203796	-0.327499	0.4855145	0.10363731	0.0	0.0	0.0	Brugada	0.9747629226229507
Mast	308.0	1000.0	0.64935064	-0.49461266	0.9030969	-1.2253444	0.0	0.0	0.0	Brugada	0.9747629226229507
Meso	48.0	1000.0	0.34765235	0.30115804	0.5044955	0.009710273	0.0	0.0	0.0	Brugada	0.8456927338461538
MoMP	3255.0	1000.0	0.7982018	-0.83327556	0.08591408	1.3532443	0.0	0.0	0.0	Brugada	0.9747629226229507
NC1_glial	1393.0	1000.0	0.33966035	0.31102994	0.42657343	0.120850176	0.0	0.0	2.0	Brugada	0.8456927338461538
NC2_glial_NGF+	149.0	1000.0	0.5874126	-0.28956807	0.94705296	-1.7065426	0.0	0.0	0.0	Brugada	0.9747629226229507
NK_CD16hi	951.0	1000.0	0.1998002	0.77970076	0.5904096	-0.2335165	0.0	0.0	0.0	Brugada	0.6882006888888889
NK_CD56hi	367.0	1000.0	0.33566433	0.35558113	0.10689311	1.2257731	0.0	0.0	1.0	Brugada	0.8456927338461538
Neut	20.0	1000.0	0.5044955	-0.096676074	0.63336664	-0.34965044	0.0	0.0	0.0	Brugada	0.9478400303030302
PC1_vent	390.0	1000.0	0.44055945	0.09570023	0.5044955	0.043582037	0.0	0.0	0.0	Brugada	0.880681848125
PC2_atria	3958.0	1000.0	0.5694306	-0.23374347	0.7932068	-0.81899333	0.0	1.0	1.0	Brugada	0.9747629226229507
PC3_str	613.0	1000.0	0.112887114	1.2053583	0.976024	-2.0805295	0.0	0.0	0.0	Brugada	0.4372098494117647
PC4_CMC-like	10.0	1000.0	0.022977022	2.0769525	0.08191808	1.1049026	0.0	0.0	0.0	Brugada	0.1295068512727273
SAN_P_cell	245.0	1000.0	0.015984016	2.384996	0.5314685	-0.044515766	0.0	0.0	0.0	Brugada	0.1052947054
SMC1_basic	370.0	1000.0	0.4235764	0.15111502	0.6363636	-0.3308392	0.0	0.0	1.0	Brugada	0.880681848125
SMC2_art	725.0	1000.0	0.44755244	-0.0021465393	0.43256745	0.10426011	0.0	0.0	0.0	Brugada	0.880681848125
T/NK_cycling	58.0	1000.0	0.11988012	1.2044929	0.49150848	0.13500628	0.0	0.0	0.0	Brugada	0.4372098494117647
aCM1	1150.0	1000.0	0.016983017	2.2299347	0.4855145	0.020699106	0.0	0.0	0.0	Brugada	0.1052947054
aCM2	6007.0	1000.0	0.03996004	1.7841237	0.24575424	0.4385405	0.0	0.0	2.0	Brugada	0.17696589142857144
aCM3	735.0	1000.0	0.006993007	2.7160637	0.066933066	1.5080448	0.0	0.0	2.0	Brugada	0.07078635657142858
aCM4	2354.0	1000.0	0.014985015	2.2176776	0.0989011	1.287793	1.0	2.0	4.0	Brugada	0.1052947054
unclassified	6441.0	1000.0	0.000999001	5.3036027	0.007992008	3.8832333	1.0	4.0	18.0	Brugada	0.030969031
vCM1	5427.0	1000.0	0.000999001	3.7349398	0.026973028	2.2272656	0.0	2.0	28.0	Brugada	0.030969031
vCM2	481.0	1000.0	0.007992008	2.9760556	0.58441556	-0.20819995	0.0	0.0	2.0	Brugada	0.07078635657142858
vCM3_stressed	2807.0	1000.0	0.006993007	2.6101816	0.2747253	0.42628616	1.0	2.0	14.0	Brugada	0.07078635657142858
vCM4	4480.0	1000.0	0.001998002	3.796801	0.23976023	0.56690526	2.0	2.0	28.0	Brugada	0.041292041333333335
vCM5	10.0	1000.0	0.07892108	1.4708555	0.31868133	0.6538564	0.0	0.0	0.0	Brugada	0.3262071306666667
AVN_P_cell	155.0	1000.0	0.0049950052052736	2.8978092670440674	0.0449550449848175	1.7171062231063845	0.0	0.0	1.0	BundleBranchBlock	0.030969032272696317
AVN_bundle_cell	38.0	1000.0	0.0309690311551094	2.0941102504730225	0.521478533744812	0.001912597566843	0.0	0.0	1.0	BundleBranchBlock	0.14769845627821404
Adip1	1311.0	1000.0	0.6313686370849609	-0.4517355859279632	0.0719280689954757	1.6422271728515625	0.0	0.0	1.0	BundleBranchBlock	0.9837828755378725
Adip2	554.0	1000.0	0.6563436388969421	-0.4886620938777923	0.0599400587379932	1.7307881116867063	0.0	0.0	1.0	BundleBranchBlock	0.9837828755378725
Adip3	80.0	1000.0	0.5744255781173706	-0.2021480798721313	0.0079920077696442	2.0856661796569824	0.0	0.0	0.0	BundleBranchBlock	0.9837828755378725
B	250.0	1000.0	0.7202796936035156	-0.6470439434051514	0.692307710647583	-0.4791553616523742	0.0	0.0	0.0	BundleBranchBlock	0.9837828755378725
B_plasma	117.0	1000.0	0.3336663246154785	0.2822917401790619	0.8181818127632141	-0.9253126978874208	0.0	0.0	0.0	BundleBranchBlock	0.7618381500244139
CD14+Mo	575.0	1000.0	0.2727272808551788	0.6004825234413147	0.1078921109437942	1.263145089149475	0.0	0.0	1.0	BundleBranchBlock	0.7618381500244139
CD16+Mo	1029.0	1000.0	0.368631362915039	0.3269972503185272	0.1308691352605819	1.1319713592529297	0.0	0.0	1.0	BundleBranchBlock	0.7618381500244139
CD4+T_act	930.0	1000.0	0.2737262845039367	0.5673936605453491	0.0629370659589767	1.504650354385376	0.0	0.0	2.0	BundleBranchBlock	0.7618381500244139
CD4+T_naive	897.0	1000.0	0.2997002899646759	0.4777345955371856	0.1988012045621872	0.8646613955497742	0.0	0.0	2.0	BundleBranchBlock	0.7618381500244139
CD8+T_cytox	89.0	1000.0	0.1058941036462783	1.2853766679763794	0.3826173841953277	0.392607182264328	0.0	0.0	0.0	BundleBranchBlock	0.46895960186208957
CD8+T_em	583.0	1000.0	0.2707292735576629	0.5843046307563782	0.3746253848075866	0.362964779138565	0.0	0.0	0.0	BundleBranchBlock	0.7618381500244139
CD8+T_te	390.0	1000.0	0.3186813294887543	0.4299889802932739	0.1878121942281723	0.9038401246070862	0.0	0.0	0.0	BundleBranchBlock	0.7618381500244139
CD8+T_trans	699.0	1000.0	0.3656343519687652	0.3203946352005005	0.6143856048583984	-0.3050019145011902	0.0	0.0	0.0	BundleBranchBlock	0.7618381500244139
DC	167.0	1000.0	0.9520479440689088	-1.59138023853302	0.5944055914878845	-0.1970775425434112	0.0	0.0	0.0	BundleBranchBlock	0.9837828755378725
EC10_CMC-like	2492.0	1000.0	0.9090909361839294	-1.2651492357254028	0.0239760242402553	2.332265138626098	0.0	0.0	1.0	BundleBranchBlock	0.9837828755378725
EC1_cap	739.0	1000.0	0.8511488437652588	-1.0293160676956177	0.6753246784210205	-0.4633771479129791	0.0	0.0	0.0	BundleBranchBlock	0.9837828755378725
EC2_cap	203.0	1000.0	0.7812187671661377	-0.7824395895004272	0.6283716559410095	-0.2728745937347412	0.0	0.0	0.0	BundleBranchBlock	0.9837828755378725
EC3_cap	137.0	1000.0	0.8511488437652588	-1.0675432682037354	0.2717282772064209	0.6823126077651978	0.0	0.0	0.0	BundleBranchBlock	0.9837828755378725
EC4_immune	1572.0	1000.0	0.9060938954353333	-1.1942284107208252	0.6653346419334412	-0.4205787777900696	0.0	0.0	0.0	BundleBranchBlock	0.9837828755378725
EC5_art	1755.0	1000.0	0.8551448583602905	-1.0369285345077517	0.0379620380699634	1.7818281650543213	0.0	0.0	1.0	BundleBranchBlock	0.9837828755378725
EC6_ven	2329.0	1000.0	0.9440559148788452	-1.4850555658340454	0.3926073908805847	0.1892621368169784	0.0	0.0	1.0	BundleBranchBlock	0.9837828755378725
EC7_endocardial	3018.0	1000.0	0.8361638188362122	-0.9834504723548888	0.1948051899671554	0.7404118776321411	0.0	0.0	0.0	BundleBranchBlock	0.9837828755378725
EC8_ln	303.0	1000.0	0.8481518626213074	-0.9890463948249816	0.4925074875354767	0.0395806990563869	0.0	0.0	0.0	BundleBranchBlock	0.9837828755378725
FB1	285.0	1000.0	0.5264735221862793	-0.0879452750086784	0.3126873075962066	0.5405972599983215	0.0	0.0	0.0	BundleBranchBlock	0.9600399522220388
FB2	12538.0	1000.0	0.8581418395042419	-1.068812608718872	0.1638361662626266	0.8205111622810364	0.0	0.0	8.0	BundleBranchBlock	0.9837828755378725
FB3	13284.0	1000.0	0.9080919027328492	-1.3359335660934448	0.0049950052052736	3.810600280761719	0.0	0.0	8.0	BundleBranchBlock	0.9837828755378725
FB4_activated	12567.0	1000.0	0.9400599598884584	-1.556881070137024	0.0209790207445621	2.515571594238281	0.0	0.0	5.0	BundleBranchBlock	0.9837828755378725
FB5	3366.0	1000.0	0.6703296899795532	-0.4589620232582092	0.0099900104105472	2.609036922454834	0.0	0.0	3.0	BundleBranchBlock	0.9837828755378725
FB6	1367.0	1000.0	0.982017993927002	-2.0466649532318115	0.0979020968079567	1.3296658992767334	0.0	0.0	0.0	BundleBranchBlock	0.9950050115585328
ILC	38.0	1000.0	0.9950050115585328	-2.31223726272583	0.2547452449798584	0.7170372605323792	0.0	0.0	0.0	BundleBranchBlock	0.9950050115585328
LYVE1+IGF1+MP	1436.0	1000.0	0.8501498699188232	-1.0126234292984009	0.0279720276594162	2.0918869972229004	0.0	0.0	0.0	BundleBranchBlock	0.9837828755378725
LYVE1+MP_cycling	642.0	1000.0	0.710289716720581	-0.5532669425010681	0.2107892036437988	0.8574748039245605	0.0	0.0	0.0	BundleBranchBlock	0.9837828755378725
LYVE1+TIMD4+MP	9361.0	1000.0	0.9070929288864136	-1.2894368171691897	0.0629370659589767	1.703562617301941	0.0	0.0	2.0	BundleBranchBlock	0.9837828755378725
MAIT-like	124.0	1000.0	0.368631362915039	0.33056640625	0.4235764145851135	0.2947954833507538	0.0	0.0	0.0	BundleBranchBlock	0.7618381500244139
Mast	308.0	1000.0	0.2277722209692001	0.670750617980957	0.7972028255462646	-0.8376467823982239	0.0	0.0	0.0	BundleBranchBlock	0.7618381500244139
Meso	48.0	1000.0	0.7002996802330017	-0.5639581084251404	0.4115884006023407	0.2205794006586074	0.0	0.0	0.0	BundleBranchBlock	0.9837828755378725
MoMP	3255.0	1000.0	0.8851149082183838	-1.173156499862671	0.0149850146844983	2.6332802772521973	0.0	0.0	1.0	BundleBranchBlock	0.9837828755378725
NC1_glial	1393.0	1000.0	0.4175824224948883	0.0976088717579841	0.0969031006097793	1.3220579624176023	0.0	0.0	1.0	BundleBranchBlock	0.8351648449897766
NC2_glial_NGF+	149.0	1000.0	0.5784215927124023	-0.245808869600296	0.2357642352581024	0.7669466733932495	0.0	0.0	1.0	BundleBranchBlock	0.9837828755378725
NK_CD16hi	951.0	1000.0	0.2987012863159179	0.481954962015152	0.92107892036438	-1.3634079694747925	0.0	0.0	3.0	BundleBranchBlock	0.7618381500244139
NK_CD56hi	367.0	1000.0	0.8311688303947449	-0.9284627437591552	0.6233766078948975	-0.253249317407608	0.0	0.0	1.0	BundleBranchBlock	0.9837828755378725
Neut	20.0	1000.0	0.5164835453033447	-0.1423193216323852	0.9810189604759216	-2.156243801116944	0.0	0.0	0.0	BundleBranchBlock	0.9600399522220388
PC1_vent	390.0	1000.0	0.4935064911842346	-0.0584497712552547	0.3106893002986908	0.4960750639438629	0.0	0.0	0.0	BundleBranchBlock	0.9561688266694546
PC2_atria	3958.0	1000.0	0.6033965945243835	-0.2703749239444732	0.0559440553188324	1.7535277605056765	0.0	0.0	4.0	BundleBranchBlock	0.9837828755378725
PC3_str	613.0	1000.0	0.2237762212753296	0.7107627987861633	0.6273726224899292	-0.2795672416687011	1.0	1.0	3.0	BundleBranchBlock	0.7618381500244139
PC4_CMC-like	10.0	1000.0	0.1848151832818985	0.8825817704200745	0.388611376285553	0.3267755508422851	0.0	0.0	0.0	BundleBranchBlock	0.7618381500244139
SAN_P_cell	245.0	1000.0	0.001998001942411	3.2008771896362305	0.6733266711235046	-0.3838953971862793	0.0	0.0	9.0	BundleBranchBlock	0.023226773482747223
SMC1_basic	370.0	1000.0	0.251748263835907	0.6081611514091492	0.0609390623867511	1.5082240104675293	0.0	0.0	2.0	BundleBranchBlock	0.7618381500244139
SMC2_art	725.0	1000.0	0.2437562495470047	0.6552178263664246	0.1198801174759864	1.089888095855713	0.0	0.0	1.0	BundleBranchBlock	0.7618381500244139
T/NK_cycling	58.0	1000.0	0.0289710294455289	1.9588077068328855	0.3626373708248138	0.4125106334686279	0.0	0.0	0.0	BundleBranchBlock	0.14769845627821404
aCM1	1150.0	1000.0	0.0029970030300319	3.3480184078216557	0.1958041936159134	0.868534505367279	0.0	0.0	17.0	BundleBranchBlock	0.023226773482747223
aCM2	6007.0	1000.0	0.0099900104105472	2.5554962158203125	0.1248751282691955	1.0792053937911987	0.0	0.0	39.0	BundleBranchBlock	0.0563073314049024
aCM3	735.0	1000.0	0.0029970030300319	3.2725157737731934	0.2347652316093444	0.6555471420288086	1.0	1.0	15.0	BundleBranchBlock	0.023226773482747223
aCM4	2354.0	1000.0	0.001998001942411	3.632904529571533	0.5884115695953369	-0.281812459230423	1.0	1.0	47.0	BundleBranchBlock	0.023226773482747223
unclassified	6441.0	1000.0	0.0009990009712055	5.6533684730529785	0.0009990009712055	6.096290588378906	0.0	3.0	51.0	BundleBranchBlock	0.020646020071580333
vCM1	5427.0	1000.0	0.0009990009712055	3.473869800567627	0.0629370659589767	1.6975566148757937	0.0	1.0	92.0	BundleBranchBlock	0.020646020071580333
vCM2	481.0	1000.0	0.0049950052052736	3.001171827316284	0.0959040969610214	1.2363479137420654	0.0	0.0	7.0	BundleBranchBlock	0.030969032272696317
vCM3_stressed	2807.0	1000.0	0.0029970030300319	3.4021449089050293	0.0339660346508026	2.1920735836029053	2.0	2.0	60.0	BundleBranchBlock	0.023226773482747223
vCM4	4480.0	1000.0	0.0009990009712055	3.938167572021485	0.5284715294837952	-0.1553196907043457	0.0	1.0	142.0	BundleBranchBlock	0.020646020071580333
vCM5	10.0	1000.0	0.3646353781223297	0.3224754631519317	0.3026973009109497	0.8658542037010193	0.0	0.0	0.0	BundleBranchBlock	0.7618381500244139
AVN_P_cell	155.0	1000.0	0.04695305	1.855274	0.24375625	0.69919306	0.0	0.0	0.0	EducationalAttainment	0.20793493571428573
AVN_bundle_cell	38.0	1000.0	0.13486513	1.1013576	0.2847153	0.63282436	0.0	0.0	0.0	EducationalAttainment	0.36646688749999995
Adip1	1311.0	1000.0	0.04295704	1.8943102	0.021978023	2.8234131	2.0	2.0	3.0	EducationalAttainment	0.20793493571428573
Adip2	554.0	1000.0	0.060939062	1.5379417	0.001998002	3.492065	0.0	0.0	3.0	EducationalAttainment	0.23613886525
Adip3	80.0	1000.0	0.95204794	-1.5607779	0.5424575	-0.024863098	0.0	0.0	0.0	EducationalAttainment	0.99000996
B	250.0	1000.0	0.000999001	3.4546168	0.45854145	0.18015042	0.0	0.0	2.0	EducationalAttainment	0.020646020666666667
B_plasma	117.0	1000.0	0.003996004	3.260659	0.016983017	1.876857	0.0	0.0	0.0	EducationalAttainment	0.041292041333333335
CD14+Mo	575.0	1000.0	0.21278721	0.8451427	0.15184815	1.004169	0.0	0.0	1.0	EducationalAttainment	0.4189927723529412
CD16+Mo	1029.0	1000.0	0.22977023	0.7353964	0.6503497	-0.4168435	0.0	0.0	0.0	EducationalAttainment	0.4189927723529412
CD4+T_act	930.0	1000.0	0.2027972	0.7538399	0.95004994	-1.5926194	0.0	0.0	0.0	EducationalAttainment	0.4189927723529412
CD4+T_naive	897.0	1000.0	0.1878122	0.85171956	0.35964036	0.38073486	0.0	0.0	0.0	EducationalAttainment	0.4189927723529412
CD8+T_cytox	89.0	1000.0	0.57042956	-0.2321725	0.3206793	0.509487	0.0	0.0	0.0	EducationalAttainment	0.7160039744000001
CD8+T_em	583.0	1000.0	0.23976023	0.6521455	0.35064936	0.38876098	0.0	0.0	1.0	EducationalAttainment	0.4247181217142857
CD8+T_te	390.0	1000.0	0.42557442	0.084688835	0.6433566	-0.35484722	0.0	0.0	0.0	EducationalAttainment	0.5996730463636364
CD8+T_trans	699.0	1000.0	0.53746253	-0.131461	0.7872128	-0.7817696	0.0	0.0	0.0	EducationalAttainment	0.6942224345833333
DC	167.0	1000.0	0.04295704	1.8512965	0.18481518	0.9060964	0.0	0.0	0.0	EducationalAttainment	0.20793493571428573
EC10_CMC-like	2492.0	1000.0	0.20479521	0.7392753	0.1878122	0.80696976	0.0	0.0	5.0	EducationalAttainment	0.4189927723529412
EC1_cap	739.0	1000.0	0.2967033	0.47268668	0.051948052	1.5624012	0.0	0.0	0.0	EducationalAttainment	0.4716821692307692
EC2_cap	203.0	1000.0	0.32667333	0.42727178	0.49150848	0.06255683	0.0	0.0	0.0	EducationalAttainment	0.49550449902439025
EC3_cap	137.0	1000.0	0.64735264	-0.41668355	0.72727275	-0.4824766	0.0	0.0	0.0	EducationalAttainment	0.766629613962264
EC4_immune	1572.0	1000.0	0.8221778	-0.9004424	0.65834165	-0.42537898	0.0	0.0	0.0	EducationalAttainment	0.9102682785714286
EC5_art	1755.0	1000.0	0.46553448	0.030068332	0.7942058	-0.7660813	0.0	0.0	0.0	EducationalAttainment	0.627459516521739
EC6_ven	2329.0	1000.0	0.12787212	1.1787341	0.1958042	0.7082151	1.0	1.0	2.0	EducationalAttainment	0.36646688749999995
EC7_endocardial	3018.0	1000.0	0.57742256	-0.23485498	0.3216783	0.3107021	0.0	0.0	1.0	EducationalAttainment	0.7160039744000001
EC8_ln	303.0	1000.0	0.14085914	1.0824723	0.10689311	1.237299	0.0	0.0	0.0	EducationalAttainment	0.36646688749999995
FB1	285.0	1000.0	0.984016	-2.0351498	0.8811189	-1.2103025	0.0	0.0	0.0	EducationalAttainment	0.99000996
FB2	12538.0	1000.0	0.8951049	-1.2897723	0.6053946	-0.36651036	0.0	0.0	1.0	EducationalAttainment	0.9736228736842105
FB3	13284.0	1000.0	0.985015	-1.9615377	0.3026973	0.3969936	0.0	0.0	2.0	EducationalAttainment	0.99000996
FB4_activated	12567.0	1000.0	0.99000996	-2.1331792	0.3046953	0.33436698	0.0	0.0	0.0	EducationalAttainment	0.99000996
FB5	3366.0	1000.0	0.7892108	-0.7668872	0.123876125	1.1628633	0.0	0.0	1.0	EducationalAttainment	0.889655810909091
FB6	1367.0	1000.0	0.9140859	-1.3520408	0.6073926	-0.28293157	0.0	0.0	0.0	EducationalAttainment	0.9771263068965518
ILC	38.0	1000.0	0.08991009	1.3895932	0.27572426	0.63426363	0.0	0.0	0.0	EducationalAttainment	0.30969030999999997
LYVE1+IGF1+MP	1436.0	1000.0	0.42457542	0.11177881	0.34665334	0.34175768	0.0	0.0	0.0	EducationalAttainment	0.5996730463636364
LYVE1+MP_cycling	642.0	1000.0	0.043956045	1.8336557	0.7582418	-0.73788464	0.0	0.0	1.0	EducationalAttainment	0.20793493571428573
LYVE1+TIMD4+MP	9361.0	1000.0	0.73626375	-0.65574867	0.23576424	0.5251524	0.0	0.0	1.0	EducationalAttainment	0.8453398611111111
MAIT-like	124.0	1000.0	0.21778221	0.7591012	0.5654346	-0.06752498	0.0	0.0	0.0	EducationalAttainment	0.4189927723529412
Mast	308.0	1000.0	0.05794206	1.6398339	0.014985015	2.2181973	0.0	0.0	1.0	EducationalAttainment	0.23613886525
Meso	48.0	1000.0	0.22377622	0.7436601	0.051948052	1.6352097	0.0	0.0	0.0	EducationalAttainment	0.4189927723529412
MoMP	3255.0	1000.0	0.65534467	-0.4643621	0.37662336	0.16582184	0.0	0.0	1.0	EducationalAttainment	0.766629613962264
NC1_glial	1393.0	1000.0	0.000999001	4.465662	0.004995005	3.6104627	6.0	8.0	50.0	EducationalAttainment	0.020646020666666667
NC2_glial_NGF+	149.0	1000.0	0.002997003	3.630607	0.3846154	0.30044436	0.0	1.0	2.0	EducationalAttainment	0.0371628372
NK_CD16hi	951.0	1000.0	0.43956044	0.1427581	0.38161838	0.22636893	0.0	0.0	0.0	EducationalAttainment	0.6056166062222222
NK_CD56hi	367.0	1000.0	0.4005994	0.25066656	0.21978022	0.82735777	0.0	0.0	0.0	EducationalAttainment	0.591361019047619
Neut	20.0	1000.0	0.5104895	-0.105934635	0.27172828	0.6952158	0.0	0.0	0.0	EducationalAttainment	0.6734116808510638
PC1_vent	390.0	1000.0	0.22377622	0.71456546	0.09090909	1.3006966	0.0	0.0	0.0	EducationalAttainment	0.4189927723529412
PC2_atria	3958.0	1000.0	0.5994006	-0.31496617	0.3096903	0.41109845	0.0	0.0	1.0	EducationalAttainment	0.7286830823529411
PC3_str	613.0	1000.0	0.32767233	0.44311914	0.63736266	-0.35064825	0.0	0.0	0.0	EducationalAttainment	0.49550449902439025
PC4_CMC-like	10.0	1000.0	0.14185815	1.1500198	0.9100899	-1.6549197	0.0	0.0	0.0	EducationalAttainment	0.36646688749999995
SAN_P_cell	245.0	1000.0	0.000999001	4.312558	0.22777222	0.802322	0.0	2.0	9.0	EducationalAttainment	0.020646020666666667
SMC1_basic	370.0	1000.0	0.10889111	1.230252	0.75424576	-0.67690814	0.0	0.0	1.0	EducationalAttainment	0.35532888526315787
SMC2_art	725.0	1000.0	0.15484515	0.9375618	0.2107892	0.75759363	0.0	0.0	0.0	EducationalAttainment	0.3811573284615385
T/NK_cycling	58.0	1000.0	0.28171828	0.5254026	0.7992008	-0.77264917	0.0	0.0	0.0	EducationalAttainment	0.4596456147368421
aCM1	1150.0	1000.0	0.006993007	2.7429693	0.061938062	1.5430483	0.0	0.0	7.0	EducationalAttainment	0.061938062
aCM2	6007.0	1000.0	0.001998002	3.3895602	0.15784216	0.8632031	2.0	4.0	57.0	EducationalAttainment	0.030969031
aCM3	735.0	1000.0	0.06993007	1.5519935	0.2947053	0.4951832	0.0	0.0	2.0	EducationalAttainment	0.25503907882352944
aCM4	2354.0	1000.0	0.007992008	2.6646912	0.024975024	2.1088839	2.0	2.0	20.0	EducationalAttainment	0.061938062
unclassified	6441.0	1000.0	0.012987013	2.9802046	0.023976024	2.5558836	6.0	6.0	26.0	EducationalAttainment	0.08946608955555556
vCM1	5427.0	1000.0	0.116883114	1.2004769	0.28971028	0.44014636	0.0	0.0	1.0	EducationalAttainment	0.36233765339999996
vCM2	481.0	1000.0	0.035964034	1.8222191	0.76323676	-0.7689415	0.0	0.0	0.0	EducationalAttainment	0.20793493571428573
vCM3_stressed	2807.0	1000.0	0.24675325	0.63381064	0.044955045	1.829149	0.0	0.0	0.0	EducationalAttainment	0.42496393055555554
vCM4	4480.0	1000.0	0.15984017	1.0101243	0.8021978	-0.8009671	0.0	0.0	4.0	EducationalAttainment	0.3811573284615385
vCM5	10.0	1000.0	0.28171828	0.55639994	0.98101896	-4.312122	0.0	0.0	0.0	EducationalAttainment	0.4596456147368421
AVN_P_cell	155.0	1000.0	0.000999001	5.430087	0.000999001	3.4042017	2.0	7.0	36.0	HRV_RMSSD	0.008848294571428572
AVN_bundle_cell	38.0	1000.0	0.005994006	3.2288616	0.13986014	1.112546	0.0	0.0	3.0	HRV_RMSSD	0.03378439745454545
Adip1	1311.0	1000.0	0.8811189	-1.0431426	0.08691309	1.5287089	0.0	0.0	3.0	HRV_RMSSD	0.9932613054545455
Adip2	554.0	1000.0	0.988012	-1.901917	0.007992008	2.990505	0.0	0.0	2.0	HRV_RMSSD	1.0
Adip3	80.0	1000.0	0.971029	-1.8422432	0.005994006	2.1461	0.0	0.0	0.0	HRV_RMSSD	1.0
B	250.0	1000.0	0.08091908	1.3998146	0.4225774	0.20699522	0.0	0.0	3.0	HRV_RMSSD	0.20904095666666667
B_plasma	117.0	1000.0	0.034965035	2.1240826	0.6183816	-0.2919431	0.0	0.0	4.0	HRV_RMSSD	0.16675632076923078
CD14+Mo	575.0	1000.0	0.07292707	1.4864945	0.35764235	0.36771697	0.0	0.0	7.0	HRV_RMSSD	0.2046649005217391
CD16+Mo	1029.0	1000.0	0.15184815	1.0221965	0.013986014	2.3767908	0.0	0.0	9.0	HRV_RMSSD	0.29420579062499996
CD4+T_act	930.0	1000.0	0.24475524	0.6539774	0.0979021	1.2604414	0.0	0.0	6.0	HRV_RMSSD	0.37937062200000005
CD4+T_naive	897.0	1000.0	0.06393606	1.5318818	0.12787212	1.1422952	1.0	2.0	8.0	HRV_RMSSD	0.2046649005217391
CD8+T_cytox	89.0	1000.0	0.07492507	1.4551963	0.962038	-1.8516062	0.0	0.0	0.0	HRV_RMSSD	0.2046649005217391
CD8+T_em	583.0	1000.0	0.10689311	1.255399	0.30669332	0.53582716	0.0	0.0	6.0	HRV_RMSSD	0.24545825259259257
CD8+T_te	390.0	1000.0	0.2067932	0.8532146	0.8881119	-1.2623507	0.0	0.0	1.0	HRV_RMSSD	0.35614384444444447
CD8+T_trans	699.0	1000.0	0.15684316	0.9858889	0.57942057	-0.21461213	0.0	1.0	8.0	HRV_RMSSD	0.2946750278787879
DC	167.0	1000.0	0.28171828	0.5388765	0.050949052	1.5311606	0.0	0.0	1.0	HRV_RMSSD	0.4260130087804878
EC10_CMC-like	2492.0	1000.0	0.22977023	0.6766484	0.00999001	2.7530906	0.0	3.0	20.0	HRV_RMSSD	0.37814818105263154
EC1_cap	739.0	1000.0	0.0939061	1.3945739	0.33766234	0.43351376	0.0	2.0	10.0	HRV_RMSSD	0.2239299307692308
EC2_cap	203.0	1000.0	0.112887114	1.2602919	0.36963037	0.39076903	0.0	0.0	2.0	HRV_RMSSD	0.24996432385714287
EC3_cap	137.0	1000.0	0.07192807	1.5333112	0.15384616	1.031934	0.0	0.0	1.0	HRV_RMSSD	0.2046649005217391
EC4_immune	1572.0	1000.0	0.4955045	-0.057602458	0.054945055	1.5573992	0.0	0.0	4.0	HRV_RMSSD	0.685447888888889
EC5_art	1755.0	1000.0	0.23176824	0.68410265	0.018981019	2.225596	0.0	3.0	18.0	HRV_RMSSD	0.37814818105263154
EC6_ven	2329.0	1000.0	0.4975025	-0.04126839	0.037962038	1.9133708	0.0	2.0	9.0	HRV_RMSSD	0.685447888888889
EC7_endocardial	3018.0	1000.0	0.94105893	-1.4088286	0.0999001	1.3547564	0.0	0.0	2.0	HRV_RMSSD	1.0
EC8_ln	303.0	1000.0	0.08891109	1.453835	0.4125874	0.25970343	0.0	0.0	2.0	HRV_RMSSD	0.2204995032
FB1	285.0	1000.0	0.4885115	-0.020853322	0.07692308	1.4151559	0.0	0.0	2.0	HRV_RMSSD	0.685447888888889
FB2	12538.0	1000.0	0.999001	-2.5301988	0.000999001	5.067626	0.0	2.0	15.0	HRV_RMSSD	1.0
FB3	13284.0	1000.0	1.0	-3.4944646	0.001998002	6.211366	0.0	1.0	9.0	HRV_RMSSD	1.0
FB4_activated	12567.0	1000.0	0.975025	-1.8373362	0.010989011	3.4323924	0.0	5.0	32.0	HRV_RMSSD	1.0
FB5	3366.0	1000.0	0.76423573	-0.73614424	0.000999001	3.8042839	0.0	1.0	14.0	HRV_RMSSD	0.9159686250000001
FB6	1367.0	1000.0	1.0	-3.693954	0.04195804	1.7590854	0.0	1.0	1.0	HRV_RMSSD	1.0
ILC	38.0	1000.0	0.67832166	-0.4857745	0.5804196	-0.09208773	0.0	0.0	0.0	HRV_RMSSD	0.8761654775
LYVE1+IGF1+MP	1436.0	1000.0	0.6183816	-0.3315212	0.12887113	1.1611176	0.0	0.0	5.0	HRV_RMSSD	0.8157374297872341
LYVE1+MP_cycling	642.0	1000.0	0.24375625	0.62447494	0.22477522	0.72821724	0.0	0.0	4.0	HRV_RMSSD	0.37937062200000005
LYVE1+TIMD4+MP	9361.0	1000.0	0.85814184	-1.0532974	0.24375625	0.5553212	0.0	0.0	5.0	HRV_RMSSD	0.9852739644444445
MAIT-like	124.0	1000.0	0.075924076	1.5462494	0.964036	-1.9204897	0.0	0.0	2.0	HRV_RMSSD	0.2046649005217391
Mast	308.0	1000.0	0.32667333	0.34091842	0.46053946	0.124268465	0.0	0.0	4.0	HRV_RMSSD	0.48223205857142853
Meso	48.0	1000.0	0.7172827	-0.5694008	0.056943055	1.5329162	0.0	0.0	0.0	HRV_RMSSD	0.8894305480000001
MoMP	3255.0	1000.0	0.7912088	-0.8309972	0.34365633	0.31707907	0.0	0.0	10.0	HRV_RMSSD	0.9255650113207547
NC1_glial	1393.0	1000.0	0.060939062	1.6838158	0.4225774	0.13998397	0.0	7.0	33.0	HRV_RMSSD	0.2046649005217391
NC2_glial_NGF+	149.0	1000.0	0.13886113	1.0741851	0.3036963	0.53370553	0.0	0.0	2.0	HRV_RMSSD	0.28697966866666663
NK_CD16hi	951.0	1000.0	0.05294705	1.764893	0.36063936	0.3298853	0.0	0.0	18.0	HRV_RMSSD	0.2046649005217391
NK_CD56hi	367.0	1000.0	0.064935066	1.5938914	0.8751249	-1.1484531	0.0	0.0	2.0	HRV_RMSSD	0.2046649005217391
Neut	20.0	1000.0	0.6933067	-0.53041184	0.27572426	0.6576136	0.0	0.0	0.0	HRV_RMSSD	0.877245212244898
PC1_vent	390.0	1000.0	0.17482518	0.8820065	0.4215784	0.24411947	0.0	1.0	2.0	HRV_RMSSD	0.31879885764705884
PC2_atria	3958.0	1000.0	0.76823175	-0.73392856	0.006993007	3.6287076	0.0	1.0	15.0	HRV_RMSSD	0.9159686250000001
PC3_str	613.0	1000.0	0.056943055	1.6026498	0.002997003	3.3120956	0.0	0.0	3.0	HRV_RMSSD	0.2046649005217391
PC4_CMC-like	10.0	1000.0	0.18681319	0.9063047	0.66733265	-0.26730993	0.0	0.0	0.0	HRV_RMSSD	0.3309262222857143
SAN_P_cell	245.0	1000.0	0.000999001	6.585	0.58841157	-0.20918868	1.0	17.0	57.0	HRV_RMSSD	0.008848294571428572
SMC1_basic	370.0	1000.0	0.016983017	2.4698167	0.46353647	0.10498054	0.0	0.0	4.0	HRV_RMSSD	0.08774558783333332
SMC2_art	725.0	1000.0	0.56643355	-0.24128051	0.57942057	-0.22999641	0.0	0.0	2.0	HRV_RMSSD	0.7634539152173913
T/NK_cycling	58.0	1000.0	0.12887113	1.1068147	0.56843156	-0.05850854	0.0	0.0	1.0	HRV_RMSSD	0.2755175882758621
aCM1	1150.0	1000.0	0.000999001	4.7870984	0.16583416	0.971224	2.0	15.0	95.0	HRV_RMSSD	0.008848294571428572
aCM2	6007.0	1000.0	0.000999001	4.947427	0.07692308	1.6110576	7.0	118.0	834.0	HRV_RMSSD	0.008848294571428572
aCM3	735.0	1000.0	0.002997003	3.667498	0.012987013	2.1550498	2.0	10.0	37.0	HRV_RMSSD	0.0185814186
aCM4	2354.0	1000.0	0.000999001	5.4556727	0.000999001	4.497299	7.0	67.0	347.0	HRV_RMSSD	0.008848294571428572
unclassified	6441.0	1000.0	0.001998002	4.512377	0.000999001	5.916343	0.0	13.0	129.0	HRV_RMSSD	0.013764013777777778
vCM1	5427.0	1000.0	0.000999001	3.5391107	0.012987013	2.545715	3.0	29.0	288.0	HRV_RMSSD	0.008848294571428572
vCM2	481.0	1000.0	0.001998002	3.4366283	0.002997003	3.0552227	0.0	2.0	27.0	HRV_RMSSD	0.013764013777777778
vCM3_stressed	2807.0	1000.0	0.15184815	1.0678598	0.04995005	1.9278706	1.0	2.0	28.0	HRV_RMSSD	0.29420579062499996
vCM4	4480.0	1000.0	0.000999001	3.9905481	0.000999001	4.393187	2.0	43.0	357.0	HRV_RMSSD	0.008848294571428572
vCM5	10.0	1000.0	0.05994006	1.6019253	0.22877122	0.8464631	0.0	0.0	0.0	HRV_RMSSD	0.2046649005217391
AVN_P_cell	155.0	1000.0	0.000999001	3.8851523	0.003996004	2.5218942	0.0	0.0	0.0	HRV_RMSSDc	0.020646020666666667
AVN_bundle_cell	38.0	1000.0	0.02097902	2.3247592	0.07492507	1.390624	0.0	0.0	0.0	HRV_RMSSDc	0.18581417714285717
Adip1	1311.0	1000.0	0.985015	-1.7775173	0.46753246	-0.11471733	0.0	0.0	0.0	HRV_RMSSDc	1.0
Adip2	554.0	1000.0	0.997003	-2.1287847	0.2917083	0.39621028	0.0	0.0	0.0	HRV_RMSSDc	1.0
Adip3	80.0	1000.0	0.94005996	-1.4309887	0.010989011	1.9229739	0.0	0.0	0.0	HRV_RMSSDc	1.0
B	250.0	1000.0	0.043956045	1.9760665	0.37462538	0.3963002	0.0	0.0	0.0	HRV_RMSSDc	0.27252747899999996
B_plasma	117.0	1000.0	0.16783217	0.81762356	0.5804196	-0.13797814	0.0	0.0	0.0	HRV_RMSSDc	0.40374441333333333
CD14+Mo	575.0	1000.0	0.08491509	1.4163426	0.91808194	-1.4667054	0.0	0.0	0.0	HRV_RMSSDc	0.31333370352941176
CD16+Mo	1029.0	1000.0	0.15384616	1.0321237	0.2967033	0.5425488	0.0	0.0	0.0	HRV_RMSSDc	0.40259738749999996
CD4+T_act	930.0	1000.0	0.35464534	0.26250112	0.65834165	-0.38756976	0.0	0.0	0.0	HRV_RMSSDc	0.5264735166666666
CD4+T_naive	897.0	1000.0	0.09290709	1.3269831	0.34565434	0.41350034	0.0	0.0	0.0	HRV_RMSSDc	0.32001331
CD8+T_cytox	89.0	1000.0	0.04995005	1.7186664	0.9280719	-1.5861841	0.0	0.0	0.0	HRV_RMSSDc	0.28153664545454543
CD8+T_em	583.0	1000.0	0.22977023	0.7257514	0.54545456	-0.13670741	0.0	0.0	0.0	HRV_RMSSDc	0.42445790823529406
CD8+T_te	390.0	1000.0	0.26873127	0.5366135	0.91608393	-1.4617219	0.0	0.0	0.0	HRV_RMSSDc	0.45030645243243245
CD8+T_trans	699.0	1000.0	0.15584415	0.91139084	0.87112886	-1.1215504	0.0	0.0	0.0	HRV_RMSSDc	0.40259738749999996
DC	167.0	1000.0	0.26673326	0.615664	0.25574425	0.668564	0.0	0.0	0.0	HRV_RMSSDc	0.45030645243243245
EC10_CMC-like	2492.0	1000.0	0.15184815	1.0614185	0.2107892	0.7121721	0.0	0.0	0.0	HRV_RMSSDc	0.40259738749999996
EC1_cap	739.0	1000.0	0.06393606	1.6101661	0.9480519	-1.6640487	0.0	0.0	0.0	HRV_RMSSDc	0.28314540857142856
EC2_cap	203.0	1000.0	0.35664335	0.33718637	0.53646356	-0.049537364	0.0	0.0	0.0	HRV_RMSSDc	0.5264735166666666
EC3_cap	137.0	1000.0	0.0989011	1.2585174	0.5744256	-0.09771628	0.0	0.0	0.0	HRV_RMSSDc	0.3227299052631579
EC4_immune	1572.0	1000.0	0.33566433	0.38817662	0.9370629	-1.4257725	0.0	0.0	0.0	HRV_RMSSDc	0.5202797115
EC5_art	1755.0	1000.0	0.2997003	0.48997718	0.3756244	0.23115526	0.0	0.0	0.0	HRV_RMSSDc	0.4764466307692308
EC6_ven	2329.0	1000.0	0.24975026	0.628148	0.3996004	0.10961176	0.0	0.0	0.0	HRV_RMSSDc	0.4424147462857143
EC7_endocardial	3018.0	1000.0	0.7872128	-0.7874551	0.12787212	1.0461607	0.0	0.0	0.0	HRV_RMSSDc	0.9336589185185185
EC8_ln	303.0	1000.0	0.060939062	1.66716	0.0979021	1.24998	0.0	0.0	0.0	HRV_RMSSDc	0.28314540857142856
FB1	285.0	1000.0	0.8031968	-0.8872606	0.42657343	0.23458575	0.0	0.0	0.0	HRV_RMSSDc	0.9336589185185185
FB2	12538.0	1000.0	0.955045	-1.7373679	0.116883114	1.1426018	0.0	0.0	0.0	HRV_RMSSDc	1.0
FB3	13284.0	1000.0	0.999001	-2.7199259	0.023976024	2.463719	0.0	0.0	0.0	HRV_RMSSDc	1.0
FB4_activated	12567.0	1000.0	0.9210789	-1.3612182	0.22977023	0.59662795	0.0	0.0	0.0	HRV_RMSSDc	1.0
FB5	3366.0	1000.0	0.68931067	-0.49707058	0.45154846	0.14151497	0.0	0.0	0.0	HRV_RMSSDc	0.8721890110204081
FB6	1367.0	1000.0	1.0	-2.9039702	0.7052947	-0.51000744	0.0	0.0	0.0	HRV_RMSSDc	1.0
ILC	38.0	1000.0	0.7532467	-0.70832354	0.28171828	0.6256677	0.0	0.0	0.0	HRV_RMSSDc	0.9336589185185185
LYVE1+IGF1+MP	1436.0	1000.0	0.6103896	-0.3066461	0.8161838	-0.86300164	0.0	0.0	0.0	HRV_RMSSDc	0.8051947914893616
LYVE1+MP_cycling	642.0	1000.0	0.15184815	1.0393772	0.47252747	0.089512326	0.0	0.0	0.0	HRV_RMSSDc	0.40259738749999996
LYVE1+TIMD4+MP	9361.0	1000.0	0.53446555	-0.11779887	0.9460539	-1.2230414	0.0	0.0	0.0	HRV_RMSSDc	0.7531105477272727
MAIT-like	124.0	1000.0	0.12287712	1.1445531	0.36263737	0.4332944	0.0	0.0	0.0	HRV_RMSSDc	0.380919072
Mast	308.0	1000.0	0.52547455	-0.20598352	0.16683316	0.9838013	0.0	0.0	0.0	HRV_RMSSDc	0.7531105477272727
Meso	48.0	1000.0	0.8131868	-0.8480619	0.25774226	0.7220225	0.0	0.0	0.0	HRV_RMSSDc	0.9336589185185185
MoMP	3255.0	1000.0	0.5654346	-0.15255524	0.94505495	-1.468559	0.0	0.0	0.0	HRV_RMSSDc	0.7790432266666667
NC1_glial	1393.0	1000.0	0.17182817	1.0262179	0.88011986	-1.1501325	0.0	0.0	0.0	HRV_RMSSDc	0.40374441333333333
NC2_glial_NGF+	149.0	1000.0	0.23276724	0.6973699	0.46253747	0.170082	0.0	0.0	0.0	HRV_RMSSDc	0.42445790823529406
NK_CD16hi	951.0	1000.0	0.032967035	1.9536905	0.6993007	-0.5286883	0.0	0.0	0.0	HRV_RMSSDc	0.25463427555555557
NK_CD56hi	367.0	1000.0	0.1968032	0.8393719	0.27672327	0.60779536	0.0	0.0	0.0	HRV_RMSSDc	0.42445790823529406
Neut	20.0	1000.0	0.7912088	-0.8344487	0.88011986	-1.1730045	0.0	0.0	0.0	HRV_RMSSDc	0.9336589185185185
PC1_vent	390.0	1000.0	0.20879121	0.7366317	0.8901099	-1.1919976	0.0	0.0	0.0	HRV_RMSSDc	0.42445790823529406
PC2_atria	3958.0	1000.0	0.83116883	-0.95307887	0.062937066	1.4601265	0.0	0.0	0.0	HRV_RMSSDc	0.9369539538181818
PC3_str	613.0	1000.0	0.22277722	0.72563875	0.2107892	0.7678248	0.0	0.0	0.0	HRV_RMSSDc	0.42445790823529406
PC4_CMC-like	10.0	1000.0	0.17582418	0.9023701	0.6303696	0.024967918	0.0	0.0	0.0	HRV_RMSSDc	0.40374441333333333
SAN_P_cell	245.0	1000.0	0.000999001	4.9536104	0.6023976	-0.22936565	0.0	0.0	0.0	HRV_RMSSDc	0.020646020666666667
SMC1_basic	370.0	1000.0	0.2017982	0.8192518	0.35164836	0.38527912	0.0	0.0	0.0	HRV_RMSSDc	0.42445790823529406
SMC2_art	725.0	1000.0	0.5934066	-0.299066	0.7082917	-0.56175524	0.0	0.0	0.0	HRV_RMSSDc	0.7998088956521738
T/NK_cycling	58.0	1000.0	0.08591408	1.467361	0.56343657	-0.13070314	0.0	0.0	0.0	HRV_RMSSDc	0.31333370352941176
aCM1	1150.0	1000.0	0.002997003	3.3115726	0.43956044	0.13226408	0.0	0.0	0.0	HRV_RMSSDc	0.0371628372
aCM2	6007.0	1000.0	0.000999001	3.6401181	0.09190809	1.3068603	0.0	0.0	0.0	HRV_RMSSDc	0.020646020666666667
aCM3	735.0	1000.0	0.012987013	2.517921	0.5564436	-0.14725105	0.0	0.0	0.0	HRV_RMSSDc	0.13419913433333333
aCM4	2354.0	1000.0	0.001998002	3.376224	0.001998002	3.0439057	0.0	0.0	0.0	HRV_RMSSDc	0.030969031
unclassified	6441.0	1000.0	0.28171828	0.40588236	0.04995005	1.9564141	0.0	0.0	0.0	HRV_RMSSDc	0.4596456147368421
vCM1	5427.0	1000.0	0.061938062	1.6647018	0.4065934	0.17887	0.0	0.0	0.0	HRV_RMSSDc	0.28314540857142856
vCM2	481.0	1000.0	0.03696304	1.9458642	0.022977022	2.0699325	0.0	0.0	0.0	HRV_RMSSDc	0.25463427555555557
vCM3_stressed	2807.0	1000.0	0.63336664	-0.3915863	0.4775225	-0.11935891	0.0	0.0	0.0	HRV_RMSSDc	0.8180985766666667
vCM4	4480.0	1000.0	0.068931065	1.5449983	0.11888112	1.1702522	0.0	0.0	0.0	HRV_RMSSDc	0.28491506866666666
vCM5	10.0	1000.0	0.21878122	0.78598803	0.54645354	0.27915087	0.0	0.0	0.0	HRV_RMSSDc	0.42445790823529406
AVN_P_cell	155.0	1000.0	0.002997003	2.9473727	0.03696304	1.6835058	0.0	0.0	0.0	HRV_SDNN	0.092907093
AVN_bundle_cell	38.0	1000.0	0.024975024	2.1205387	0.24375625	0.73535043	0.0	0.0	0.0	HRV_SDNN	0.1407683170909091
Adip1	1311.0	1000.0	0.8921079	-1.1263808	0.18181819	0.8119745	0.0	0.0	0.0	HRV_SDNN	0.9803299965517241
Adip2	554.0	1000.0	0.993007	-1.9955424	0.1978022	0.6857253	0.0	0.0	0.0	HRV_SDNN	0.996004
Adip3	80.0	1000.0	0.976024	-1.7519373	0.000999001	2.4466596	0.0	0.0	0.0	HRV_SDNN	0.996004
B	250.0	1000.0	0.14085914	1.0947211	0.74925077	-0.70946795	0.0	0.0	0.0	HRV_SDNN	0.37970724695652175
B_plasma	117.0	1000.0	0.10489511	1.3552932	0.08291708	1.3392451	0.0	0.0	0.0	HRV_SDNN	0.34213406857142853
CD14+Mo	575.0	1000.0	0.5194805	-0.06557772	0.46553448	0.10282559	0.0	0.0	0.0	HRV_SDNN	0.7006742708333333
CD16+Mo	1029.0	1000.0	0.32567433	0.43478808	0.032967035	1.9002712	0.0	0.0	0.0	HRV_SDNN	0.5952935855555556
CD4+T_act	930.0	1000.0	0.16483517	0.99684113	0.0939061	1.328972	0.0	0.0	0.0	HRV_SDNN	0.40879122160000003
CD4+T_naive	897.0	1000.0	0.08291708	1.4363087	0.46053946	0.122346245	0.0	0.0	0.0	HRV_SDNN	0.3024034682352941
CD8+T_cytox	89.0	1000.0	0.3206793	0.39091378	0.77222776	-0.68604296	0.0	0.0	0.0	HRV_SDNN	0.5952935855555556
CD8+T_em	583.0	1000.0	0.2057942	0.8230728	0.12887113	1.0907838	0.0	0.0	0.0	HRV_SDNN	0.47256445925925933
CD8+T_te	390.0	1000.0	0.13386613	1.1298383	0.6343656	-0.28829923	0.0	0.0	0.0	HRV_SDNN	0.3772590936363636
CD8+T_trans	699.0	1000.0	0.110889114	1.2109022	0.53446555	-0.06539762	0.0	0.0	0.0	HRV_SDNN	0.34213406857142853
DC	167.0	1000.0	0.56843156	-0.24608251	0.07092907	1.4047698	0.0	0.0	0.0	HRV_SDNN	0.7192399330612244
EC10_CMC-like	2492.0	1000.0	0.49050948	-0.02412994	0.65434563	-0.4346535	0.0	0.0	0.0	HRV_SDNN	0.7006742708333333
EC1_cap	739.0	1000.0	0.34365633	0.35512528	0.7802198	-0.7443541	0.0	0.0	0.0	HRV_SDNN	0.5952935855555556
EC2_cap	203.0	1000.0	0.2997003	0.48408213	0.3966034	0.3000888	0.0	0.0	0.0	HRV_SDNN	0.5952935855555556
EC3_cap	137.0	1000.0	0.34365633	0.35325214	0.014985015	1.7994502	0.0	0.0	0.0	HRV_SDNN	0.5952935855555556
EC4_immune	1572.0	1000.0	0.7762238	-0.78074473	0.8741259	-1.0356345	0.0	0.0	0.0	HRV_SDNN	0.9080353886792453
EC5_art	1755.0	1000.0	0.54145855	-0.13484676	0.030969031	1.8261962	0.0	0.0	0.0	HRV_SDNN	0.7006742708333333
EC6_ven	2329.0	1000.0	0.44455543	0.050892625	0.2947053	0.36184832	0.0	0.0	0.0	HRV_SDNN	0.6722545526829268
EC7_endocardial	3018.0	1000.0	0.44055945	0.07007433	0.13786213	0.8975992	0.0	0.0	0.0	HRV_SDNN	0.6722545526829268
EC8_ln	303.0	1000.0	0.0989011	1.2178034	0.45054945	0.11752877	0.0	0.0	0.0	HRV_SDNN	0.34065934444444446
FB1	285.0	1000.0	0.5284715	-0.09602155	0.5334665	-0.002317654	0.0	0.0	0.0	HRV_SDNN	0.7006742708333333
FB2	12538.0	1000.0	0.8941059	-1.2065527	0.14985014	0.9359223	0.0	0.0	0.0	HRV_SDNN	0.9803299965517241
FB3	13284.0	1000.0	0.996004	-2.2789938	0.32867134	0.2643376	0.0	0.0	0.0	HRV_SDNN	0.996004
FB4_activated	12567.0	1000.0	0.7972028	-0.84980935	0.08891109	1.350857	0.0	0.0	0.0	HRV_SDNN	0.9153069185185184
FB5	3366.0	1000.0	0.32567433	0.43867832	0.10689311	1.2741491	0.0	0.0	0.0	HRV_SDNN	0.5952935855555556
FB6	1367.0	1000.0	0.989011	-2.2203228	0.12487513	1.1427938	0.0	0.0	0.0	HRV_SDNN	0.996004
ILC	38.0	1000.0	0.062937066	1.6274619	0.4055944	0.33889085	0.0	0.0	0.0	HRV_SDNN	0.24388113075
LYVE1+IGF1+MP	1436.0	1000.0	0.6053946	-0.31489155	0.58841157	-0.27578205	0.0	0.0	0.0	HRV_SDNN	0.750689304
LYVE1+MP_cycling	642.0	1000.0	0.7092907	-0.572131	0.8961039	-1.210102	0.0	0.0	0.0	HRV_SDNN	0.8456927576923078
LYVE1+TIMD4+MP	9361.0	1000.0	0.9110889	-1.3858445	0.28171828	0.3777459	0.0	0.0	0.0	HRV_SDNN	0.9803299965517241
MAIT-like	124.0	1000.0	0.23676324	0.6873962	0.5764236	-0.080693096	0.0	0.0	0.0	HRV_SDNN	0.5061834786206897
Mast	308.0	1000.0	0.3936064	0.1326141	0.31868133	0.46083677	0.0	0.0	0.0	HRV_SDNN	0.6257332512820514
Meso	48.0	1000.0	0.5264735	-0.17821363	0.043956045	1.7170814	0.0	0.0	0.0	HRV_SDNN	0.7006742708333333
MoMP	3255.0	1000.0	0.9170829	-1.4235963	0.36163837	0.23858	0.0	0.0	0.0	HRV_SDNN	0.9803299965517241
NC1_glial	1393.0	1000.0	0.17182817	0.86883	0.6913087	-0.5157743	0.0	0.0	0.0	HRV_SDNN	0.4097440976923077
NC2_glial_NGF+	149.0	1000.0	0.11588412	1.2035252	0.2967033	0.56681687	0.0	0.0	0.0	HRV_SDNN	0.34213406857142853
NK_CD16hi	951.0	1000.0	0.22477522	0.7526539	0.6863137	-0.46876493	0.0	0.0	0.0	HRV_SDNN	0.4977165585714286
NK_CD56hi	367.0	1000.0	0.038961038	1.854824	0.35564435	0.38334748	0.0	0.0	0.0	HRV_SDNN	0.16103895706666668
Neut	20.0	1000.0	0.5104895	-0.036126394	0.6453546	-0.26943123	0.0	0.0	0.0	HRV_SDNN	0.7006742708333333
PC1_vent	390.0	1000.0	0.034965035	2.0832987	0.47152847	0.12279564	0.0	0.0	0.0	HRV_SDNN	0.16103895706666668
PC2_atria	3958.0	1000.0	0.38161838	0.25781664	0.116883114	1.1431189	0.0	0.0	0.0	HRV_SDNN	0.6257332512820514
PC3_str	613.0	1000.0	0.01998002	2.241414	0.15484515	1.0232917	0.0	0.0	0.0	HRV_SDNN	0.123876124
PC4_CMC-like	10.0	1000.0	0.3916084	0.2463349	0.58641356	0.10407495	0.0	0.0	0.0	HRV_SDNN	0.6257332512820514
SAN_P_cell	245.0	1000.0	0.000999001	4.237448	0.5014985	-0.0018528068	0.0	0.0	0.0	HRV_SDNN	0.061938062
SMC1_basic	370.0	1000.0	0.017982017	2.1626067	0.12887113	1.0970061	0.0	0.0	0.0	HRV_SDNN	0.123876124
SMC2_art	725.0	1000.0	0.5424575	-0.10756103	0.36263737	0.35385957	0.0	0.0	0.0	HRV_SDNN	0.7006742708333333
T/NK_cycling	58.0	1000.0	0.34565434	0.35133988	0.26973027	0.6643759	0.0	0.0	0.0	HRV_SDNN	0.5952935855555556
aCM1	1150.0	1000.0	0.017982017	2.2648454	0.15284716	1.0590537	0.0	0.0	0.0	HRV_SDNN	0.123876124
aCM2	6007.0	1000.0	0.004995005	2.892152	0.13186814	1.0397273	0.0	0.0	1.0	HRV_SDNN	0.092907093
aCM3	735.0	1000.0	0.033966035	2.0360415	0.025974026	2.2127116	0.0	0.0	0.0	HRV_SDNN	0.16103895706666668
aCM4	2354.0	1000.0	0.005994006	2.6555161	0.022977022	2.2112756	0.0	0.0	0.0	HRV_SDNN	0.092907093
unclassified	6441.0	1000.0	0.15984017	0.9061907	0.011988012	3.2966297	0.0	0.0	0.0	HRV_SDNN	0.40879122160000003
vCM1	5427.0	1000.0	0.015984016	2.268718	0.101898104	1.247776	0.0	0.0	0.0	HRV_SDNN	0.123876124
vCM2	481.0	1000.0	0.01998002	2.3498397	0.07892108	1.3942863	0.0	0.0	0.0	HRV_SDNN	0.123876124
vCM3_stressed	2807.0	1000.0	0.6193806	-0.31187016	0.44455543	-0.021158576	0.0	0.0	0.0	HRV_SDNN	0.752972494117647
vCM4	4480.0	1000.0	0.01998002	2.2111592	0.064935066	1.5356036	0.0	0.0	1.0	HRV_SDNN	0.123876124
vCM5	10.0	1000.0	0.03696304	1.9243608	0.112887114	0.7900849	0.0	0.0	0.0	HRV_SDNN	0.16103895706666668
AVN_P_cell	155.0	1000.0	0.09090909	1.3304741	0.35264736	0.43958825	0.0	0.0	0.0	HRV_SDNNc	0.2742971228571428
AVN_bundle_cell	38.0	1000.0	0.17982018	0.9235944	0.013986014	1.9970917	0.0	0.0	0.0	HRV_SDNNc	0.42880196769230766
Adip1	1311.0	1000.0	0.7952048	-0.7784489	0.46453547	-0.08810371	0.0	0.0	0.0	HRV_SDNNc	0.8870415285714285
Adip2	554.0	1000.0	0.8651349	-1.0182736	0.8211788	-0.8502274	0.0	0.0	0.0	HRV_SDNNc	0.9091248101694915
Adip3	80.0	1000.0	0.8011988	-0.8600335	0.008991009	2.040559	0.0	0.0	0.0	HRV_SDNNc	0.8870415285714285
B	250.0	1000.0	0.001998002	4.087853	0.0999001	1.2785891	0.0	0.0	0.0	HRV_SDNNc	0.061938061999999995
B_plasma	117.0	1000.0	0.22877122	0.5847261	0.034965035	1.6822556	0.0	0.0	0.0	HRV_SDNNc	0.447115383125
CD14+Mo	575.0	1000.0	0.36563435	0.3384352	0.26273727	0.6105966	0.0	0.0	0.0	HRV_SDNNc	0.5271937139534884
CD16+Mo	1029.0	1000.0	0.14785215	1.0953141	0.26073927	0.53705835	0.0	0.0	0.0	HRV_SDNNc	0.36667333199999996
CD4+T_act	930.0	1000.0	0.032967035	1.9480425	0.1058941	1.265238	0.0	0.0	0.0	HRV_SDNNc	0.19144492454545456
CD4+T_naive	897.0	1000.0	0.032967035	2.0146787	0.10889111	1.2361746	0.0	1.0	1.0	HRV_SDNNc	0.19144492454545456
CD8+T_cytox	89.0	1000.0	0.033966035	1.9719388	0.3006993	0.572085	0.0	0.0	0.0	HRV_SDNNc	0.19144492454545456
CD8+T_em	583.0	1000.0	0.09290709	1.3558813	0.53946054	-0.03879628	0.0	0.0	0.0	HRV_SDNNc	0.2742971228571428
CD8+T_te	390.0	1000.0	0.08791209	1.4542942	0.73426574	-0.54574287	0.0	0.0	0.0	HRV_SDNNc	0.2742971228571428
CD8+T_trans	699.0	1000.0	0.03196803	2.0214133	0.23476523	0.73246866	0.0	0.0	1.0	HRV_SDNNc	0.19144492454545456
DC	167.0	1000.0	0.068931065	1.489757	0.13986014	1.0723569	0.0	0.0	0.0	HRV_SDNNc	0.2742971228571428
EC10_CMC-like	2492.0	1000.0	0.21778221	0.72288615	0.5154845	-0.08825652	0.0	0.0	0.0	HRV_SDNNc	0.447115383125
EC1_cap	739.0	1000.0	0.11988012	1.2272792	0.7582418	-0.6712385	0.0	0.0	0.0	HRV_SDNNc	0.3231551060869565
EC2_cap	203.0	1000.0	0.08791209	1.3886969	0.11788212	1.1391324	0.0	0.0	0.0	HRV_SDNNc	0.2742971228571428
EC3_cap	137.0	1000.0	0.34065935	0.3999557	0.17882118	0.8953766	0.0	0.0	0.0	HRV_SDNNc	0.5271937139534884
EC4_immune	1572.0	1000.0	0.5154845	-0.061598003	0.84615386	-0.99112886	0.0	0.0	0.0	HRV_SDNNc	0.652245693877551
EC5_art	1755.0	1000.0	0.26873127	0.5941777	0.32967034	0.34511757	0.0	0.0	0.0	HRV_SDNNc	0.48001996500000005
EC6_ven	2329.0	1000.0	0.05894106	1.6204889	0.31668332	0.33233577	0.0	0.0	0.0	HRV_SDNNc	0.2610246942857143
EC7_endocardial	3018.0	1000.0	0.08191808	1.3953428	0.08591408	1.3808856	0.0	0.0	0.0	HRV_SDNNc	0.2742971228571428
EC8_ln	303.0	1000.0	0.05794206	1.7587779	0.5024975	-0.009803956	0.0	0.0	0.0	HRV_SDNNc	0.2610246942857143
FB1	285.0	1000.0	0.7462537	-0.69140464	0.6733267	-0.40298486	0.0	0.0	0.0	HRV_SDNNc	0.8729760264150943
FB2	12538.0	1000.0	0.85114884	-1.0286391	0.33866134	0.14325275	0.0	0.0	0.0	HRV_SDNNc	0.9091248101694915
FB3	13284.0	1000.0	0.98002	-2.0383446	0.83516484	-0.9323676	0.0	0.0	0.0	HRV_SDNNc	0.98002
FB4_activated	12567.0	1000.0	0.9030969	-1.3026457	0.51248753	-0.2001548	0.0	0.0	0.0	HRV_SDNNc	0.9332001299999999
FB5	3366.0	1000.0	0.66733265	-0.45631075	0.1988012	0.7818514	0.0	0.0	0.0	HRV_SDNNc	0.8112671431372549
FB6	1367.0	1000.0	0.978022	-1.8492261	0.6923077	-0.49977955	0.0	0.0	0.0	HRV_SDNNc	0.98002
ILC	38.0	1000.0	0.007992008	2.6315258	0.73026973	-0.52142745	0.0	0.0	0.0	HRV_SDNNc	0.123876124
LYVE1+IGF1+MP	1436.0	1000.0	0.32667333	0.38040304	0.45354646	0.12097098	0.0	0.0	0.0	HRV_SDNNc	0.5271937139534884
LYVE1+MP_cycling	642.0	1000.0	0.27872127	0.53951716	0.984016	-2.156447	0.0	0.0	0.0	HRV_SDNNc	0.48001996500000005
LYVE1+TIMD4+MP	9361.0	1000.0	0.4885115	-0.04240497	0.42857143	0.0312269	0.0	0.0	0.0	HRV_SDNNc	0.6309940208333333
MAIT-like	124.0	1000.0	0.0989011	1.3508332	0.5954046	-0.118456066	0.0	0.0	0.0	HRV_SDNNc	0.27872128181818184
Mast	308.0	1000.0	0.36563435	0.21856152	0.007992008	2.435092	0.0	0.0	0.0	HRV_SDNNc	0.5271937139534884
Meso	48.0	1000.0	0.13786213	1.099841	0.09190809	1.292694	0.0	0.0	0.0	HRV_SDNNc	0.3561438358333333
MoMP	3255.0	1000.0	0.45654345	0.033885274	0.4925075	-0.042234056	0.0	0.0	0.0	HRV_SDNNc	0.6153411717391305
NC1_glial	1393.0	1000.0	0.47252747	-0.061221097	0.996004	-2.2363708	0.0	0.0	0.0	HRV_SDNNc	0.6233341093617022
NC2_glial_NGF+	149.0	1000.0	0.43356642	0.09938693	0.6843157	-0.49075595	0.0	0.0	0.0	HRV_SDNNc	0.5973581786666666
NK_CD16hi	951.0	1000.0	0.013986014	2.6835482	0.75724274	-0.68199176	0.0	0.0	0.0	HRV_SDNNc	0.14452214466666666
NK_CD56hi	367.0	1000.0	0.002997003	3.2526612	0.72527474	-0.5974991	0.0	0.0	0.0	HRV_SDNNc	0.061938061999999995
Neut	20.0	1000.0	0.6323676	-0.33679235	0.43156844	0.30048856	0.0	0.0	0.0	HRV_SDNNc	0.7841358240000001
PC1_vent	390.0	1000.0	0.00999001	2.6635077	0.26473525	0.60934037	0.0	0.0	0.0	HRV_SDNNc	0.123876124
PC2_atria	3958.0	1000.0	0.43356642	0.1226763	0.27572426	0.42710707	0.0	0.0	0.0	HRV_SDNNc	0.5973581786666666
PC3_str	613.0	1000.0	0.022977022	2.1679518	0.27272728	0.5876325	0.0	0.0	0.0	HRV_SDNNc	0.19144492454545456
PC4_CMC-like	10.0	1000.0	0.34465533	0.3925631	0.47052947	0.34838194	0.0	0.0	0.0	HRV_SDNNc	0.5271937139534884
SAN_P_cell	245.0	1000.0	0.002997003	2.9574432	0.27972028	0.55729693	0.0	0.0	0.0	HRV_SDNNc	0.061938061999999995
SMC1_basic	370.0	1000.0	0.07192807	1.4968077	0.26273727	0.6517513	0.0	0.0	0.0	HRV_SDNNc	0.2742971228571428
SMC2_art	725.0	1000.0	0.72327673	-0.60949093	0.65434563	-0.36983943	0.0	0.0	0.0	HRV_SDNNc	0.862368408846154
T/NK_cycling	58.0	1000.0	0.055944055	1.5925751	0.28171828	0.5862653	0.0	0.0	0.0	HRV_SDNNc	0.2610246942857143
aCM1	1150.0	1000.0	0.35164836	0.31871223	0.17882118	0.8791701	0.0	0.0	0.0	HRV_SDNNc	0.5271937139534884
aCM2	6007.0	1000.0	0.20479521	0.765551	0.23576424	0.49347922	0.0	0.0	0.0	HRV_SDNNc	0.43783803517241376
aCM3	735.0	1000.0	0.23076923	0.7030343	0.35964036	0.29743093	0.0	0.0	0.0	HRV_SDNNc	0.447115383125
aCM4	2354.0	1000.0	0.2917083	0.5287136	0.20479521	0.79250807	0.0	0.0	0.0	HRV_SDNNc	0.48880850270270265
unclassified	6441.0	1000.0	0.7762238	-0.7331222	0.07992008	1.5044882	0.0	0.0	0.0	HRV_SDNNc	0.8870415285714285
vCM1	5427.0	1000.0	0.2027972	0.86917585	0.44055945	0.04733525	0.0	0.0	0.0	HRV_SDNNc	0.43783803517241376
vCM2	481.0	1000.0	0.20479521	0.8453425	0.24075924	0.6291213	0.0	0.0	0.0	HRV_SDNNc	0.43783803517241376
vCM3_stressed	2807.0	1000.0	0.81918085	-0.9025038	0.66033965	-0.49941483	0.0	0.0	0.0	HRV_SDNNc	0.8910388192982456
vCM4	4480.0	1000.0	0.27572426	0.56195045	0.18081918	0.81692135	0.0	0.0	0.0	HRV_SDNNc	0.48001996500000005
vCM5	10.0	1000.0	0.23976023	0.7333188	0.09290709	0.90558577	0.0	0.0	0.0	HRV_SDNNc	0.4504586139393939
AVN_P_cell	155.0	1000.0	0.007992008	2.764038	0.022977022	2.0540273	0.0	0.0	0.0	HeartFailure	0.123876124
AVN_bundle_cell	38.0	1000.0	0.00999001	2.5139017	0.95404595	-1.7498536	0.0	0.0	0.0	HeartFailure	0.123876124
Adip1	1311.0	1000.0	0.2977023	0.42171183	0.27672327	0.43394378	0.0	0.0	0.0	HeartFailure	0.67132866
Adip2	554.0	1000.0	0.34865135	0.3442672	0.24475524	0.6044829	0.0	0.0	0.0	HeartFailure	0.675511990625
Adip3	80.0	1000.0	0.8251748	-0.89121664	0.9040959	-1.4718344	0.0	0.0	0.0	HeartFailure	0.86913085
B	250.0	1000.0	0.26673326	0.58379626	0.49150848	0.033044573	0.0	0.0	0.0	HeartFailure	0.6360562353846154
B_plasma	117.0	1000.0	0.18081918	0.8548009	0.9220779	-1.3977208	0.0	0.0	0.0	HeartFailure	0.5601355226086957
CD14+Mo	575.0	1000.0	0.2027972	0.79559445	0.3026973	0.52622724	0.0	0.0	0.0	HeartFailure	0.5601355226086957
CD16+Mo	1029.0	1000.0	0.07292707	1.4165916	0.2827173	0.53060806	0.0	0.0	0.0	HeartFailure	0.34780602615384615
CD4+T_act	930.0	1000.0	0.66333663	-0.40697083	0.045954045	1.7239194	0.0	0.0	0.0	HeartFailure	0.7909013665384615
CD4+T_naive	897.0	1000.0	0.47852147	0.018466286	0.8961039	-1.2952415	0.0	0.0	0.0	HeartFailure	0.7607264394871794
CD8+T_cytox	89.0	1000.0	0.4125874	0.19972154	0.75424576	-0.5857395	0.0	0.0	0.0	HeartFailure	0.7281907037837837
CD8+T_em	583.0	1000.0	0.63136864	-0.34903985	0.67132866	-0.4037311	0.0	0.0	0.0	HeartFailure	0.782119788235294
CD8+T_te	390.0	1000.0	0.63836163	-0.36155608	0.11588412	1.2195735	0.0	0.0	0.0	HeartFailure	0.782119788235294
CD8+T_trans	699.0	1000.0	0.5244755	-0.11265123	0.81518483	-0.82921433	0.0	0.0	0.0	HeartFailure	0.782119788235294
DC	167.0	1000.0	0.16883117	0.9882874	0.02097902	1.8763086	0.0	0.0	0.0	HeartFailure	0.5601355226086957
EC10_CMC-like	2492.0	1000.0	0.6343656	-0.3764893	0.9370629	-1.4467766	0.0	0.0	0.0	HeartFailure	0.782119788235294
EC1_cap	739.0	1000.0	0.3866134	0.25525075	0.65834165	-0.39300138	0.0	0.0	0.0	HeartFailure	0.7263645696969697
EC2_cap	203.0	1000.0	0.10889111	1.2816892	0.4995005	0.06444629	0.0	0.0	0.0	HeartFailure	0.4117059451764706
EC3_cap	137.0	1000.0	0.33566433	0.43460184	0.5084915	0.057613492	0.0	0.0	0.0	HeartFailure	0.67132866
EC4_immune	1572.0	1000.0	0.47352648	0.054426424	0.8271728	-0.8901752	0.0	0.0	0.0	HeartFailure	0.7607264394871794
EC5_art	1755.0	1000.0	0.31968033	0.43790644	0.63736266	-0.3673925	0.0	0.0	0.0	HeartFailure	0.67132866
EC6_ven	2329.0	1000.0	0.85814184	-1.1058141	0.34465533	0.3240803	0.0	0.0	0.0	HeartFailure	0.86913085
EC7_endocardial	3018.0	1000.0	0.8591409	-1.0033475	0.3866134	0.06132943	0.0	0.0	0.0	HeartFailure	0.86913085
EC8_ln	303.0	1000.0	0.7222777	-0.61043733	0.03696304	1.7495927	0.0	0.0	0.0	HeartFailure	0.8449286301886793
FB1	285.0	1000.0	0.23176824	0.7045618	0.38861138	0.30924502	0.0	0.0	0.0	HeartFailure	0.5747852351999999
FB2	12538.0	1000.0	0.7922078	-0.82655984	0.07092907	1.6039323	0.0	0.0	0.0	HeartFailure	0.86913085
FB3	13284.0	1000.0	0.86913085	-1.1285527	0.3206793	0.36985925	0.0	0.0	0.0	HeartFailure	0.86913085
FB4_activated	12567.0	1000.0	0.6433566	-0.3569947	0.73426574	-0.6489617	0.0	0.0	0.0	HeartFailure	0.782119788235294
FB5	3366.0	1000.0	0.76123875	-0.710228	0.74825174	-0.6973559	0.0	0.0	0.0	HeartFailure	0.86913085
FB6	1367.0	1000.0	0.64035964	-0.33564425	0.9060939	-1.269611	0.0	0.0	0.0	HeartFailure	0.782119788235294
ILC	38.0	1000.0	0.20779221	0.70548916	0.31568432	0.57159567	0.0	0.0	0.0	HeartFailure	0.5601355226086957
LYVE1+IGF1+MP	1436.0	1000.0	0.5674326	-0.22877851	0.2107892	0.7857233	0.0	0.0	0.0	HeartFailure	0.782119788235294
LYVE1+MP_cycling	642.0	1000.0	0.85814184	-1.057347	0.013986014	2.2014036	0.0	0.0	0.0	HeartFailure	0.86913085
LYVE1+TIMD4+MP	9361.0	1000.0	0.6293706	-0.36894527	0.43756244	0.0017489382	0.0	0.0	0.0	HeartFailure	0.782119788235294
MAIT-like	124.0	1000.0	0.5904096	-0.23388085	0.04295704	1.4896423	0.0	0.0	0.0	HeartFailure	0.782119788235294
Mast	308.0	1000.0	0.1968032	0.7990026	0.45054945	0.10694886	0.0	0.0	0.0	HeartFailure	0.5601355226086957
Meso	48.0	1000.0	0.42857143	0.07755756	0.42857143	0.18296482	0.0	0.0	0.0	HeartFailure	0.7281907037837837
MoMP	3255.0	1000.0	0.55944055	-0.20158122	0.51648355	-0.11159075	0.0	0.0	0.0	HeartFailure	0.782119788235294
NC1_glial	1393.0	1000.0	0.20379621	0.7628395	0.63736266	-0.39171413	0.0	0.0	0.0	HeartFailure	0.5601355226086957
NC2_glial_NGF+	149.0	1000.0	0.43456542	0.06658004	0.7932068	-0.76757026	0.0	0.0	0.0	HeartFailure	0.7281907037837837
NK_CD16hi	951.0	1000.0	0.5934066	-0.25517234	0.33666334	0.39866063	0.0	0.0	0.0	HeartFailure	0.782119788235294
NK_CD56hi	367.0	1000.0	0.42757243	0.13367446	0.13486513	1.0811094	0.0	0.0	0.0	HeartFailure	0.7281907037837837
Neut	20.0	1000.0	0.51248753	-0.048190486	0.043956045	1.4446309	0.0	0.0	0.0	HeartFailure	0.782119788235294
PC1_vent	390.0	1000.0	0.33066934	0.39718157	0.14885116	1.0628409	0.0	0.0	0.0	HeartFailure	0.67132866
PC2_atria	3958.0	1000.0	0.3216783	0.44671154	0.19480519	0.71859497	0.0	0.0	0.0	HeartFailure	0.67132866
PC3_str	613.0	1000.0	0.05294705	1.7179569	0.46753246	0.09605315	0.0	0.0	0.0	HeartFailure	0.2984288272727273
PC4_CMC-like	10.0	1000.0	0.0959041	1.3395416	0.92507493	-1.7856766	0.0	0.0	0.0	HeartFailure	0.4117059451764706
SAN_P_cell	245.0	1000.0	0.00999001	2.5305007	0.053946055	1.5803287	0.0	0.0	0.0	HeartFailure	0.123876124
SMC1_basic	370.0	1000.0	0.005994006	3.1033108	0.24175824	0.6751865	0.0	0.0	0.0	HeartFailure	0.123876124
SMC2_art	725.0	1000.0	0.004995005	3.2324948	0.15284716	1.0400153	0.0	0.0	0.0	HeartFailure	0.123876124
T/NK_cycling	58.0	1000.0	0.81518483	-0.8720045	0.1918082	0.88722175	0.0	0.0	0.0	HeartFailure	0.86913085
aCM1	1150.0	1000.0	0.04095904	1.925693	0.06393606	1.4893231	0.0	0.0	0.0	HeartFailure	0.28216227555555556
aCM2	6007.0	1000.0	0.06993007	1.49861	0.5874126	-0.34614936	0.0	0.0	0.0	HeartFailure	0.34780602615384615
aCM3	735.0	1000.0	0.034965035	1.9072678	0.33666334	0.35462078	0.0	0.0	0.0	HeartFailure	0.27097902125
aCM4	2354.0	1000.0	0.025974026	2.1404254	0.09090909	1.3904023	0.0	1.0	1.0	HeartFailure	0.23005565885714288
unclassified	6441.0	1000.0	0.025974026	2.2835631	0.05294705	1.8819242	0.0	0.0	0.0	HeartFailure	0.23005565885714288
vCM1	5427.0	1000.0	0.112887114	1.2409124	0.16383617	0.91765296	0.0	0.0	0.0	HeartFailure	0.4117059451764706
vCM2	481.0	1000.0	0.22077923	0.75720793	0.4765235	0.023929827	0.0	0.0	0.0	HeartFailure	0.5703463441666666
vCM3_stressed	2807.0	1000.0	0.10789211	1.292036	0.101898104	1.4007409	0.0	0.0	0.0	HeartFailure	0.4117059451764706
vCM4	4480.0	1000.0	0.04795205	1.7242042	0.21778221	0.63593733	0.0	0.0	0.0	HeartFailure	0.29730271
vCM5	10.0	1000.0	0.84015983	-0.9912088	0.48151848	0.3695116	0.0	0.0	0.0	HeartFailure	0.86913085
AVN_P_cell	155.0	1000.0	0.000999001	13.038132	0.000999001	3.3406758	131.0	138.0	146.0	PRinterval	0.003643415411764706
AVN_bundle_cell	38.0	1000.0	0.000999001	8.127023	0.21978022	0.80780953	33.0	33.0	34.0	PRinterval	0.003643415411764706
Adip1	1311.0	1000.0	0.0959041	1.337066	0.000999001	4.676241	39.0	69.0	94.0	PRinterval	0.23784216800000002
Adip2	554.0	1000.0	0.60639364	-0.3012699	0.000999001	4.7798514	11.0	13.0	17.0	PRinterval	0.7832584516666666
Adip3	80.0	1000.0	0.8221778	-0.9289182	0.001998002	2.751224	2.0	2.0	2.0	PRinterval	0.9617928981132076
B	250.0	1000.0	0.24375625	0.5906449	0.002997003	2.9253707	6.0	9.0	16.0	PRinterval	0.4444966911764706
B_plasma	117.0	1000.0	0.6193806	-0.38152286	0.00999001	2.110536	3.0	3.0	4.0	PRinterval	0.7837060653061224
CD14+Mo	575.0	1000.0	0.94505495	-1.5806683	0.000999001	5.0314345	4.0	6.0	12.0	PRinterval	0.998002
CD16+Mo	1029.0	1000.0	0.86613387	-1.0781984	0.000999001	6.806853	4.0	9.0	23.0	PRinterval	0.9944499988888889
CD4+T_act	930.0	1000.0	0.36563435	0.28175613	0.000999001	4.419584	20.0	29.0	46.0	PRinterval	0.5529104804878049
CD4+T_naive	897.0	1000.0	0.18581419	0.9170366	0.001998002	3.1795566	20.0	35.0	63.0	PRinterval	0.37162838
CD8+T_cytox	89.0	1000.0	0.17082918	0.8885438	0.33466533	0.4969908	1.0	4.0	8.0	PRinterval	0.361305372
CD8+T_em	583.0	1000.0	0.17482518	0.96879804	0.005994006	2.3468966	15.0	24.0	40.0	PRinterval	0.361305372
CD8+T_te	390.0	1000.0	0.40959042	0.16444154	0.017982017	1.9418886	4.0	11.0	17.0	PRinterval	0.594042290909091
CD8+T_trans	699.0	1000.0	0.4135864	0.16480325	0.000999001	4.46795	13.0	20.0	32.0	PRinterval	0.594042290909091
DC	167.0	1000.0	0.998002	-3.0125222	0.001998002	2.6683667	0.0	0.0	2.0	PRinterval	0.998002
EC10_CMC-like	2492.0	1000.0	0.07492507	1.5691006	0.000999001	8.778117	80.0	130.0	203.0	PRinterval	0.19355643083333332
EC1_cap	739.0	1000.0	0.014985015	2.2291172	0.000999001	5.4084845	33.0	49.0	81.0	PRinterval	0.04223049681818182
EC2_cap	203.0	1000.0	0.007992008	2.689459	0.000999001	2.8989792	13.0	17.0	24.0	PRinterval	0.02359545219047619
EC3_cap	137.0	1000.0	0.1968032	0.85789657	0.28071928	0.6632414	4.0	7.0	10.0	PRinterval	0.38130620000000004
EC4_immune	1572.0	1000.0	0.33166832	0.35609803	0.000999001	7.139909	39.0	61.0	85.0	PRinterval	0.5272675856410256
EC5_art	1755.0	1000.0	0.023976024	2.2348564	0.000999001	7.6157784	87.0	125.0	190.0	PRinterval	0.0646310212173913
EC6_ven	2329.0	1000.0	0.4925075	-0.034136683	0.000999001	7.6633973	38.0	59.0	107.0	PRinterval	0.6638144565217391
EC7_endocardial	3018.0	1000.0	0.5034965	-0.06301323	0.000999001	5.8843694	39.0	67.0	122.0	PRinterval	0.6641868723404255
EC8_ln	303.0	1000.0	0.10489511	1.3725725	0.007992008	2.485431	12.0	17.0	28.0	PRinterval	0.25013449307692304
FB1	285.0	1000.0	0.007992008	2.5778043	0.000999001	3.315341	12.0	20.0	30.0	PRinterval	0.02359545219047619
FB2	12538.0	1000.0	0.992008	-2.2247403	0.000999001	10.16801	74.0	126.0	217.0	PRinterval	0.998002
FB3	13284.0	1000.0	0.92507493	-1.4423727	0.000999001	11.023125	155.0	253.0	399.0	PRinterval	0.998002
FB4_activated	12567.0	1000.0	0.73026973	-0.6568982	0.000999001	9.082571	179.0	283.0	485.0	PRinterval	0.8877788874509803
FB5	3366.0	1000.0	0.47852147	0.019773357	0.000999001	7.411411	65.0	107.0	160.0	PRinterval	0.6592962475555555
FB6	1367.0	1000.0	0.984016	-2.0071015	0.000999001	6.7233443	24.0	33.0	41.0	PRinterval	0.998002
ILC	38.0	1000.0	0.2967033	0.44267043	0.000999001	2.270385	1.0	1.0	2.0	PRinterval	0.49717850270270264
LYVE1+IGF1+MP	1436.0	1000.0	0.7972028	-0.87629384	0.000999001	9.908002	16.0	26.0	47.0	PRinterval	0.9505110307692307
LYVE1+MP_cycling	642.0	1000.0	0.955045	-1.6646509	0.000999001	4.729061	4.0	5.0	8.0	PRinterval	0.998002
LYVE1+TIMD4+MP	9361.0	1000.0	0.976024	-1.835053	0.000999001	8.563535	39.0	72.0	143.0	PRinterval	0.998002
MAIT-like	124.0	1000.0	0.30869132	0.48552388	0.70729274	-0.46259657	1.0	3.0	9.0	PRinterval	0.5036542589473685
Mast	308.0	1000.0	0.14985014	1.033926	0.000999001	4.0299306	6.0	13.0	22.0	PRinterval	0.3318110242857143
Meso	48.0	1000.0	0.2947053	0.4713817	0.018981019	2.0120826	1.0	1.0	3.0	PRinterval	0.49717850270270264
MoMP	3255.0	1000.0	0.9100899	-1.2771245	0.000999001	8.551245	32.0	51.0	83.0	PRinterval	0.998002
NC1_glial	1393.0	1000.0	0.000999001	4.7063565	0.000999001	4.4454904	278.0	387.0	564.0	PRinterval	0.003643415411764706
NC2_glial_NGF+	149.0	1000.0	0.001998002	3.2407784	0.001998002	2.9412658	11.0	13.0	25.0	PRinterval	0.0065197960000000004
NK_CD16hi	951.0	1000.0	0.112887114	1.231655	0.003996004	3.484556	22.0	45.0	85.0	PRinterval	0.2592222617777778
NK_CD56hi	367.0	1000.0	0.36263737	0.32328096	0.001998002	3.1352742	8.0	9.0	19.0	PRinterval	0.5529104804878049
Neut	20.0	1000.0	0.25374624	0.6092059	0.70729274	-0.49163607	0.0	1.0	1.0	PRinterval	0.44949333942857145
PC1_vent	390.0	1000.0	0.2067932	0.8236334	0.002997003	2.5819619	10.0	14.0	28.0	PRinterval	0.3885205575757576
PC2_atria	3958.0	1000.0	0.4215784	0.12857935	0.000999001	9.121539	76.0	118.0	194.0	PRinterval	0.594042290909091
PC3_str	613.0	1000.0	0.000999001	5.333527	0.001998002	2.725068	75.0	103.0	148.0	PRinterval	0.003643415411764706
PC4_CMC-like	10.0	1000.0	0.000999001	5.9087377	0.03196803	1.1968236	5.0	6.0	7.0	PRinterval	0.003643415411764706
SAN_P_cell	245.0	1000.0	0.000999001	12.07205	0.000999001	2.905731	220.0	226.0	234.0	PRinterval	0.003643415411764706
SMC1_basic	370.0	1000.0	0.000999001	5.0038323	0.000999001	5.0363092	51.0	80.0	106.0	PRinterval	0.003643415411764706
SMC2_art	725.0	1000.0	0.000999001	5.506559	0.001998002	4.284545	79.0	124.0	181.0	PRinterval	0.003643415411764706
T/NK_cycling	58.0	1000.0	0.66333663	-0.40093717	0.66433567	-0.35995823	0.0	0.0	0.0	PRinterval	0.8225374212
aCM1	1150.0	1000.0	0.000999001	9.700554	0.000999001	5.070743	846.0	919.0	1000.0	PRinterval	0.003643415411764706
aCM2	6007.0	1000.0	0.000999001	9.410081	0.000999001	6.986781	5021.0	5349.0	5598.0	PRinterval	0.003643415411764706
aCM3	735.0	1000.0	0.000999001	9.063438	0.008991009	3.0406227	502.0	557.0	604.0	PRinterval	0.003643415411764706
aCM4	2354.0	1000.0	0.000999001	11.231147	0.000999001	7.576155	2031.0	2153.0	2229.0	PRinterval	0.003643415411764706
unclassified	6441.0	1000.0	0.000999001	20.736017	0.000999001	9.019253	2081.0	2355.0	2656.0	PRinterval	0.003643415411764706
vCM1	5427.0	1000.0	0.000999001	9.735925	0.000999001	5.9181685	4904.0	5093.0	5247.0	PRinterval	0.003643415411764706
vCM2	481.0	1000.0	0.000999001	9.274981	0.001998002	3.8810024	372.0	404.0	427.0	PRinterval	0.003643415411764706
vCM3_stressed	2807.0	1000.0	0.000999001	7.7712755	0.012987013	2.9817972	1822.0	2127.0	2389.0	PRinterval	0.003643415411764706
vCM4	4480.0	1000.0	0.000999001	10.614954	0.000999001	6.117189	4136.0	4266.0	4372.0	PRinterval	0.003643415411764706
vCM5	10.0	1000.0	0.001998002	3.864184	0.9150849	-1.8746933	5.0	6.0	7.0	PRinterval	0.0065197960000000004
AVN_P_cell	155.0	1000.0	0.0049950052052736	3.509836912155152	0.0809190794825553	1.3331384658813477	0.0	0.0	0.0	QRSduration	0.05161505378782719
AVN_bundle_cell	38.0	1000.0	0.0029970030300319	3.454195022583008	0.8401598334312439	-0.9630385041236876	0.0	0.0	1.0	QRSduration	0.03716283757239556
Adip1	1311.0	1000.0	0.6063936352729797	-0.3436923027038574	0.4275724291801452	-0.0054233903065323	0.0	0.0	0.0	QRSduration	0.8617469849793807
Adip2	554.0	1000.0	0.8221778273582458	-0.9173337817192078	0.340659350156784	0.3192138969898224	0.0	0.0	0.0	QRSduration	0.9802889480040624
Adip3	80.0	1000.0	0.9140859246253968	-1.314929485321045	0.3926073908805847	0.3347569108009338	0.0	0.0	0.0	QRSduration	1.0
B	250.0	1000.0	0.3196803331375122	0.3880616426467895	0.278721272945404	0.6268423199653625	0.0	0.0	0.0	QRSduration	0.7069482515598166
B_plasma	117.0	1000.0	0.6703296899795532	-0.535007655620575	0.9700299501419068	-2.0172524452209477	0.0	0.0	0.0	QRSduration	0.8633407305698005
CD14+Mo	575.0	1000.0	0.3306693434715271	0.4458349645137787	0.0299700293689966	1.824792504310608	0.0	0.0	0.0	QRSduration	0.7069482515598166
CD16+Mo	1029.0	1000.0	0.3566433489322662	0.3560509085655212	0.0109890112653374	2.538756847381592	0.0	0.0	0.0	QRSduration	0.7370629211266835
CD4+T_act	930.0	1000.0	0.6223776340484619	-0.3482013642787933	0.2807192802429199	0.5980361104011536	0.0	0.0	2.0	QRSduration	0.8617469849793807
CD4+T_naive	897.0	1000.0	0.4335664212703705	0.0925724804401397	0.7332667112350464	-0.6271210312843323	0.0	0.0	0.0	QRSduration	0.8145793369322112
CD8+T_cytox	89.0	1000.0	0.5144855380058289	-0.0259723030030727	0.7682317495346069	-0.66978520154953	0.0	0.0	0.0	QRSduration	0.8290171562097012
CD8+T_em	583.0	1000.0	0.6393606662750244	-0.419828712940216	0.0379620380699634	1.7539223432540894	0.0	0.0	0.0	QRSduration	0.8617469849793807
CD8+T_te	390.0	1000.0	0.6813187003135681	-0.519425094127655	0.3256743252277374	0.5094538927078247	0.0	0.0	0.0	QRSduration	0.8633407305698005
CD8+T_trans	699.0	1000.0	0.4835164844989776	-0.0070479777641594	0.088911086320877	1.3795769214630127	0.0	0.0	0.0	QRSduration	0.8290171562097012
DC	167.0	1000.0	0.4775224924087524	0.0123556228354573	0.0099900104105472	2.016972303390503	0.0	0.0	0.0	QRSduration	0.8290171562097012
EC10_CMC-like	2492.0	1000.0	0.2547452449798584	0.6322252154350281	0.5704295635223389	-0.2511036694049835	0.0	0.0	0.0	QRSduration	0.6580918828646342
EC1_cap	739.0	1000.0	0.2017982006072998	0.834845781326294	0.1608391553163528	0.9756874442100524	0.0	0.0	0.0	QRSduration	0.5655214488506317
EC2_cap	203.0	1000.0	0.1288711279630661	1.1853034496307373	0.2077922075986862	0.8328341245651245	0.0	0.0	0.0	QRSduration	0.44388944076167214
EC3_cap	137.0	1000.0	0.3756243884563446	0.291179358959198	0.288711279630661	0.6465966701507568	0.0	0.0	0.0	QRSduration	0.7512487769126892
EC4_immune	1572.0	1000.0	0.1448551416397094	1.024827241897583	0.2067932039499282	0.7643151879310608	0.0	0.0	0.0	QRSduration	0.4490509390830991
EC5_art	1755.0	1000.0	0.139860138297081	1.0948948860168457	0.1008991003036499	1.2624386548995972	1.0	1.0	1.0	QRSduration	0.4490509390830991
EC6_ven	2329.0	1000.0	0.2097902148962021	0.7782258987426758	0.3816183805465698	0.1441388875246048	0.0	0.0	0.0	QRSduration	0.5655214488506317
EC7_endocardial	3018.0	1000.0	0.0439560450613498	1.8990777730941768	0.0759240761399269	1.4559016227722168	0.0	0.0	5.0	QRSduration	0.20963652260028365
EC8_ln	303.0	1000.0	0.6823176741600037	-0.4771229326725006	0.1128871142864227	1.153178572654724	0.0	0.0	0.0	QRSduration	0.8633407305698005
FB1	285.0	1000.0	0.939060926437378	-1.5018556118011477	0.0289710294455289	1.7768899202346802	0.0	0.0	0.0	QRSduration	1.0
FB2	12538.0	1000.0	0.9900099635124208	-2.07502818107605	0.0809190794825553	1.4688160419464111	0.0	0.0	0.0	QRSduration	1.0
FB3	13284.0	1000.0	0.9710289835929872	-1.7181862592697144	0.001998001942411	4.15325927734375	0.0	0.0	0.0	QRSduration	1.0
FB4_activated	12567.0	1000.0	0.9700299501419068	-1.8218101263046265	0.001998001942411	3.5395636558532715	0.0	0.0	0.0	QRSduration	1.0
FB5	3366.0	1000.0	0.8051947951316833	-0.8491109609603882	0.0309690311551094	2.023730516433716	0.0	0.0	0.0	QRSduration	0.9802889480040624
FB6	1367.0	1000.0	1.0	-3.095442056655884	0.2137862145900726	0.7806421518325806	0.0	0.0	0.0	QRSduration	1.0
ILC	38.0	1000.0	0.1668331623077392	0.9250084757804872	0.5514485239982605	-0.0136933829635381	0.0	0.0	0.0	QRSduration	0.49255505062284904
LYVE1+IGF1+MP	1436.0	1000.0	0.6283716559410095	-0.3752040565013885	0.1288711279630661	1.1293107271194458	0.0	0.0	0.0	QRSduration	0.8617469849793807
LYVE1+MP_cycling	642.0	1000.0	0.4295704364776611	0.1703830063343048	0.7222777009010315	-0.5912308096885681	0.0	0.0	0.0	QRSduration	0.8145793369322112
LYVE1+TIMD4+MP	9361.0	1000.0	0.8571428656578064	-1.1057217121124268	0.3196803331375122	0.277402400970459	0.0	0.0	0.0	QRSduration	1.0
MAIT-like	124.0	1000.0	0.6373626589775085	-0.3963348269462585	0.3086913228034973	0.5491878986358643	0.0	0.0	0.0	QRSduration	0.8617469849793807
Mast	308.0	1000.0	0.0169830173254013	2.6072351932525635	0.4945054948329925	0.0295428615063428	0.0	0.0	0.0	QRSduration	0.10529470741748806
Meso	48.0	1000.0	0.6063936352729797	-0.3497091829776764	0.8491508364677429	-1.0007600784301758	0.0	0.0	0.0	QRSduration	0.8617469849793807
MoMP	3255.0	1000.0	0.8221778273582458	-0.9292440414428712	0.269730269908905	0.5040963292121887	0.0	0.0	0.0	QRSduration	0.9802889480040624
NC1_glial	1393.0	1000.0	0.1198801174759864	1.3167048692703247	0.1418581455945968	0.9758836030960084	0.0	0.0	2.0	QRSduration	0.43720984020653864
NC2_glial_NGF+	149.0	1000.0	0.4905094802379608	-0.073780357837677	0.1558441519737243	0.9997066259384156	0.0	0.0	0.0	QRSduration	0.8290171562097012
NK_CD16hi	951.0	1000.0	0.0759240761399269	1.4759927988052368	0.2807192802429199	0.5161716341972351	0.0	0.0	0.0	QRSduration	0.2942057950422167
NK_CD56hi	367.0	1000.0	0.269730269908905	0.6322911381721497	0.8561438322067261	-0.9829114079475404	0.0	0.0	0.0	QRSduration	0.6689310693740843
Neut	20.0	1000.0	0.0269730277359485	2.159196615219116	0.8281718492507935	-0.8737011551856995	0.0	0.0	0.0	QRSduration	0.13936064330240058
PC1_vent	390.0	1000.0	0.8941059112548828	-1.1670597791671753	0.2207792252302169	0.7920840382575989	0.0	0.0	0.0	QRSduration	1.0
PC2_atria	3958.0	1000.0	0.9890109896659852	-2.155159711837769	0.0339660346508026	2.0842080116271973	0.0	0.0	0.0	QRSduration	1.0
PC3_str	613.0	1000.0	0.521478533744812	-0.1418391615152359	0.2217782288789749	0.8240991830825806	0.0	0.0	0.0	QRSduration	0.8290171562097012
PC4_CMC-like	10.0	1000.0	0.2917082905769348	0.5410506129264832	0.250749260187149	0.7224917411804199	0.0	0.0	0.0	QRSduration	0.6956120775296137
SAN_P_cell	245.0	1000.0	0.0029970030300319	3.409367561340332	0.593406617641449	-0.2225266695022583	0.0	0.0	0.0	QRSduration	0.03716283757239556
SMC1_basic	370.0	1000.0	0.5604395866394043	-0.2011867612600326	0.0959040969610214	1.272050857543945	0.0	0.0	0.0	QRSduration	0.8617469849793807
SMC2_art	725.0	1000.0	0.5094904899597168	-0.1246077939867973	0.4935064911842346	0.0549387000501155	0.0	0.0	0.0	QRSduration	0.8290171562097012
T/NK_cycling	58.0	1000.0	0.3036963045597076	0.4887371361255646	0.8311688303947449	-0.9201145768165588	0.0	0.0	0.0	QRSduration	0.6973766993593286
aCM1	1150.0	1000.0	0.0109890112653374	2.544135332107544	0.0009990009712055	4.954562664031982	0.0	0.0	1.0	QRSduration	0.07570207760565764
aCM2	6007.0	1000.0	0.0229770224541425	2.1169872283935547	0.0059940060600638	4.403643608093262	0.0	1.0	3.0	QRSduration	0.12950685383243957
aCM3	735.0	1000.0	0.0579420588910579	1.6835073232650757	0.0439560450613498	1.7618515491485596	0.0	0.0	0.0	QRSduration	0.2566005465175421
aCM4	2354.0	1000.0	0.006993006914854	2.880808591842652	0.0049950052052736	3.860017538070679	0.0	0.0	7.0	QRSduration	0.061938060214742546
unclassified	6441.0	1000.0	0.001998001942411	4.200189590454102	0.001998001942411	3.987039566040039	0.0	1.0	9.0	QRSduration	0.03716283757239556
vCM1	5427.0	1000.0	0.0009990009712055	3.636605024337769	0.0049950052052736	3.613377094268799	2.0	2.0	24.0	QRSduration	0.0309690301073705
vCM2	481.0	1000.0	0.0079920077696442	2.5501959323883057	0.0219780225306749	2.251946210861206	0.0	0.0	0.0	QRSduration	0.061938060214742546
vCM3_stressed	2807.0	1000.0	0.0709290727972984	1.4147603511810305	0.0999000966548919	1.3687987327575684	0.0	0.0	3.0	QRSduration	0.29317350089550004
vCM4	4480.0	1000.0	0.0009990009712055	3.892660617828369	0.0109890112653374	3.1191725730896	0.0	0.0	23.0	QRSduration	0.0309690301073705
vCM5	10.0	1000.0	0.881118893623352	-1.0385042428970337	0.9460539221763612	-2.218413829803467	0.0	0.0	0.0	QRSduration	1.0
AVN_P_cell	155.0	1000.0	0.0009990009712055	4.137248516082764	0.0629370659589767	1.4289381504058838	11.0	23.0	49.0	QTinterval	0.0061938060214741
AVN_bundle_cell	38.0	1000.0	0.0009990009712055	4.610893726348877	0.4045954048633575	0.3084965348243713	7.0	9.0	15.0	QTinterval	0.0061938060214741
Adip1	1311.0	1000.0	0.8411588668823242	-0.9830912351608276	0.0039960038848221	4.739497184753418	1.0	2.0	5.0	QTinterval	1.0
Adip2	554.0	1000.0	0.9990010261535645	-2.550424575805664	0.0869130864739418	1.4707200527191162	0.0	0.0	1.0	QTinterval	1.0
Adip3	80.0	1000.0	0.9880120158195496	-2.044530153274536	0.4995005130767822	0.0725511536002159	0.0	0.0	0.0	QTinterval	1.0
B	250.0	1000.0	0.4365634322166443	0.0685575753450393	0.0339660346508026	1.8401787281036377	2.0	3.0	7.0	QTinterval	0.7315387242549175
B_plasma	117.0	1000.0	0.4745254814624786	-0.1761587709188461	0.8101897835731506	-0.8835693597793579	0.0	0.0	0.0	QTinterval	0.7706247484961222
CD14+Mo	575.0	1000.0	0.0729270726442337	1.5230352878570557	0.2667332589626312	0.6386992335319519	7.0	12.0	29.0	QTinterval	0.2415584355592725
CD16+Mo	1029.0	1000.0	0.0779220759868621	1.5004864931106567	0.0189810190349817	2.1110074520111084	7.0	19.0	51.0	QTinterval	0.2415584355592725
CD4+T_act	930.0	1000.0	0.7042956948280334	-0.5680360794067383	0.0049950052052736	2.525229454040528	1.0	4.0	14.0	QTinterval	0.9290709165816612
CD4+T_naive	897.0	1000.0	0.6253746151924133	-0.3542752861976623	0.0329670347273349	1.806669235229492	2.0	5.0	14.0	QTinterval	0.842896220476731
CD8+T_cytox	89.0	1000.0	0.0489510484039783	1.679708480834961	0.2647352516651153	0.6549131870269775	2.0	4.0	5.0	QTinterval	0.1896853125654159
CD8+T_em	583.0	1000.0	0.503496527671814	-0.0372914671897888	0.0089910086244344	2.2469022274017334	0.0	2.0	7.0	QTinterval	0.7706247484961222
CD8+T_te	390.0	1000.0	0.5344655513763428	-0.1136947646737098	0.1538461595773697	1.03173565864563	0.0	0.0	3.0	QTinterval	0.7706247484961222
CD8+T_trans	699.0	1000.0	0.3716283738613128	0.2843892574310303	0.278721272945404	0.5713064670562744	2.0	6.0	14.0	QTinterval	0.6400266438722609
DC	167.0	1000.0	0.5814185738563538	-0.190214529633522	0.0039960038848221	2.228336811065674	1.0	1.0	4.0	QTinterval	0.8010655906465318
EC10_CMC-like	2492.0	1000.0	0.7502497434616089	-0.6867122650146484	0.0009990009712055	3.950801134109497	5.0	15.0	34.0	QTinterval	0.94929559376775
EC1_cap	739.0	1000.0	0.530469536781311	-0.1009040251374244	0.9030969142913818	-1.2803442478179932	3.0	6.0	19.0	QTinterval	0.7706247484961222
EC2_cap	203.0	1000.0	0.3076923191547394	0.4322354793548584	0.0539460554718971	1.5828757286071775	1.0	3.0	4.0	QTinterval	0.5780885996240558
EC3_cap	137.0	1000.0	0.512487530708313	-0.0657960101962089	0.2407592386007309	0.7144878506660461	0.0	0.0	2.0	QTinterval	0.7706247484961222
EC4_immune	1572.0	1000.0	0.8281718492507935	-0.9495496153831482	0.006993006914854	3.141747236251831	1.0	5.0	14.0	QTinterval	1.0
EC5_art	1755.0	1000.0	0.2397602349519729	0.6769164204597473	0.0179820172488689	2.312483549118042	12.0	29.0	60.0	QTinterval	0.5125908471387007
EC6_ven	2329.0	1000.0	0.8171828389167786	-0.8671455979347229	0.0099900104105472	3.1732144355773926	4.0	12.0	33.0	QTinterval	1.0
EC7_endocardial	3018.0	1000.0	0.9630369544029236	-1.6543920040130615	0.0419580414891243	1.9873210191726685	2.0	7.0	27.0	QTinterval	1.0
EC8_ln	303.0	1000.0	0.7422577142715454	-0.6824193000793457	0.0219780225306749	2.049456834793091	0.0	3.0	4.0	QTinterval	0.94929559376775
FB1	285.0	1000.0	0.1218781247735023	1.2146402597427368	0.0129870129749178	2.209880352020264	2.0	4.0	9.0	QTinterval	0.33123397827148415
FB2	12538.0	1000.0	1.0	-3.526131391525269	0.001998001942411	6.047074317932129	6.0	17.0	41.0	QTinterval	1.0
FB3	13284.0	1000.0	1.0	-2.8293166160583496	0.0009990009712055	8.743464469909668	5.0	19.0	72.0	QTinterval	1.0
FB4_activated	12567.0	1000.0	0.9970030188560486	-2.308265686035156	0.0009990009712055	5.9659271240234375	19.0	44.0	124.0	QTinterval	1.0
FB5	3366.0	1000.0	0.8901098966598511	-1.240664839744568	0.0009990009712055	5.413474559783936	2.0	7.0	38.0	QTinterval	1.0
FB6	1367.0	1000.0	1.0	-3.291930913925171	0.0009990009712055	3.1336233615875244	2.0	7.0	11.0	QTinterval	1.0
ILC	38.0	1000.0	0.170829176902771	0.8946091532707214	0.1168831139802932	1.0777850151062012	1.0	2.0	2.0	QTinterval	0.4236563587188721
LYVE1+IGF1+MP	1436.0	1000.0	0.1368631422519683	1.1549899578094482	0.0009990009712055	4.802748680114746	8.0	21.0	60.0	QTinterval	0.35356311748425145
LYVE1+MP_cycling	642.0	1000.0	0.368631362915039	0.3028269708156585	0.4515484571456909	0.126280203461647	2.0	4.0	11.0	QTinterval	0.6400266438722609
LYVE1+TIMD4+MP	9361.0	1000.0	0.3526473641395569	0.3577664792537689	0.0419580414891243	2.059976577758789	26.0	70.0	210.0	QTinterval	0.6400266438722609
MAIT-like	124.0	1000.0	0.4925074875354767	-0.0358673296868801	0.0259740259498357	1.6755021810531616	0.0	2.0	3.0	QTinterval	0.7706247484961222
Mast	308.0	1000.0	0.1228771209716796	1.1352556943893433	0.2267732322216034	0.7404234409332275	1.0	6.0	15.0	QTinterval	0.33123397827148415
Meso	48.0	1000.0	0.998001992702484	-2.138274908065796	0.0009990009712055	3.2033658027648926	0.0	0.0	0.0	QTinterval	1.0
MoMP	3255.0	1000.0	0.2977023124694824	0.4802683591842651	0.0039960038848221	3.891829013824463	17.0	33.0	97.0	QTinterval	0.5767982304096222
NC1_glial	1393.0	1000.0	0.0199800208210945	2.572577714920044	0.0199800208210945	2.434889078140259	29.0	71.0	150.0	QTinterval	0.08848294935056135
NC2_glial_NGF+	149.0	1000.0	0.2337662279605865	0.6535991430282593	0.2037962079048156	0.8295742869377136	0.0	0.0	3.0	QTinterval	0.5125908471387007
NK_CD16hi	951.0	1000.0	0.0669330656528472	1.6293278932571411	0.2657342553138733	0.5566920638084412	8.0	23.0	55.0	QTinterval	0.2415584355592725
NK_CD56hi	367.0	1000.0	0.1188811212778091	1.2233670949935913	0.4235764145851135	0.2250569611787796	1.0	8.0	18.0	QTinterval	0.33123397827148415
Neut	20.0	1000.0	0.2857142984867096	0.5363260507583618	0.3516483604907989	0.4337879717350006	0.0	0.0	0.0	QTinterval	0.5714285969734192
PC1_vent	390.0	1000.0	0.5754245519638062	-0.2211764901876449	0.0059940060600638	2.3020622730255127	1.0	3.0	6.0	QTinterval	0.8010655906465318
PC2_atria	3958.0	1000.0	0.8931068778038025	-1.216012954711914	0.0109890112653374	3.194298505783081	3.0	14.0	54.0	QTinterval	1.0
PC3_str	613.0	1000.0	0.259740263223648	0.6436244249343872	0.1948051899671554	0.8268104195594788	3.0	9.0	22.0	QTinterval	0.5367965439955392
PC4_CMC-like	10.0	1000.0	0.0039960038848221	3.129607915878296	0.4205794334411621	0.4337788224220276	0.0	2.0	2.0	QTinterval	0.02064602007158085
SAN_P_cell	245.0	1000.0	0.001998001942411	3.7796807289123535	0.0249750241637229	1.9461884498596191	11.0	27.0	52.0	QTinterval	0.011261465493589272
SMC1_basic	370.0	1000.0	0.219780221581459	0.6948619484901428	0.3586413562297821	0.3328758776187897	0.0	1.0	9.0	QTinterval	0.5125908471387007
SMC2_art	725.0	1000.0	0.2397602349519729	0.6104977130889893	0.6413586139678955	-0.3666881024837494	1.0	5.0	14.0	QTinterval	0.5125908471387007
T/NK_cycling	58.0	1000.0	0.0369630381464958	1.9537203311920168	0.9090909361839294	-1.41719651222229	2.0	3.0	5.0	QTinterval	0.15278055767218263
aCM1	1150.0	1000.0	0.0009990009712055	4.402923583984375	0.1038961037993431	1.214790940284729	55.0	112.0	236.0	QTinterval	0.0061938060214741
aCM2	6007.0	1000.0	0.0049950052052736	2.707692861557007	0.139860138297081	0.863327145576477	122.0	285.0	757.0	QTinterval	0.023822332517458706
aCM3	735.0	1000.0	0.0009990009712055	4.260927200317383	0.4885115027427673	0.0076029836200177	38.0	92.0	160.0	QTinterval	0.0061938060214741
aCM4	2354.0	1000.0	0.0009990009712055	4.859437465667725	0.1998001933097839	0.7742717266082764	181.0	351.0	661.0	QTinterval	0.0061938060214741
unclassified	6441.0	1000.0	0.0009990009712055	13.820363998413086	0.0009990009712055	9.518412590026855	547.0	881.0	1348.0	QTinterval	0.0061938060214741
vCM1	5427.0	1000.0	0.0009990009712055	7.04570198059082	0.0459540449082851	1.8910175561904907	1456.0	2301.0	3314.0	QTinterval	0.0061938060214741
vCM2	481.0	1000.0	0.0009990009712055	6.345455646514893	0.001998001942411	4.202451229095459	89.0	151.0	214.0	QTinterval	0.0061938060214741
vCM3_stressed	2807.0	1000.0	0.0009990009712055	6.195934295654297	0.0009990009712055	5.511023044586182	472.0	778.0	1156.0	QTinterval	0.0061938060214741
vCM4	4480.0	1000.0	0.0009990009712055	7.559920310974121	0.0169830173254013	2.6873483657836914	1362.0	2044.0	2844.0	QTinterval	0.0061938060214741
vCM5	10.0	1000.0	0.0779220759868621	1.4979149103164673	0.5374625325202942	0.385772705078125	0.0	0.0	1.0	QTinterval	0.2415584355592725
AVN_P_cell	155.0	1000.0	0.000999001	10.697855	0.011988012	2.1195004	117.0	126.0	135.0	RestingHeartRate	0.004764466307692308
AVN_bundle_cell	38.0	1000.0	0.000999001	7.02617	0.18281718	0.9127306	21.0	27.0	31.0	RestingHeartRate	0.004764466307692308
Adip1	1311.0	1000.0	0.101898104	1.2530899	0.001998002	4.1291447	38.0	57.0	89.0	RestingHeartRate	0.3008420213333333
Adip2	554.0	1000.0	0.6723277	-0.47019297	0.002997003	3.523502	8.0	11.0	13.0	RestingHeartRate	0.9869695626086955
Adip3	80.0	1000.0	0.41658342	0.1436683	0.5964036	-0.22397253	0.0	0.0	3.0	RestingHeartRate	0.80713037625
B	250.0	1000.0	0.9080919	-1.2519841	0.000999001	4.1352487	0.0	0.0	3.0	RestingHeartRate	1.0
B_plasma	117.0	1000.0	0.60639364	-0.31786558	0.20479521	0.774641	0.0	1.0	3.0	RestingHeartRate	0.9869695626086955
CD14+Mo	575.0	1000.0	0.8911089	-1.19897	0.000999001	5.071262	3.0	4.0	10.0	RestingHeartRate	1.0
CD16+Mo	1029.0	1000.0	0.995005	-2.3907726	0.000999001	7.660304	2.0	3.0	11.0	RestingHeartRate	1.0
CD4+T_act	930.0	1000.0	0.8251748	-0.97329515	0.000999001	5.24528	5.0	8.0	19.0	RestingHeartRate	1.0
CD4+T_naive	897.0	1000.0	0.7222777	-0.6434295	0.000999001	4.4484644	4.0	8.0	19.0	RestingHeartRate	0.9869695626086955
CD8+T_cytox	89.0	1000.0	0.28071928	0.57372504	0.34665334	0.46904513	0.0	2.0	5.0	RestingHeartRate	0.6001584606896553
CD8+T_em	583.0	1000.0	0.73226774	-0.65920377	0.000999001	3.073927	2.0	5.0	9.0	RestingHeartRate	0.9869695626086955
CD8+T_te	390.0	1000.0	0.6723277	-0.44349882	0.054945055	1.4046824	2.0	4.0	12.0	RestingHeartRate	0.9869695626086955
CD8+T_trans	699.0	1000.0	0.7942058	-0.87536824	0.000999001	3.6418731	4.0	6.0	16.0	RestingHeartRate	1.0
DC	167.0	1000.0	1.0	-3.1117518	0.006993007	2.287729	0.0	0.0	1.0	RestingHeartRate	1.0
EC10_CMC-like	2492.0	1000.0	0.16583416	0.9679327	0.000999001	7.476975	53.0	92.0	153.0	RestingHeartRate	0.42840491333333336
EC1_cap	739.0	1000.0	0.034965035	1.8882078	0.000999001	4.5531077	23.0	39.0	68.0	RestingHeartRate	0.11409643
EC2_cap	203.0	1000.0	0.12887113	1.1017964	0.03196803	1.6306021	7.0	9.0	17.0	RestingHeartRate	0.35277768173913043
EC3_cap	137.0	1000.0	0.44855145	0.08999528	0.003996004	2.3022337	4.0	6.0	6.0	RestingHeartRate	0.8427330272727273
EC4_immune	1572.0	1000.0	0.6993007	-0.5438637	0.000999001	5.238904	9.0	23.0	41.0	RestingHeartRate	0.9869695626086955
EC5_art	1755.0	1000.0	0.050949052	1.6972497	0.000999001	4.9821873	48.0	83.0	138.0	RestingHeartRate	0.1579420612
EC6_ven	2329.0	1000.0	0.38961038	0.21087885	0.000999001	5.6899033	40.0	67.0	105.0	RestingHeartRate	0.77922076
EC7_endocardial	3018.0	1000.0	0.26473525	0.5639453	0.006993007	3.5638654	51.0	82.0	153.0	RestingHeartRate	0.5861994821428571
EC8_ln	303.0	1000.0	0.2947053	0.43162346	0.004995005	2.7120686	2.0	7.0	15.0	RestingHeartRate	0.60905762
FB1	285.0	1000.0	0.22677323	0.74815214	0.002997003	2.510103	6.0	11.0	15.0	RestingHeartRate	0.5390905281481482
FB2	12538.0	1000.0	0.98301697	-1.9318804	0.000999001	7.1038527	40.0	96.0	233.0	RestingHeartRate	1.0
FB3	13284.0	1000.0	0.95904094	-1.6424053	0.000999001	11.294294	65.0	126.0	251.0	RestingHeartRate	1.0
FB4_activated	12567.0	1000.0	0.23476523	0.65666044	0.000999001	6.652074	181.0	342.0	638.0	RestingHeartRate	0.5390905281481482
FB5	3366.0	1000.0	0.5134865	-0.0928804	0.000999001	5.546581	45.0	76.0	141.0	RestingHeartRate	0.9363577352941176
FB6	1367.0	1000.0	0.8611389	-1.0996841	0.000999001	5.651603	13.0	18.0	32.0	RestingHeartRate	1.0
ILC	38.0	1000.0	0.7902098	-0.80199945	0.09190809	1.2596492	0.0	0.0	1.0	RestingHeartRate	1.0
LYVE1+IGF1+MP	1436.0	1000.0	0.991009	-2.159741	0.000999001	9.52485	4.0	6.0	16.0	RestingHeartRate	1.0
LYVE1+MP_cycling	642.0	1000.0	0.9050949	-1.2826915	0.000999001	3.8977995	1.0	4.0	11.0	RestingHeartRate	1.0
LYVE1+TIMD4+MP	9361.0	1000.0	0.999001	-2.8989377	0.000999001	8.654818	11.0	29.0	64.0	RestingHeartRate	1.0
MAIT-like	124.0	1000.0	0.55944055	-0.14256424	0.1938062	0.8749608	3.0	3.0	5.0	RestingHeartRate	0.9558549383783783
Mast	308.0	1000.0	0.66233766	-0.47961763	0.016983017	2.1093366	3.0	3.0	7.0	RestingHeartRate	0.9869695626086955
Meso	48.0	1000.0	0.57042956	-0.20812382	0.121878125	1.1556293	0.0	0.0	1.0	RestingHeartRate	0.9558549383783783
MoMP	3255.0	1000.0	0.989011	-2.145586	0.000999001	9.127782	6.0	15.0	40.0	RestingHeartRate	1.0
NC1_glial	1393.0	1000.0	0.016983017	2.5187829	0.003996004	3.686844	67.0	120.0	230.0	RestingHeartRate	0.05849705855555555
NC2_glial_NGF+	149.0	1000.0	0.22477522	0.71102977	0.000999001	2.928855	3.0	4.0	9.0	RestingHeartRate	0.5390905281481482
NK_CD16hi	951.0	1000.0	0.5674326	-0.23355362	0.001998002	3.7937722	6.0	13.0	31.0	RestingHeartRate	0.9558549383783783
NK_CD56hi	367.0	1000.0	0.75224775	-0.72264934	0.064935066	1.4472865	0.0	3.0	7.0	RestingHeartRate	0.9923268191489362
Neut	20.0	1000.0	0.8131868	-0.8908941	0.5714286	-0.13078192	0.0	0.0	0.0	RestingHeartRate	1.0
PC1_vent	390.0	1000.0	0.71428573	-0.5452531	0.000999001	3.422917	3.0	3.0	13.0	RestingHeartRate	0.9869695626086955
PC2_atria	3958.0	1000.0	0.7032967	-0.5984049	0.000999001	8.114774	31.0	57.0	123.0	RestingHeartRate	0.9869695626086955
PC3_str	613.0	1000.0	0.000999001	3.2719808	0.003996004	2.7697973	30.0	45.0	66.0	RestingHeartRate	0.004764466307692308
PC4_CMC-like	10.0	1000.0	0.004995005	2.7316618	0.43256745	0.4303435	1.0	3.0	4.0	RestingHeartRate	0.01821707705882353
SAN_P_cell	245.0	1000.0	0.000999001	8.432292	0.36563435	0.35516644	172.0	193.0	212.0	RestingHeartRate	0.004764466307692308
SMC1_basic	370.0	1000.0	0.001998002	4.176019	0.001998002	3.0663228	30.0	49.0	74.0	RestingHeartRate	0.008258408266666666
SMC2_art	725.0	1000.0	0.001998002	4.207739	0.032967035	1.9249895	56.0	102.0	183.0	RestingHeartRate	0.008258408266666666
T/NK_cycling	58.0	1000.0	0.13086914	1.1753153	0.22177823	0.7864012	0.0	2.0	5.0	RestingHeartRate	0.35277768173913043
aCM1	1150.0	1000.0	0.000999001	7.4415555	0.007992008	2.8782516	512.0	693.0	816.0	RestingHeartRate	0.004764466307692308
aCM2	6007.0	1000.0	0.000999001	6.68647	0.002997003	4.170811	2965.0	3859.0	4659.0	RestingHeartRate	0.004764466307692308
aCM3	735.0	1000.0	0.000999001	7.7956634	0.004995005	3.3238084	356.0	439.0	548.0	RestingHeartRate	0.004764466307692308
aCM4	2354.0	1000.0	0.000999001	8.76948	0.000999001	5.201508	1552.0	1829.0	2033.0	RestingHeartRate	0.004764466307692308
unclassified	6441.0	1000.0	0.000999001	16.137138	0.000999001	9.202532	1365.0	1734.0	2160.0	RestingHeartRate	0.004764466307692308
vCM1	5427.0	1000.0	0.000999001	7.3540373	0.034965035	2.015273	3304.0	4098.0	4696.0	RestingHeartRate	0.004764466307692308
vCM2	481.0	1000.0	0.000999001	7.006674	0.1058941	1.2817773	260.0	322.0	380.0	RestingHeartRate	0.004764466307692308
vCM3_stressed	2807.0	1000.0	0.000999001	5.813018	0.13386613	1.08409	941.0	1368.0	1828.0	RestingHeartRate	0.004764466307692308
vCM4	4480.0	1000.0	0.000999001	8.555563	0.008991009	3.4703596	3221.0	3705.0	4060.0	RestingHeartRate	0.004764466307692308
vCM5	10.0	1000.0	0.003996004	2.9092145	0.46253747	0.4293408	4.0	4.0	5.0	RestingHeartRate	0.0154845155
AVN_P_cell	155.0	1000.0	0.95904094	-1.60985	0.02897103	1.8605034	0.0	0.0	0.0	RheumatoidArthritis	1.0
AVN_bundle_cell	38.0	1000.0	0.999001	-2.8379261	0.16183816	1.0366309	0.0	0.0	0.0	RheumatoidArthritis	1.0
Adip1	1311.0	1000.0	0.989011	-1.8672572	0.18981019	0.7216097	1.0	1.0	3.0	RheumatoidArthritis	1.0
Adip2	554.0	1000.0	0.9110889	-1.2647156	0.004995005	3.2831595	5.0	6.0	8.0	RheumatoidArthritis	1.0
Adip3	80.0	1000.0	0.94005996	-1.4477582	0.18381618	0.9469868	0.0	0.0	1.0	RheumatoidArthritis	1.0
B	250.0	1000.0	0.000999001	9.69543	0.000999001	4.384544	147.0	164.0	185.0	RheumatoidArthritis	0.0026929592173913046
B_plasma	117.0	1000.0	0.06993007	1.7838892	0.000999001	2.9238117	2.0	6.0	14.0	RheumatoidArthritis	0.12751953941176472
CD14+Mo	575.0	1000.0	0.000999001	4.506581	0.000999001	4.197912	28.0	59.0	91.0	RheumatoidArthritis	0.0026929592173913046
CD16+Mo	1029.0	1000.0	0.000999001	8.028604	0.000999001	7.901927	134.0	180.0	252.0	RheumatoidArthritis	0.0026929592173913046
CD4+T_act	930.0	1000.0	0.000999001	8.796185	0.000999001	5.866465	299.0	398.0	509.0	RheumatoidArthritis	0.0026929592173913046
CD4+T_naive	897.0	1000.0	0.000999001	9.485375	0.000999001	4.3948054	287.0	363.0	474.0	RheumatoidArthritis	0.0026929592173913046
CD8+T_cytox	89.0	1000.0	0.000999001	6.4998775	0.36963037	0.42361322	18.0	28.0	42.0	RheumatoidArthritis	0.0026929592173913046
CD8+T_em	583.0	1000.0	0.000999001	8.155534	0.02097902	1.9562563	162.0	217.0	300.0	RheumatoidArthritis	0.0026929592173913046
CD8+T_te	390.0	1000.0	0.000999001	7.84599	0.003996004	2.6718585	129.0	183.0	226.0	RheumatoidArthritis	0.0026929592173913046
CD8+T_trans	699.0	1000.0	0.000999001	8.2842	0.003996004	2.8250337	201.0	273.0	353.0	RheumatoidArthritis	0.0026929592173913046
DC	167.0	1000.0	0.000999001	14.558233	0.016983017	2.055609	90.0	110.0	120.0	RheumatoidArthritis	0.0026929592173913046
EC10_CMC-like	2492.0	1000.0	0.004995005	2.9293985	0.002997003	3.9752283	53.0	95.0	226.0	RheumatoidArthritis	0.01191116576923077
EC1_cap	739.0	1000.0	0.000999001	3.6787634	0.45454547	0.11979327	21.0	47.0	88.0	RheumatoidArthritis	0.0026929592173913046
EC2_cap	203.0	1000.0	0.008991009	2.715007	0.9330669	-1.542498	4.0	10.0	22.0	RheumatoidArthritis	0.019908662785714286
EC3_cap	137.0	1000.0	0.000999001	3.3159335	0.3926074	0.33049452	7.0	12.0	25.0	RheumatoidArthritis	0.0026929592173913046
EC4_immune	1572.0	1000.0	0.000999001	4.6343985	0.02997003	2.051522	84.0	146.0	244.0	RheumatoidArthritis	0.0026929592173913046
EC5_art	1755.0	1000.0	0.001998002	3.0884786	0.00999001	2.9357247	44.0	83.0	161.0	RheumatoidArthritis	0.00495504496
EC6_ven	2329.0	1000.0	0.001998002	3.4160926	0.00999001	3.6971042	71.0	122.0	232.0	RheumatoidArthritis	0.00495504496
EC7_endocardial	3018.0	1000.0	0.060939062	1.6479689	0.008991009	3.3328636	35.0	72.0	154.0	RheumatoidArthritis	0.11449157103030302
EC8_ln	303.0	1000.0	0.060939062	1.6659598	0.003996004	3.0410907	2.0	6.0	21.0	RheumatoidArthritis	0.11449157103030302
FB1	285.0	1000.0	0.999001	-2.595866	0.32767233	0.48410237	0.0	0.0	2.0	RheumatoidArthritis	1.0
FB2	12538.0	1000.0	0.95604396	-1.6820939	0.05994006	1.6921393	11.0	30.0	95.0	RheumatoidArthritis	1.0
FB3	13284.0	1000.0	0.04895105	1.7846837	0.000999001	9.497184	140.0	243.0	528.0	RheumatoidArthritis	0.0979021
FB4_activated	12567.0	1000.0	0.94005996	-1.4850146	0.001998002	4.8235993	33.0	60.0	150.0	RheumatoidArthritis	1.0
FB5	3366.0	1000.0	0.6883117	-0.5131612	0.23076923	0.69536835	10.0	26.0	55.0	RheumatoidArthritis	1.0
FB6	1367.0	1000.0	0.01998002	2.1814501	0.000999001	4.817124	29.0	41.0	62.0	RheumatoidArthritis	0.041292041333333335
ILC	38.0	1000.0	0.000999001	6.2231326	0.16383617	1.0220778	14.0	16.0	19.0	RheumatoidArthritis	0.0026929592173913046
LYVE1+IGF1+MP	1436.0	1000.0	0.000999001	6.721682	0.000999001	6.8021083	202.0	284.0	422.0	RheumatoidArthritis	0.0026929592173913046
LYVE1+MP_cycling	642.0	1000.0	0.000999001	5.5902267	0.005994006	2.3948739	93.0	148.0	214.0	RheumatoidArthritis	0.0026929592173913046
LYVE1+TIMD4+MP	9361.0	1000.0	0.000999001	8.139794	0.000999001	9.469181	1531.0	2174.0	3075.0	RheumatoidArthritis	0.0026929592173913046
MAIT-like	124.0	1000.0	0.000999001	8.048286	0.44855145	0.24410366	46.0	60.0	73.0	RheumatoidArthritis	0.0026929592173913046
Mast	308.0	1000.0	0.34465533	0.3440379	0.001998002	3.3913257	2.0	2.0	7.0	RheumatoidArthritis	0.6105322988571428
Meso	48.0	1000.0	0.017982017	2.4338567	0.015984016	1.9800303	2.0	4.0	4.0	RheumatoidArthritis	0.03844431220689655
MoMP	3255.0	1000.0	0.000999001	8.416962	0.000999001	8.88097	455.0	655.0	962.0	RheumatoidArthritis	0.0026929592173913046
NC1_glial	1393.0	1000.0	0.9030969	-1.1087945	0.11888112	1.132104	1.0	4.0	10.0	RheumatoidArthritis	1.0
NC2_glial_NGF+	149.0	1000.0	0.7972028	-0.82598436	0.016983017	1.9086614	0.0	2.0	2.0	RheumatoidArthritis	1.0
NK_CD16hi	951.0	1000.0	0.000999001	7.1328993	0.001998002	4.424928	291.0	413.0	553.0	RheumatoidArthritis	0.0026929592173913046
NK_CD56hi	367.0	1000.0	0.000999001	6.5962234	0.10889111	1.252674	97.0	135.0	184.0	RheumatoidArthritis	0.0026929592173913046
Neut	20.0	1000.0	0.007992008	2.9357002	0.67632365	-0.37629327	1.0	2.0	4.0	RheumatoidArthritis	0.01835201837037037
PC1_vent	390.0	1000.0	0.8961039	-1.2051166	0.1008991	1.23617	0.0	1.0	4.0	RheumatoidArthritis	1.0
PC2_atria	3958.0	1000.0	0.82417583	-0.88601136	0.000999001	5.018649	9.0	20.0	53.0	RheumatoidArthritis	1.0
PC3_str	613.0	1000.0	0.36963037	0.27477208	0.001998002	2.8294609	5.0	9.0	16.0	RheumatoidArthritis	0.6365856372222223
PC4_CMC-like	10.0	1000.0	0.9480519	-1.5314798	0.8931069	-1.5871217	0.0	0.0	0.0	RheumatoidArthritis	1.0
SAN_P_cell	245.0	1000.0	1.0	-3.3183055	0.000999001	3.2916505	0.0	0.0	0.0	RheumatoidArthritis	1.0
SMC1_basic	370.0	1000.0	0.99000996	-1.9526492	0.10989011	1.2083496	0.0	0.0	1.0	RheumatoidArthritis	1.0
SMC2_art	725.0	1000.0	0.988012	-1.8498023	0.000999001	3.639852	1.0	1.0	4.0	RheumatoidArthritis	1.0
T/NK_cycling	58.0	1000.0	0.000999001	5.72482	0.4035964	0.31816286	18.0	25.0	29.0	RheumatoidArthritis	0.0026929592173913046
aCM1	1150.0	1000.0	1.0	-3.253533	0.022977022	1.9953514	0.0	0.0	2.0	RheumatoidArthritis	1.0
aCM2	6007.0	1000.0	1.0	-3.1065228	0.001998002	6.230141	0.0	2.0	3.0	RheumatoidArthritis	1.0
aCM3	735.0	1000.0	0.989011	-1.9348373	0.18181819	0.8437842	0.0	2.0	3.0	RheumatoidArthritis	1.0
aCM4	2354.0	1000.0	1.0	-3.6610944	0.13986014	1.0746051	1.0	1.0	2.0	RheumatoidArthritis	1.0
unclassified	6441.0	1000.0	0.000999001	14.355736	0.000999001	10.464908	372.0	455.0	608.0	RheumatoidArthritis	0.0026929592173913046
vCM1	5427.0	1000.0	0.999001	-2.9034424	0.35464534	0.28931212	0.0	0.0	0.0	RheumatoidArthritis	1.0
vCM2	481.0	1000.0	1.0	-2.799988	0.5744256	-0.1857274	0.0	0.0	0.0	RheumatoidArthritis	1.0
vCM3_stressed	2807.0	1000.0	0.9370629	-1.4768248	0.994006	-1.9694079	1.0	4.0	12.0	RheumatoidArthritis	1.0
vCM4	4480.0	1000.0	0.98101896	-2.0801766	0.97902095	-1.8826443	4.0	6.0	21.0	RheumatoidArthritis	1.0
vCM5	10.0	1000.0	0.83916086	-0.96974957	0.44255745	0.6430341	0.0	0.0	0.0	RheumatoidArthritis	1.0
AVN_P_cell	155.0	1000.0	0.8771229	-1.0826244	0.002997003	2.9308822	0.0	0.0	0.0	RheumatoidArthritis_noMHC	0.998002
AVN_bundle_cell	38.0	1000.0	0.973027	-1.6922235	0.4985015	0.034760688	0.0	0.0	0.0	RheumatoidArthritis_noMHC	0.998002
Adip1	1311.0	1000.0	0.4065934	0.15517253	0.06793207	1.6683882	6.0	7.0	14.0	RheumatoidArthritis_noMHC	0.7807949709090909
Adip2	554.0	1000.0	0.26773226	0.49857765	0.018981019	2.3772764	8.0	12.0	16.0	RheumatoidArthritis_noMHC	0.5928357185714285
Adip3	80.0	1000.0	0.5034965	-0.11472927	0.55244756	-0.046847474	0.0	0.0	0.0	RheumatoidArthritis_noMHC	0.9181406764705882
B	250.0	1000.0	0.000999001	6.943918	0.002997003	2.9662387	102.0	136.0	164.0	RheumatoidArthritis_noMHC	0.0032598980000000002
B_plasma	117.0	1000.0	0.062937066	1.8253696	0.003996004	2.479325	2.0	7.0	15.0	RheumatoidArthritis_noMHC	0.1696564387826087
CD14+Mo	575.0	1000.0	0.000999001	4.59685	0.061938062	1.5284656	34.0	60.0	95.0	RheumatoidArthritis_noMHC	0.0032598980000000002
CD16+Mo	1029.0	1000.0	0.000999001	5.1064405	0.003996004	3.684352	75.0	131.0	233.0	RheumatoidArthritis_noMHC	0.0032598980000000002
CD4+T_act	930.0	1000.0	0.000999001	10.692484	0.000999001	5.9242406	452.0	528.0	628.0	RheumatoidArthritis_noMHC	0.0032598980000000002
CD4+T_naive	897.0	1000.0	0.000999001	10.411484	0.000999001	5.754512	419.0	492.0	585.0	RheumatoidArthritis_noMHC	0.0032598980000000002
CD8+T_cytox	89.0	1000.0	0.000999001	7.785454	0.21678321	0.82439554	27.0	34.0	43.0	RheumatoidArthritis_noMHC	0.0032598980000000002
CD8+T_em	583.0	1000.0	0.000999001	9.095659	0.06393606	1.5501522	243.0	311.0	374.0	RheumatoidArthritis_noMHC	0.0032598980000000002
CD8+T_te	390.0	1000.0	0.000999001	9.449659	0.001998002	2.9903088	179.0	220.0	264.0	RheumatoidArthritis_noMHC	0.0032598980000000002
CD8+T_trans	699.0	1000.0	0.000999001	8.712774	0.000999001	4.2469916	283.0	348.0	435.0	RheumatoidArthritis_noMHC	0.0032598980000000002
DC	167.0	1000.0	0.000999001	6.2165046	0.04895105	1.6043522	31.0	49.0	70.0	RheumatoidArthritis_noMHC	0.0032598980000000002
EC10_CMC-like	2492.0	1000.0	0.33366632	0.37936538	0.04195804	1.8377347	4.0	12.0	41.0	RheumatoidArthritis_noMHC	0.6895770613333333
EC1_cap	739.0	1000.0	0.1998002	0.7974536	0.044955045	1.6614689	4.0	7.0	17.0	RheumatoidArthritis_noMHC	0.4764466307692308
EC2_cap	203.0	1000.0	0.41558442	0.17818917	0.45754245	0.14871362	0.0	2.0	4.0	RheumatoidArthritis_noMHC	0.7807949709090909
EC3_cap	137.0	1000.0	0.41558442	0.16595832	0.9000999	-1.3573438	0.0	0.0	1.0	RheumatoidArthritis_noMHC	0.7807949709090909
EC4_immune	1572.0	1000.0	0.05294705	1.7641827	0.3126873	0.38669372	9.0	22.0	68.0	RheumatoidArthritis_noMHC	0.14921441363636365
EC5_art	1755.0	1000.0	0.6973027	-0.50628465	0.04895105	1.6752415	1.0	6.0	17.0	RheumatoidArthritis_noMHC	0.998002
EC6_ven	2329.0	1000.0	0.6903097	-0.5487601	0.12587413	1.0004911	1.0	4.0	14.0	RheumatoidArthritis_noMHC	0.998002
EC7_endocardial	3018.0	1000.0	0.61538464	-0.34100083	0.21678321	0.6204982	2.0	8.0	18.0	RheumatoidArthritis_noMHC	0.998002
EC8_ln	303.0	1000.0	0.11888112	1.2062941	0.08291708	1.4171388	2.0	5.0	13.0	RheumatoidArthritis_noMHC	0.2948251776
FB1	285.0	1000.0	0.9150849	-1.3362393	0.26273727	0.65414727	0.0	0.0	3.0	RheumatoidArthritis_noMHC	0.998002
FB2	12538.0	1000.0	0.991009	-2.2131119	0.36063936	0.2305046	4.0	17.0	32.0	RheumatoidArthritis_noMHC	0.998002
FB3	13284.0	1000.0	0.7192807	-0.5628147	0.00999001	3.07735	31.0	73.0	175.0	RheumatoidArthritis_noMHC	0.998002
FB4_activated	12567.0	1000.0	0.998002	-2.7455406	0.10489511	1.2150792	5.0	13.0	52.0	RheumatoidArthritis_noMHC	0.998002
FB5	3366.0	1000.0	0.994006	-2.307842	0.32567433	0.4330615	2.0	7.0	13.0	RheumatoidArthritis_noMHC	0.998002
FB6	1367.0	1000.0	0.2837163	0.55115867	0.000999001	3.9685163	17.0	24.0	41.0	RheumatoidArthritis_noMHC	0.6065658827586207
ILC	38.0	1000.0	0.000999001	7.344008	0.032967035	1.6615385	17.0	21.0	25.0	RheumatoidArthritis_noMHC	0.0032598980000000002
LYVE1+IGF1+MP	1436.0	1000.0	0.000999001	5.033012	0.008991009	3.0287426	113.0	201.0	342.0	RheumatoidArthritis_noMHC	0.0032598980000000002
LYVE1+MP_cycling	642.0	1000.0	0.001998002	3.7015572	0.010989011	2.2007852	36.0	76.0	140.0	RheumatoidArthritis_noMHC	0.0058988630476190474
LYVE1+TIMD4+MP	9361.0	1000.0	0.000999001	5.698602	0.002997003	5.197921	1026.0	1682.0	2607.0	RheumatoidArthritis_noMHC	0.0032598980000000002
MAIT-like	124.0	1000.0	0.000999001	9.055173	0.15884116	0.96218234	68.0	85.0	92.0	RheumatoidArthritis_noMHC	0.0032598980000000002
Mast	308.0	1000.0	0.06993007	1.6106457	0.018981019	2.254941	3.0	9.0	21.0	RheumatoidArthritis_noMHC	0.18065268083333333
Meso	48.0	1000.0	0.22177823	0.67012966	0.025974026	1.8145504	1.0	1.0	1.0	RheumatoidArthritis_noMHC	0.5092685281481482
MoMP	3255.0	1000.0	0.000999001	5.345059	0.003996004	4.197815	268.0	461.0	760.0	RheumatoidArthritis_noMHC	0.0032598980000000002
NC1_glial	1393.0	1000.0	0.84215784	-0.9446044	0.0969031	1.3512281	4.0	5.0	7.0	RheumatoidArthritis_noMHC	0.998002
NC2_glial_NGF+	149.0	1000.0	0.86413586	-1.047629	0.10689311	1.1838822	0.0	1.0	1.0	RheumatoidArthritis_noMHC	0.998002
NK_CD16hi	951.0	1000.0	0.000999001	8.334945	0.000999001	4.678543	473.0	582.0	696.0	RheumatoidArthritis_noMHC	0.0032598980000000002
NK_CD56hi	367.0	1000.0	0.000999001	8.843159	0.024975024	1.7712924	180.0	228.0	269.0	RheumatoidArthritis_noMHC	0.0032598980000000002
Neut	20.0	1000.0	0.001998002	3.305576	0.6413586	-0.27703276	2.0	2.0	5.0	RheumatoidArthritis_noMHC	0.0058988630476190474
PC1_vent	390.0	1000.0	0.8091908	-0.8933872	0.08591408	1.262763	1.0	2.0	3.0	RheumatoidArthritis_noMHC	0.998002
PC2_atria	3958.0	1000.0	0.9330669	-1.4401336	0.002997003	3.7634466	1.0	7.0	22.0	RheumatoidArthritis_noMHC	0.998002
PC3_str	613.0	1000.0	0.7152847	-0.5959053	0.02897103	1.7943262	0.0	1.0	9.0	RheumatoidArthritis_noMHC	0.998002
PC4_CMC-like	10.0	1000.0	0.8951049	-1.2322731	0.95004994	-2.223726	0.0	0.0	0.0	RheumatoidArthritis_noMHC	0.998002
SAN_P_cell	245.0	1000.0	0.94305694	-1.4151998	0.000999001	3.5950558	0.0	0.0	0.0	RheumatoidArthritis_noMHC	0.998002
SMC1_basic	370.0	1000.0	0.99000996	-1.9769979	0.2117882	0.7978756	1.0	1.0	1.0	RheumatoidArthritis_noMHC	0.998002
SMC2_art	725.0	1000.0	0.991009	-1.9645088	0.06793207	1.3942039	0.0	0.0	1.0	RheumatoidArthritis_noMHC	0.998002
T/NK_cycling	58.0	1000.0	0.000999001	5.671729	0.16183816	0.9985942	21.0	27.0	38.0	RheumatoidArthritis_noMHC	0.0032598980000000002
aCM1	1150.0	1000.0	0.95004994	-1.4926782	0.55444556	-0.17309527	0.0	0.0	5.0	RheumatoidArthritis_noMHC	0.998002
aCM2	6007.0	1000.0	0.953047	-1.524426	0.000999001	5.5573287	0.0	0.0	7.0	RheumatoidArthritis_noMHC	0.998002
aCM3	735.0	1000.0	0.6823177	-0.4951502	0.26973027	0.526223	0.0	0.0	4.0	RheumatoidArthritis_noMHC	0.998002
aCM4	2354.0	1000.0	0.98101896	-2.0214221	0.03996004	1.9086449	0.0	1.0	6.0	RheumatoidArthritis_noMHC	0.998002
unclassified	6441.0	1000.0	0.000999001	9.140789	0.000999001	8.088521	281.0	375.0	497.0	RheumatoidArthritis_noMHC	0.0032598980000000002
vCM1	5427.0	1000.0	0.964036	-1.716959	0.3946054	0.18111627	1.0	1.0	9.0	RheumatoidArthritis_noMHC	0.998002
vCM2	481.0	1000.0	0.973027	-1.9240474	0.6233766	-0.30407932	0.0	0.0	0.0	RheumatoidArthritis_noMHC	0.998002
vCM3_stressed	2807.0	1000.0	0.7282717	-0.5997481	0.95604396	-1.3141412	2.0	5.0	15.0	RheumatoidArthritis_noMHC	0.998002
vCM4	4480.0	1000.0	0.9440559	-1.5000541	0.6593407	-0.4373026	1.0	2.0	14.0	RheumatoidArthritis_noMHC	0.998002
vCM5	10.0	1000.0	0.8921079	-1.245952	0.4855145	0.29727468	0.0	0.0	0.0	RheumatoidArthritis_noMHC	0.998002
