cell_state	n_cell	n_ctrl	assoc_mcp	assoc_mcz	hetero_mcp	hetero_mcz	n_fdr_0.05	n_fdr_0.1	n_fdr_0.2	trait
AVN_P_cell	155.0	1000.0	0.000999001	4.125995	0.73226774	-0.6563588	0.0	0.0	16.0	AVblock
AVN_bundle_cell	38.0	1000.0	0.025974026	2.0739236	0.23876125	0.7309385	0.0	0.0	2.0	AVblock
Adip1	1508.0	1000.0	0.86913085	-1.1231757	0.044955045	1.9140893	0.0	0.0	2.0	AVblock
Adip2	1507.0	1000.0	0.995005	-2.454454	0.003996004	3.5311422	0.0	0.0	0.0	AVblock
Adip3	393.0	1000.0	0.9370629	-1.457161	0.44455543	0.15835291	0.0	0.0	2.0	AVblock
Adip4	63.0	1000.0	0.41758242	0.20310225	0.05794206	1.4201562	0.0	0.0	0.0	AVblock
B	1183.0	1000.0	0.992008	-1.8042407	0.24875125	0.43699482	0.0	0.0	0.0	AVblock
B_plasma	374.0	1000.0	0.57342654	-0.39433053	0.11788212	1.2412835	0.0	0.0	0.0	AVblock
CD14+Mo	1505.0	1000.0	0.8121878	-0.8020217	0.50549453	-0.15258321	0.0	0.0	4.0	AVblock
CD16+Mo	1502.0	1000.0	0.9060939	-1.2128025	0.33766234	0.16899616	0.0	0.0	0.0	AVblock
CD4+T_Tfh	79.0	1000.0	0.75524473	-0.7167485	0.31668332	0.5868212	0.0	0.0	0.0	AVblock
CD4+T_Th1	68.0	1000.0	0.9300699	-1.4266034	0.96703297	-2.2957578	0.0	0.0	0.0	AVblock
CD4+T_Th17	7.0	1000.0	0.17282717	0.9090588	0.14885116	0.8465077	0.0	0.0	0.0	AVblock
CD4+T_Th2	120.0	1000.0	0.96303695	-1.7524505	0.6833167	-0.38905534	0.0	0.0	0.0	AVblock
CD4+T_act	1503.0	1000.0	0.8051948	-0.89452267	0.44055945	0.052755937	0.0	0.0	4.0	AVblock
CD4+T_naive	1501.0	1000.0	0.8721279	-1.1472794	0.36763236	0.15889503	0.0	0.0	3.0	AVblock
CD4+T_reg	67.0	1000.0	0.95404595	-1.6362423	0.21778221	0.8367412	0.0	0.0	0.0	AVblock
CD8+T_cytox	1383.0	1000.0	0.94505495	-1.4378511	0.52747256	-0.19305629	0.0	0.0	1.0	AVblock
CD8+T_em	1507.0	1000.0	0.8761239	-1.1967771	0.44755244	0.037370306	0.0	0.0	0.0	AVblock
CD8+T_te	1506.0	1000.0	0.953047	-1.6318804	0.5114885	-0.24325636	0.0	0.0	0.0	AVblock
CD8+T_trans	1504.0	1000.0	0.8791209	-1.1184483	0.25774226	0.41525415	0.0	0.0	1.0	AVblock
DC	964.0	1000.0	0.9050949	-1.3058987	0.034965035	2.1243834	0.0	0.0	1.0	AVblock
EC10_CMC-like	1517.0	1000.0	0.63936067	-0.4491025	0.064935066	1.6193763	0.0	0.0	5.0	AVblock
EC1_cap	1506.0	1000.0	0.75024974	-0.6817334	0.35264736	0.25196663	0.0	0.0	4.0	AVblock
EC2_cap	1505.0	1000.0	0.6413586	-0.4247225	0.8961039	-1.0687776	0.0	0.0	0.0	AVblock
EC3_cap	1498.0	1000.0	0.6773227	-0.49846116	0.83916086	-0.90062416	0.0	0.0	2.0	AVblock
EC4_immune	1500.0	1000.0	0.53946054	-0.12762786	0.36063936	0.21288209	0.0	0.0	4.0	AVblock
EC5_art	1503.0	1000.0	0.78121877	-0.81628543	0.7442557	-0.6892876	0.0	0.0	0.0	AVblock
EC6_ven	1505.0	1000.0	0.977023	-1.7197098	0.68931067	-0.5733306	0.0	0.0	1.0	AVblock
EC7_endocardial	1508.0	1000.0	0.92507493	-1.4368792	0.5934066	-0.28055453	0.0	0.0	3.0	AVblock
EC8_ln	1175.0	1000.0	0.995005	-2.209056	0.18381618	0.7165643	0.0	0.0	0.0	AVblock
EC9_FB-like	25.0	1000.0	0.83316684	-1.0080322	0.83016986	-0.9455904	0.0	0.0	0.0	AVblock
FB1	1517.0	1000.0	0.8161838	-0.92560846	0.18481518	0.78110325	0.0	0.0	0.0	AVblock
FB2	1508.0	1000.0	0.8981019	-1.2221016	0.5944056	-0.22686192	0.0	0.0	1.0	AVblock
FB3	1509.0	1000.0	0.71428573	-0.6082005	0.16283716	0.9940855	0.0	0.0	1.0	AVblock
FB4_activated	1504.0	1000.0	0.8251748	-0.9284609	0.054945055	1.6562611	0.0	0.0	1.0	AVblock
FB5	1509.0	1000.0	0.7782218	-0.79203856	0.11388611	1.0863544	0.0	0.0	2.0	AVblock
FB6	1499.0	1000.0	0.84615386	-1.0015973	0.21378621	0.7302857	0.0	0.0	0.0	AVblock
ILC	172.0	1000.0	0.9440559	-1.5624628	0.48351648	0.10133591	0.0	0.0	1.0	AVblock
LYVE1+IGF1+MP	1505.0	1000.0	0.8381618	-0.9727407	0.12487513	1.1080973	0.0	0.0	4.0	AVblock
LYVE1+MP_cycling	1507.0	1000.0	0.32467532	0.40175357	0.04995005	1.899807	0.0	0.0	4.0	AVblock
LYVE1+TIMD4+MP	1512.0	1000.0	0.76823175	-0.74008626	0.57042956	-0.2707588	0.0	0.0	0.0	AVblock
MAIT-like	605.0	1000.0	0.953047	-1.5529474	0.21378621	0.68562067	0.0	0.0	0.0	AVblock
Mast	1504.0	1000.0	0.962038	-1.5721487	0.26773226	0.6560766	0.0	0.0	0.0	AVblock
Meso	871.0	1000.0	0.006993007	3.8659074	0.017982017	3.1740186	0.0	1.0	60.0	AVblock
MoMP	1505.0	1000.0	0.8751249	-1.1279458	0.07392608	1.6246771	0.0	0.0	1.0	AVblock
NC1_glial	1501.0	1000.0	0.021978023	2.2781553	0.43956044	0.039588135	0.0	0.0	14.0	AVblock
NC2_glial_NGF+	727.0	1000.0	0.28171828	0.5160382	0.001998002	3.4845054	0.0	0.0	1.0	AVblock
NC3_glial	20.0	1000.0	0.37062937	0.2965094	0.07492507	1.4844012	0.0	0.0	0.0	AVblock
NC4_glial	13.0	1000.0	0.09290709	1.3931619	0.11188811	1.071972	0.0	0.0	1.0	AVblock
NC5_glial	86.0	1000.0	0.47052947	0.051806558	0.2027972	0.86720294	0.0	0.0	0.0	AVblock
NC6_schwann	18.0	1000.0	0.60639364	-0.28947052	0.76123875	-0.6776896	0.0	0.0	0.0	AVblock
NK_CD16hi	1515.0	1000.0	0.95404595	-1.5026596	0.26873127	0.33628336	0.0	0.0	0.0	AVblock
NK_CD56hi	1505.0	1000.0	0.88011986	-1.183856	0.26073927	0.41538623	0.0	0.0	1.0	AVblock
Neut	126.0	1000.0	0.5944056	-0.28687766	0.45554444	0.17109431	0.0	0.0	0.0	AVblock
PC1_vent	1515.0	1000.0	0.76823175	-0.7242405	0.6733267	-0.4778479	0.0	0.0	2.0	AVblock
PC2_atria	1504.0	1000.0	0.8631369	-1.0788816	0.88011986	-1.0805881	0.0	0.0	7.0	AVblock
PC3_str	1508.0	1000.0	0.38061938	0.24803846	0.44755244	0.10485064	0.0	0.0	6.0	AVblock
PC4_CMC-like	780.0	1000.0	0.21578422	0.77356833	0.002997003	3.0591416	0.0	0.0	3.0	AVblock
Purkinje	110.0	1000.0	0.003996004	3.094179	0.26873127	0.6483677	0.0	0.0	4.0	AVblock
SAN_P_cell	245.0	1000.0	0.001998002	3.7004125	0.46853146	0.09693348	0.0	0.0	13.0	AVblock
SMC1_basic	1501.0	1000.0	0.74025977	-0.6908806	0.4115884	0.04694053	0.0	0.0	2.0	AVblock
SMC2_art	1504.0	1000.0	0.26873127	0.5209848	0.45154846	-0.15217859	0.0	0.0	1.0	AVblock
T/NK_cycling	217.0	1000.0	0.7732268	-0.75678617	0.15784216	1.0330774	0.0	0.0	0.0	AVblock
aCM1	1501.0	1000.0	0.000999001	3.8737388	0.17982018	0.79973817	0.0	0.0	73.0	AVblock
aCM2	1503.0	1000.0	0.000999001	4.052705	0.46353647	-0.004256173	0.0	0.0	110.0	AVblock
aCM3	1502.0	1000.0	0.000999001	3.7887375	0.1028971	1.2470597	0.0	1.0	83.0	AVblock
aCM4	1501.0	1000.0	0.000999001	3.7077217	0.13286713	1.0368675	0.0	0.0	89.0	AVblock
aCM5	55.0	1000.0	0.000999001	3.7700489	0.17082918	0.95885074	0.0	0.0	4.0	AVblock
gdT	21.0	1000.0	0.8161838	-0.8994577	0.28871128	0.7121412	0.0	0.0	0.0	AVblock
unclassified	1500.0	1000.0	0.000999001	5.2046485	0.000999001	4.900405	0.0	0.0	26.0	AVblock
vCM1	1503.0	1000.0	0.002997003	4.1608057	0.0969031	1.2946831	0.0	3.0	106.0	AVblock
vCM2	1505.0	1000.0	0.002997003	3.4449835	0.31568432	0.41776785	0.0	1.0	67.0	AVblock
vCM3_stressed	1505.0	1000.0	0.001998002	4.0714216	0.8001998	-0.8426528	0.0	1.0	90.0	AVblock
vCM4	1504.0	1000.0	0.001998002	3.823757	0.09090909	1.3221655	0.0	0.0	88.0	AVblock
vCM5	233.0	1000.0	0.001998002	3.6967494	0.2937063	0.6093193	0.0	0.0	9.0	AVblock
AVN_P_cell	155.0	1000.0	0.000999001	9.837611	0.012987013	2.3483703	114.0	124.0	136.0	AtrialFibrillation
AVN_bundle_cell	38.0	1000.0	0.000999001	7.2141576	0.66933066	-0.37929505	19.0	21.0	26.0	AtrialFibrillation
Adip1	1508.0	1000.0	0.95704293	-1.6077098	0.033966035	2.0965915	2.0	4.0	14.0	AtrialFibrillation
Adip2	1507.0	1000.0	1.0	-3.0908408	0.000999001	4.976631	6.0	6.0	9.0	AtrialFibrillation
Adip3	393.0	1000.0	0.964036	-1.7145817	0.004995005	2.838215	0.0	0.0	1.0	AtrialFibrillation
Adip4	63.0	1000.0	0.026973028	2.0157423	0.006993007	2.0189307	2.0	4.0	4.0	AtrialFibrillation
B	1183.0	1000.0	0.43156844	0.083578415	0.022977022	2.628906	10.0	20.0	39.0	AtrialFibrillation
B_plasma	374.0	1000.0	0.77022976	-0.6514041	0.01998002	2.1765215	4.0	4.0	12.0	AtrialFibrillation
CD14+Mo	1505.0	1000.0	0.8211788	-0.91850454	0.12887113	1.1052887	5.0	11.0	18.0	AtrialFibrillation
CD16+Mo	1502.0	1000.0	0.975025	-1.8432587	0.08791209	1.5071552	1.0	2.0	18.0	AtrialFibrillation
CD4+T_Tfh	79.0	1000.0	0.88911086	-1.2187202	0.4965035	0.19741628	1.0	1.0	1.0	AtrialFibrillation
CD4+T_Th1	68.0	1000.0	0.8951049	-1.2663573	0.011988012	1.5066203	0.0	0.0	1.0	AtrialFibrillation
CD4+T_Th17	7.0	1000.0	0.99000996	-2.216477	0.45154846	0.48159465	0.0	0.0	0.0	AtrialFibrillation
CD4+T_Th2	120.0	1000.0	0.96303695	-1.7949215	0.0939061	1.2633942	0.0	0.0	1.0	AtrialFibrillation
CD4+T_act	1503.0	1000.0	0.72727275	-0.5609107	0.010989011	2.9642053	9.0	17.0	33.0	AtrialFibrillation
CD4+T_naive	1501.0	1000.0	0.8131868	-0.8370324	0.005994006	3.0330436	14.0	25.0	34.0	AtrialFibrillation
CD4+T_reg	67.0	1000.0	0.82617384	-0.96916133	0.21778221	0.8009478	0.0	1.0	2.0	AtrialFibrillation
CD8+T_cytox	1383.0	1000.0	0.994006	-2.1350026	0.002997003	3.515055	3.0	6.0	11.0	AtrialFibrillation
CD8+T_em	1507.0	1000.0	0.975025	-1.8594382	0.000999001	3.7956066	1.0	3.0	18.0	AtrialFibrillation
CD8+T_te	1506.0	1000.0	0.986014	-2.1027668	0.03196803	2.409877	2.0	4.0	12.0	AtrialFibrillation
CD8+T_trans	1504.0	1000.0	0.969031	-1.7035178	0.003996004	4.093179	4.0	9.0	19.0	AtrialFibrillation
DC	964.0	1000.0	0.97902095	-1.9312582	0.000999001	4.1392713	1.0	2.0	4.0	AtrialFibrillation
EC10_CMC-like	1517.0	1000.0	0.18181819	0.87034565	0.000999001	5.1993694	27.0	43.0	74.0	AtrialFibrillation
EC1_cap	1506.0	1000.0	0.6453546	-0.40907022	0.024975024	2.380771	12.0	22.0	49.0	AtrialFibrillation
EC2_cap	1505.0	1000.0	0.83916086	-0.9520549	0.014985015	2.739891	8.0	18.0	36.0	AtrialFibrillation
EC3_cap	1498.0	1000.0	0.3856144	0.20374283	0.05794206	1.7313104	21.0	31.0	58.0	AtrialFibrillation
EC4_immune	1500.0	1000.0	0.07392608	1.5835894	0.006993007	3.0851343	20.0	50.0	89.0	AtrialFibrillation
EC5_art	1503.0	1000.0	0.5744256	-0.21631856	0.03196803	2.2638667	14.0	23.0	43.0	AtrialFibrillation
EC6_ven	1505.0	1000.0	0.5654346	-0.22517708	0.011988012	2.8604186	17.0	30.0	51.0	AtrialFibrillation
EC7_endocardial	1508.0	1000.0	0.96803194	-1.7396165	0.003996004	3.1967738	5.0	7.0	11.0	AtrialFibrillation
EC8_ln	1175.0	1000.0	0.997003	-2.1382418	0.012987013	3.2643163	2.0	3.0	6.0	AtrialFibrillation
EC9_FB-like	25.0	1000.0	0.73626375	-0.6525183	0.15384616	0.91170526	0.0	0.0	1.0	AtrialFibrillation
FB1	1517.0	1000.0	0.995005	-2.3696678	0.005994006	3.3104591	1.0	3.0	9.0	AtrialFibrillation
FB2	1508.0	1000.0	0.998002	-2.5993552	0.000999001	3.1847324	2.0	4.0	10.0	AtrialFibrillation
FB3	1509.0	1000.0	0.998002	-2.5563374	0.004995005	3.4078407	0.0	5.0	12.0	AtrialFibrillation
FB4_activated	1504.0	1000.0	0.7762238	-0.73888046	0.024975024	2.20449	4.0	7.0	24.0	AtrialFibrillation
FB5	1509.0	1000.0	0.98101896	-1.8702786	0.001998002	4.0582433	3.0	6.0	14.0	AtrialFibrillation
FB6	1499.0	1000.0	0.988012	-2.0755725	0.000999001	5.2926598	4.0	7.0	17.0	AtrialFibrillation
ILC	172.0	1000.0	0.9370629	-1.4505906	0.10689311	1.2174664	0.0	0.0	2.0	AtrialFibrillation
LYVE1+IGF1+MP	1505.0	1000.0	0.7442557	-0.68279386	0.006993007	3.910644	3.0	7.0	23.0	AtrialFibrillation
LYVE1+MP_cycling	1507.0	1000.0	0.86413586	-1.1018068	0.001998002	4.830111	5.0	12.0	20.0	AtrialFibrillation
LYVE1+TIMD4+MP	1512.0	1000.0	0.95904094	-1.6206186	0.0979021	1.3197871	1.0	4.0	10.0	AtrialFibrillation
MAIT-like	605.0	1000.0	0.8851149	-1.1744484	0.022977022	2.0994313	4.0	6.0	16.0	AtrialFibrillation
Mast	1504.0	1000.0	0.8811189	-1.177774	0.93406594	-1.4469937	1.0	8.0	16.0	AtrialFibrillation
Meso	871.0	1000.0	0.53746253	-0.1994247	0.000999001	5.6355247	6.0	9.0	17.0	AtrialFibrillation
MoMP	1505.0	1000.0	0.83516484	-1.0061882	0.017982017	2.846424	7.0	10.0	26.0	AtrialFibrillation
NC1_glial	1501.0	1000.0	0.1058941	1.2583703	0.11188811	1.1963034	23.0	41.0	87.0	AtrialFibrillation
NC2_glial_NGF+	727.0	1000.0	0.25574425	0.64081144	0.000999001	6.8777046	12.0	20.0	32.0	AtrialFibrillation
NC3_glial	20.0	1000.0	0.8201798	-0.90706223	0.31968033	0.49616313	0.0	0.0	0.0	AtrialFibrillation
NC4_glial	13.0	1000.0	0.006993007	2.7980578	0.46853146	0.25319085	1.0	2.0	2.0	AtrialFibrillation
NC5_glial	86.0	1000.0	0.6943057	-0.5591256	0.5134865	0.021180602	0.0	0.0	0.0	AtrialFibrillation
NC6_schwann	18.0	1000.0	0.9210789	-1.3386309	0.015984016	1.8617638	0.0	0.0	0.0	AtrialFibrillation
NK_CD16hi	1515.0	1000.0	0.8741259	-1.0810184	0.014985015	3.1334362	5.0	10.0	26.0	AtrialFibrillation
NK_CD56hi	1505.0	1000.0	0.973027	-1.8789909	0.018981019	2.6790004	4.0	7.0	16.0	AtrialFibrillation
Neut	126.0	1000.0	0.33266732	0.36436334	0.6193806	-0.34290683	0.0	0.0	1.0	AtrialFibrillation
PC1_vent	1515.0	1000.0	0.45454547	0.09301651	0.023976024	2.336971	15.0	20.0	47.0	AtrialFibrillation
PC2_atria	1504.0	1000.0	0.65334666	-0.40727833	0.014985015	2.6263478	10.0	19.0	41.0	AtrialFibrillation
PC3_str	1508.0	1000.0	0.07992008	1.3856782	0.00999001	2.592081	19.0	40.0	90.0	AtrialFibrillation
PC4_CMC-like	780.0	1000.0	0.000999001	5.526534	0.000999001	5.5130157	49.0	70.0	104.0	AtrialFibrillation
Purkinje	110.0	1000.0	0.000999001	8.477717	0.001998002	2.680436	66.0	82.0	91.0	AtrialFibrillation
SAN_P_cell	245.0	1000.0	0.000999001	8.385966	0.64935064	-0.37128976	153.0	175.0	202.0	AtrialFibrillation
SMC1_basic	1501.0	1000.0	0.000999001	4.058251	0.002997003	4.0027046	86.0	150.0	262.0	AtrialFibrillation
SMC2_art	1504.0	1000.0	0.011988012	2.7514074	0.066933066	1.8402352	60.0	104.0	193.0	AtrialFibrillation
T/NK_cycling	217.0	1000.0	0.9350649	-1.4221413	0.005994006	2.8220177	0.0	0.0	0.0	AtrialFibrillation
aCM1	1501.0	1000.0	0.000999001	7.7719173	0.000999001	5.7962713	613.0	788.0	978.0	AtrialFibrillation
aCM2	1503.0	1000.0	0.000999001	8.438877	0.000999001	6.7391367	860.0	1002.0	1155.0	AtrialFibrillation
aCM3	1502.0	1000.0	0.000999001	7.799903	0.001998002	5.074819	694.0	857.0	1049.0	AtrialFibrillation
aCM4	1501.0	1000.0	0.000999001	7.7368493	0.007992008	3.3944132	788.0	927.0	1094.0	AtrialFibrillation
aCM5	55.0	1000.0	0.000999001	4.8371835	0.15684316	0.9533868	16.0	27.0	31.0	AtrialFibrillation
gdT	21.0	1000.0	0.988012	-2.0657547	0.33666334	0.5683384	0.0	0.0	0.0	AtrialFibrillation
unclassified	1500.0	1000.0	0.000999001	18.465807	0.000999001	8.175677	272.0	313.0	362.0	AtrialFibrillation
vCM1	1503.0	1000.0	0.000999001	9.054506	0.000999001	7.414691	819.0	990.0	1171.0	AtrialFibrillation
vCM2	1505.0	1000.0	0.000999001	7.985783	0.000999001	8.730011	842.0	990.0	1175.0	AtrialFibrillation
vCM3_stressed	1505.0	1000.0	0.000999001	8.505577	0.024975024	2.4153612	884.0	1057.0	1230.0	AtrialFibrillation
vCM4	1504.0	1000.0	0.000999001	9.738061	0.000999001	7.02341	1210.0	1319.0	1411.0	AtrialFibrillation
vCM5	233.0	1000.0	0.000999001	7.154982	0.010989011	2.1478274	104.0	138.0	171.0	AtrialFibrillation
AVN_P_cell	155.0	1000.0	0.000999001	6.485911	0.04295704	1.7704526	41.0	63.0	92.0	AtrialFlutter
AVN_bundle_cell	38.0	1000.0	0.001998002	3.922524	0.4025974	0.34475607	4.0	7.0	12.0	AtrialFlutter
Adip1	1508.0	1000.0	0.92507493	-1.4372337	0.000999001	4.4173584	0.0	2.0	7.0	AtrialFlutter
Adip2	1507.0	1000.0	1.0	-2.9090316	0.003996004	3.4543104	1.0	3.0	6.0	AtrialFlutter
Adip3	393.0	1000.0	0.951049	-1.6232729	0.18281718	0.8521756	0.0	1.0	1.0	AtrialFlutter
Adip4	63.0	1000.0	0.02097902	2.205033	0.005994006	2.153262	0.0	2.0	4.0	AtrialFlutter
B	1183.0	1000.0	0.998002	-2.197029	0.22077923	0.5848819	2.0	2.0	6.0	AtrialFlutter
B_plasma	374.0	1000.0	0.62837166	-0.44274455	0.2007992	0.75818074	0.0	1.0	2.0	AtrialFlutter
CD14+Mo	1505.0	1000.0	0.94005996	-1.3301774	0.27272728	0.43150946	0.0	0.0	7.0	AtrialFlutter
CD16+Mo	1502.0	1000.0	0.8921079	-1.1740955	0.0989011	1.348972	0.0	1.0	5.0	AtrialFlutter
CD4+T_Tfh	79.0	1000.0	0.978022	-1.8996919	0.43456542	0.34246325	1.0	1.0	1.0	AtrialFlutter
CD4+T_Th1	68.0	1000.0	0.9440559	-1.4727589	0.36763236	0.49099332	0.0	0.0	0.0	AtrialFlutter
CD4+T_Th17	7.0	1000.0	0.7202797	-0.61016214	0.15984017	0.7862981	0.0	0.0	0.0	AtrialFlutter
CD4+T_Th2	120.0	1000.0	0.998002	-2.628824	0.1968032	0.89538085	0.0	0.0	0.0	AtrialFlutter
CD4+T_act	1503.0	1000.0	0.982018	-1.8996359	0.09490509	1.4103106	1.0	1.0	3.0	AtrialFlutter
CD4+T_naive	1501.0	1000.0	0.982018	-1.9520252	0.05994006	1.6282634	0.0	0.0	11.0	AtrialFlutter
CD4+T_reg	67.0	1000.0	0.96303695	-1.7134936	0.33666334	0.5395951	0.0	0.0	1.0	AtrialFlutter
CD8+T_cytox	1383.0	1000.0	0.999001	-2.5339026	0.050949052	1.7664722	0.0	0.0	3.0	AtrialFlutter
CD8+T_em	1507.0	1000.0	0.995005	-2.3463612	0.075924076	1.437367	0.0	3.0	8.0	AtrialFlutter
CD8+T_te	1506.0	1000.0	0.999001	-2.451818	0.14785215	1.007204	0.0	0.0	4.0	AtrialFlutter
CD8+T_trans	1504.0	1000.0	0.978022	-1.9195077	0.04295704	1.9385219	1.0	2.0	4.0	AtrialFlutter
DC	964.0	1000.0	0.9350649	-1.417021	0.04095904	1.9593709	0.0	1.0	3.0	AtrialFlutter
EC10_CMC-like	1517.0	1000.0	0.64835167	-0.42550483	0.008991009	3.2746687	3.0	9.0	29.0	AtrialFlutter
EC1_cap	1506.0	1000.0	0.43856144	0.11178083	0.53746253	-0.16244148	3.0	7.0	23.0	AtrialFlutter
EC2_cap	1505.0	1000.0	0.7172827	-0.6186967	0.5604396	-0.23321992	3.0	7.0	22.0	AtrialFlutter
EC3_cap	1498.0	1000.0	0.43656343	0.07394751	0.2907093	0.4183319	3.0	16.0	28.0	AtrialFlutter
EC4_immune	1500.0	1000.0	0.31768233	0.45771495	0.15984017	0.9859525	1.0	4.0	20.0	AtrialFlutter
EC5_art	1503.0	1000.0	0.7672328	-0.73814553	0.7152847	-0.6235056	1.0	8.0	17.0	AtrialFlutter
EC6_ven	1505.0	1000.0	0.36063936	0.31913415	0.10889111	1.3762101	2.0	10.0	31.0	AtrialFlutter
EC7_endocardial	1508.0	1000.0	0.8971029	-1.16282	0.01998002	2.738585	0.0	1.0	12.0	AtrialFlutter
EC8_ln	1175.0	1000.0	0.8361638	-0.9508609	0.23476523	0.5273395	1.0	2.0	11.0	AtrialFlutter
EC9_FB-like	25.0	1000.0	0.84115887	-0.9686697	0.36563435	0.46978778	0.0	0.0	0.0	AtrialFlutter
FB1	1517.0	1000.0	0.989011	-1.9905131	0.027972028	2.103059	0.0	0.0	4.0	AtrialFlutter
FB2	1508.0	1000.0	0.95404595	-1.6057037	0.060939062	1.4805461	0.0	1.0	8.0	AtrialFlutter
FB3	1509.0	1000.0	0.96703297	-1.7492616	0.027972028	2.1088076	1.0	2.0	4.0	AtrialFlutter
FB4_activated	1504.0	1000.0	0.964036	-1.6299733	0.005994006	3.0565464	0.0	1.0	6.0	AtrialFlutter
FB5	1509.0	1000.0	0.94505495	-1.4671619	0.02097902	2.868409	1.0	3.0	10.0	AtrialFlutter
FB6	1499.0	1000.0	0.998002	-2.353022	0.001998002	5.2537804	0.0	0.0	2.0	AtrialFlutter
ILC	172.0	1000.0	0.96703297	-1.7416284	0.41958043	0.25313127	0.0	0.0	0.0	AtrialFlutter
LYVE1+IGF1+MP	1505.0	1000.0	0.85314685	-1.0197455	0.034965035	2.2367222	0.0	1.0	9.0	AtrialFlutter
LYVE1+MP_cycling	1507.0	1000.0	0.25074926	0.5683692	0.013986014	2.609338	6.0	17.0	38.0	AtrialFlutter
LYVE1+TIMD4+MP	1512.0	1000.0	0.93606395	-1.4914939	0.18181819	0.846506	1.0	1.0	6.0	AtrialFlutter
MAIT-like	605.0	1000.0	0.991009	-2.1815906	0.4885115	0.04163713	0.0	0.0	1.0	AtrialFlutter
Mast	1504.0	1000.0	0.92907095	-1.4432485	0.94005996	-1.6165808	0.0	2.0	4.0	AtrialFlutter
Meso	871.0	1000.0	0.24275725	0.57392174	0.17882118	0.80515933	4.0	11.0	28.0	AtrialFlutter
MoMP	1505.0	1000.0	0.953047	-1.5852678	0.114885114	1.2047768	1.0	1.0	6.0	AtrialFlutter
NC1_glial	1501.0	1000.0	0.050949052	1.8071382	0.5284715	-0.15084259	14.0	31.0	89.0	AtrialFlutter
NC2_glial_NGF+	727.0	1000.0	0.26673326	0.5725541	0.000999001	5.2747436	1.0	8.0	16.0	AtrialFlutter
NC3_glial	20.0	1000.0	0.018981019	2.4158454	0.85714287	-1.1119711	0.0	0.0	2.0	AtrialFlutter
NC4_glial	13.0	1000.0	0.01998002	2.2622333	0.006993007	1.6411991	0.0	0.0	2.0	AtrialFlutter
NC5_glial	86.0	1000.0	0.21278721	0.79776955	0.2827173	0.59157777	0.0	0.0	0.0	AtrialFlutter
NC6_schwann	18.0	1000.0	0.976024	-1.8919709	0.5674326	0.019808976	0.0	0.0	0.0	AtrialFlutter
NK_CD16hi	1515.0	1000.0	0.98301697	-1.825147	0.18181819	0.7761523	0.0	1.0	6.0	AtrialFlutter
NK_CD56hi	1505.0	1000.0	0.996004	-2.214228	0.11988012	1.1457975	0.0	1.0	8.0	AtrialFlutter
Neut	126.0	1000.0	0.24675325	0.6017666	0.7042957	-0.5226526	0.0	1.0	3.0	AtrialFlutter
PC1_vent	1515.0	1000.0	0.1988012	0.8545242	0.06593407	1.5767494	8.0	19.0	43.0	AtrialFlutter
PC2_atria	1504.0	1000.0	0.24275725	0.6670724	0.6183816	-0.35370234	6.0	11.0	35.0	AtrialFlutter
PC3_str	1508.0	1000.0	0.16583416	1.0041056	0.17282717	0.90894014	5.0	15.0	46.0	AtrialFlutter
PC4_CMC-like	780.0	1000.0	0.002997003	2.8693595	0.007992008	2.5346076	10.0	23.0	57.0	AtrialFlutter
Purkinje	110.0	1000.0	0.001998002	4.4566536	0.066933066	1.2864401	16.0	30.0	48.0	AtrialFlutter
SAN_P_cell	245.0	1000.0	0.001998002	5.0654254	0.8271728	-0.9281601	29.0	60.0	96.0	AtrialFlutter
SMC1_basic	1501.0	1000.0	0.002997003	3.5168984	0.17782217	0.8066069	28.0	72.0	169.0	AtrialFlutter
SMC2_art	1504.0	1000.0	0.027972028	2.3149614	0.08091908	1.5688457	17.0	43.0	115.0	AtrialFlutter
T/NK_cycling	217.0	1000.0	0.43556443	0.097049356	0.1058941	1.2892183	0.0	0.0	5.0	AtrialFlutter
aCM1	1501.0	1000.0	0.000999001	5.623914	0.40859142	0.120243646	139.0	300.0	539.0	AtrialFlutter
aCM2	1503.0	1000.0	0.000999001	5.776364	0.026973028	2.2501736	225.0	442.0	725.0	AtrialFlutter
aCM3	1502.0	1000.0	0.000999001	5.611665	0.007992008	2.867148	207.0	373.0	650.0	AtrialFlutter
aCM4	1501.0	1000.0	0.000999001	6.496403	0.08291708	1.4023514	295.0	505.0	799.0	AtrialFlutter
aCM5	55.0	1000.0	0.001998002	3.9946415	0.76523477	-0.6283322	3.0	6.0	17.0	AtrialFlutter
gdT	21.0	1000.0	0.982018	-2.0729477	0.73626375	-0.4319238	0.0	0.0	0.0	AtrialFlutter
unclassified	1500.0	1000.0	0.000999001	8.646096	0.000999001	6.0226164	48.0	94.0	181.0	AtrialFlutter
vCM1	1503.0	1000.0	0.000999001	5.4616814	0.24575424	0.63112706	171.0	371.0	650.0	AtrialFlutter
vCM2	1505.0	1000.0	0.000999001	5.1175504	0.033966035	1.9108478	186.0	367.0	655.0	AtrialFlutter
vCM3_stressed	1505.0	1000.0	0.000999001	5.636407	0.3046953	0.33750367	208.0	383.0	670.0	AtrialFlutter
vCM4	1504.0	1000.0	0.000999001	5.7280345	0.21378621	0.7014303	301.0	597.0	939.0	AtrialFlutter
vCM5	233.0	1000.0	0.000999001	5.790143	0.47852147	0.11953926	27.0	49.0	82.0	AtrialFlutter
AVN_P_cell	155.0	1000.0	0.002997003	2.9996996	0.7872128	-0.78932077	0.0	0.0	1.0	Brugada
AVN_bundle_cell	38.0	1000.0	0.000999001	4.227722	0.7512488	-0.62413186	0.0	0.0	0.0	Brugada
Adip1	1508.0	1000.0	0.18181819	0.8501714	0.05894106	1.6700405	0.0	0.0	1.0	Brugada
Adip2	1507.0	1000.0	0.7312687	-0.6387392	0.015984016	2.4948573	0.0	0.0	0.0	Brugada
Adip3	393.0	1000.0	0.49050948	-0.029728325	0.08791209	1.3704348	0.0	0.0	1.0	Brugada
Adip4	63.0	1000.0	0.15384616	1.0496941	0.14185815	1.0270089	0.0	0.0	0.0	Brugada
B	1183.0	1000.0	0.075924076	1.4204814	0.06593407	1.6811537	0.0	0.0	0.0	Brugada
B_plasma	374.0	1000.0	0.994006	-1.3505758	0.27572426	0.48796618	0.0	0.0	0.0	Brugada
CD14+Mo	1505.0	1000.0	0.114885114	1.2882982	0.21978022	0.66542363	0.0	0.0	1.0	Brugada
CD16+Mo	1502.0	1000.0	0.13686314	1.0810572	0.4065934	0.009307793	0.0	0.0	3.0	Brugada
CD4+T_Tfh	79.0	1000.0	0.8631369	-1.1131	0.07492507	1.1539483	0.0	0.0	0.0	Brugada
CD4+T_Th1	68.0	1000.0	0.93106896	-1.4282318	0.95004994	-1.8702781	0.0	0.0	0.0	Brugada
CD4+T_Th17	7.0	1000.0	0.969031	-1.771345	0.077922076	0.945716	0.0	0.0	0.0	Brugada
CD4+T_Th2	120.0	1000.0	0.998002	-2.440689	0.6963037	-0.4357429	0.0	0.0	0.0	Brugada
CD4+T_act	1503.0	1000.0	0.8981019	-1.2332543	0.27972028	0.53834766	0.0	0.0	0.0	Brugada
CD4+T_naive	1501.0	1000.0	0.8991009	-1.2606794	0.012987013	2.659168	0.0	0.0	0.0	Brugada
CD4+T_reg	67.0	1000.0	0.93806195	-1.5304067	0.45754245	0.24704468	0.0	0.0	0.0	Brugada
CD8+T_cytox	1383.0	1000.0	0.995005	-2.3304892	0.014985015	2.5559278	0.0	0.0	0.0	Brugada
CD8+T_em	1507.0	1000.0	0.975025	-1.8098793	0.15284716	0.9830475	0.0	0.0	0.0	Brugada
CD8+T_te	1506.0	1000.0	0.99000996	-2.1946266	0.17582418	0.7640382	0.0	0.0	0.0	Brugada
CD8+T_trans	1504.0	1000.0	0.993007	-2.3643858	0.026973028	2.111838	0.0	0.0	0.0	Brugada
DC	964.0	1000.0	0.33466533	0.34543186	0.34465533	0.28944537	0.0	0.0	0.0	Brugada
EC10_CMC-like	1517.0	1000.0	0.74325675	-0.69314873	0.08291708	1.3657134	0.0	0.0	0.0	Brugada
EC1_cap	1506.0	1000.0	0.996004	-2.1955254	0.08691309	1.3725207	0.0	0.0	0.0	Brugada
EC2_cap	1505.0	1000.0	0.999001	-2.8756793	0.004995005	3.1513777	0.0	0.0	0.0	Brugada
EC3_cap	1498.0	1000.0	0.989011	-2.0309522	0.1928072	0.75579	0.0	0.0	0.0	Brugada
EC4_immune	1500.0	1000.0	0.7902098	-0.8199854	0.026973028	2.1492212	0.0	0.0	0.0	Brugada
EC5_art	1503.0	1000.0	0.94005996	-1.4209578	0.07492507	1.5272629	0.0	0.0	0.0	Brugada
EC6_ven	1505.0	1000.0	0.994006	-2.1622624	0.027972028	2.3807826	0.0	0.0	0.0	Brugada
EC7_endocardial	1508.0	1000.0	0.42057943	0.15520698	0.015984016	2.757815	0.0	0.0	0.0	Brugada
EC8_ln	1175.0	1000.0	0.8721279	-1.0868073	0.062937066	1.7335027	0.0	0.0	0.0	Brugada
EC9_FB-like	25.0	1000.0	0.44855145	0.083192855	0.76123875	-0.5861916	0.0	0.0	0.0	Brugada
FB1	1517.0	1000.0	0.14485514	1.0585741	0.007992008	2.9251077	0.0	0.0	1.0	Brugada
FB2	1508.0	1000.0	0.14385614	1.0256847	0.04695305	1.6957812	0.0	0.0	0.0	Brugada
FB3	1509.0	1000.0	0.3056943	0.4494373	0.13286713	1.0403417	0.0	0.0	0.0	Brugada
FB4_activated	1504.0	1000.0	0.13686314	1.0641023	0.12587413	1.1126826	0.0	0.0	1.0	Brugada
FB5	1509.0	1000.0	0.42757243	0.19299369	0.025974026	2.0980403	0.0	0.0	1.0	Brugada
FB6	1499.0	1000.0	0.4115884	0.1731319	0.004995005	2.9699311	0.0	0.0	1.0	Brugada
ILC	172.0	1000.0	0.7582418	-0.68194616	0.35464534	0.41229844	0.0	0.0	0.0	Brugada
LYVE1+IGF1+MP	1505.0	1000.0	0.35464534	0.31902266	0.3876124	0.1026036	0.0	0.0	0.0	Brugada
LYVE1+MP_cycling	1507.0	1000.0	0.43356642	0.13801523	0.76823175	-0.7356392	0.0	0.0	1.0	Brugada
LYVE1+TIMD4+MP	1512.0	1000.0	0.54345655	-0.15681086	0.06593407	1.4864603	0.0	0.0	0.0	Brugada
MAIT-like	605.0	1000.0	0.83116883	-0.93246365	0.04895105	1.6632187	0.0	0.0	0.0	Brugada
Mast	1504.0	1000.0	0.6183816	-0.35140097	0.05894106	1.5493664	0.0	0.0	0.0	Brugada
Meso	871.0	1000.0	0.32867134	0.27316013	0.27672327	0.37703317	0.0	0.0	1.0	Brugada
MoMP	1505.0	1000.0	0.64735264	-0.45714226	0.33466533	0.29203892	0.0	0.0	0.0	Brugada
NC1_glial	1501.0	1000.0	0.5584416	-0.25540853	0.42057943	0.08994212	0.0	0.0	1.0	Brugada
NC2_glial_NGF+	727.0	1000.0	0.53246754	-0.1418525	0.10989011	1.245406	0.0	0.0	0.0	Brugada
NC3_glial	20.0	1000.0	0.68931067	-0.5166358	0.71828175	-0.5927156	0.0	0.0	0.0	Brugada
NC4_glial	13.0	1000.0	0.6043956	-0.3246	0.7862138	-0.7444152	0.0	0.0	0.0	Brugada
NC5_glial	86.0	1000.0	0.4775225	0.011029104	0.5204795	-0.015798995	0.0	0.0	0.0	Brugada
NC6_schwann	18.0	1000.0	0.998002	-2.43261	0.75624377	-0.7526924	0.0	0.0	0.0	Brugada
NK_CD16hi	1515.0	1000.0	0.8361638	-0.97801965	0.023976024	2.4394982	0.0	0.0	0.0	Brugada
NK_CD56hi	1505.0	1000.0	0.8471528	-1.013851	0.03196803	2.2344968	0.0	0.0	0.0	Brugada
Neut	126.0	1000.0	0.07492507	1.5404114	0.36563435	0.34908742	0.0	0.0	0.0	Brugada
PC1_vent	1515.0	1000.0	0.46753246	0.061007205	0.13586414	1.0242392	0.0	0.0	0.0	Brugada
PC2_atria	1504.0	1000.0	0.30869132	0.50722593	0.14885116	0.99077934	0.0	0.0	0.0	Brugada
PC3_str	1508.0	1000.0	0.12787212	1.1120677	0.023976024	1.9519267	0.0	0.0	1.0	Brugada
PC4_CMC-like	780.0	1000.0	0.07092907	1.4704843	0.016983017	2.1506448	0.0	0.0	1.0	Brugada
Purkinje	110.0	1000.0	0.000999001	5.2492967	0.005994006	2.1902585	0.0	0.0	6.0	Brugada
SAN_P_cell	245.0	1000.0	0.002997003	3.3382742	0.5824176	-0.1987359	0.0	0.0	1.0	Brugada
SMC1_basic	1501.0	1000.0	0.73026973	-0.6011671	0.37062937	0.15601274	0.0	0.0	0.0	Brugada
SMC2_art	1504.0	1000.0	0.35664335	0.2741769	0.116883114	1.1521852	0.0	0.0	0.0	Brugada
T/NK_cycling	217.0	1000.0	0.55444556	-0.22774458	0.01998002	2.1129146	0.0	0.0	0.0	Brugada
aCM1	1501.0	1000.0	0.000999001	3.347027	0.003996004	3.8339286	0.0	0.0	9.0	Brugada
aCM2	1503.0	1000.0	0.006993007	2.662021	0.012987013	2.629152	0.0	0.0	3.0	Brugada
aCM3	1502.0	1000.0	0.002997003	2.9343998	0.012987013	2.6314094	0.0	0.0	8.0	Brugada
aCM4	1501.0	1000.0	0.007992008	2.7129638	0.02997003	2.2155597	0.0	0.0	7.0	Brugada
aCM5	55.0	1000.0	0.055944055	1.6593075	0.68731266	-0.36396646	0.0	0.0	0.0	Brugada
gdT	21.0	1000.0	0.9080919	-1.3081096	0.7012987	-0.2651372	0.0	0.0	0.0	Brugada
unclassified	1500.0	1000.0	0.000999001	7.148846	0.000999001	4.1122174	0.0	0.0	6.0	Brugada
vCM1	1503.0	1000.0	0.000999001	4.2881374	0.001998002	4.0011334	0.0	0.0	22.0	Brugada
vCM2	1505.0	1000.0	0.000999001	3.3857894	0.001998002	4.6824145	0.0	0.0	14.0	Brugada
vCM3_stressed	1505.0	1000.0	0.000999001	4.118964	0.6773227	-0.48972115	0.0	0.0	21.0	Brugada
vCM4	1504.0	1000.0	0.000999001	4.3217626	0.001998002	4.150242	0.0	0.0	22.0	Brugada
vCM5	233.0	1000.0	0.000999001	3.28093	0.2927073	0.5899228	0.0	0.0	2.0	Brugada
AVN_P_cell	155.0	1000.0	0.011988012	2.312899	0.11388611	1.1751332	0.0	0.0	0.0	BundleBranchBlock
AVN_bundle_cell	38.0	1000.0	0.04095904	1.8344926	0.114885114	1.2161481	0.0	0.0	0.0	BundleBranchBlock
Adip1	1508.0	1000.0	0.61338663	-0.31320387	0.04695305	1.8635402	0.0	0.0	0.0	BundleBranchBlock
Adip2	1507.0	1000.0	0.84115887	-0.96182364	0.043956045	1.9258941	0.0	0.0	0.0	BundleBranchBlock
Adip3	393.0	1000.0	0.33266732	0.38768762	0.055944055	1.5996501	0.0	0.0	0.0	BundleBranchBlock
Adip4	63.0	1000.0	0.36363637	0.347114	0.23776224	0.7392831	0.0	0.0	0.0	BundleBranchBlock
B	1183.0	1000.0	0.74925077	-0.6984323	0.4935065	-0.17103925	0.0	0.0	0.0	BundleBranchBlock
B_plasma	374.0	1000.0	0.5784216	-0.37509352	0.8051948	-0.7819892	0.0	0.0	0.0	BundleBranchBlock
CD14+Mo	1505.0	1000.0	0.46253747	-0.0026809194	0.47352648	-0.05900274	0.0	0.0	0.0	BundleBranchBlock
CD16+Mo	1502.0	1000.0	0.55744255	-0.20149146	0.84615386	-0.8661888	0.0	0.0	0.0	BundleBranchBlock
CD4+T_Tfh	79.0	1000.0	0.97902095	-1.889481	0.37762237	0.4517553	0.0	0.0	0.0	BundleBranchBlock
CD4+T_Th1	68.0	1000.0	0.5444555	-0.17070307	0.995005	-3.5039983	0.0	0.0	0.0	BundleBranchBlock
CD4+T_Th17	7.0	1000.0	0.12287712	1.1587054	0.75624377	-0.46415237	0.0	0.0	0.0	BundleBranchBlock
CD4+T_Th2	120.0	1000.0	0.92507493	-1.4071128	0.37462538	0.40668872	0.0	0.0	0.0	BundleBranchBlock
CD4+T_act	1503.0	1000.0	0.8221778	-0.9734014	0.3956044	0.10577983	0.0	0.0	0.0	BundleBranchBlock
CD4+T_naive	1501.0	1000.0	0.96004	-1.7161953	0.5804196	-0.30191535	0.0	0.0	0.0	BundleBranchBlock
CD4+T_reg	67.0	1000.0	0.7192807	-0.57884604	0.953047	-1.8681709	0.0	0.0	0.0	BundleBranchBlock
CD8+T_cytox	1383.0	1000.0	0.73226774	-0.66813654	0.75624377	-0.69294596	0.0	0.0	0.0	BundleBranchBlock
CD8+T_em	1507.0	1000.0	0.92907095	-1.4376664	0.986014	-2.0131469	0.0	0.0	0.0	BundleBranchBlock
CD8+T_te	1506.0	1000.0	0.8911089	-1.1925814	0.92907095	-1.1979821	0.0	0.0	0.0	BundleBranchBlock
CD8+T_trans	1504.0	1000.0	0.81718284	-0.9149854	0.9330669	-1.3372436	0.0	0.0	0.0	BundleBranchBlock
DC	964.0	1000.0	0.986014	-2.066697	0.82817185	-0.86726254	0.0	0.0	0.0	BundleBranchBlock
EC10_CMC-like	1517.0	1000.0	0.85714287	-1.0800008	0.15984017	0.89856994	0.0	0.0	0.0	BundleBranchBlock
EC1_cap	1506.0	1000.0	0.8941059	-1.1958259	0.32967034	0.35670242	0.0	0.0	0.0	BundleBranchBlock
EC2_cap	1505.0	1000.0	0.8001998	-0.8414262	0.26873127	0.47851413	0.0	0.0	0.0	BundleBranchBlock
EC3_cap	1498.0	1000.0	0.8271728	-0.97113234	0.91608393	-1.2026316	0.0	0.0	0.0	BundleBranchBlock
EC4_immune	1500.0	1000.0	0.8041958	-0.8250954	0.3846154	0.26203486	0.0	0.0	0.0	BundleBranchBlock
EC5_art	1503.0	1000.0	0.82817185	-0.9302879	0.34465533	0.2420966	0.0	0.0	0.0	BundleBranchBlock
EC6_ven	1505.0	1000.0	0.8181818	-0.9017487	0.22977023	0.57786214	0.0	0.0	0.0	BundleBranchBlock
EC7_endocardial	1508.0	1000.0	0.6703297	-0.49081394	0.15984017	1.0306175	0.0	0.0	0.0	BundleBranchBlock
EC8_ln	1175.0	1000.0	0.8231768	-0.8859692	0.2747253	0.29770225	0.0	0.0	0.0	BundleBranchBlock
EC9_FB-like	25.0	1000.0	0.988012	-2.186845	0.9100899	-1.4663343	0.0	0.0	0.0	BundleBranchBlock
FB1	1517.0	1000.0	0.6973027	-0.5193876	0.8971029	-1.2708771	0.0	0.0	0.0	BundleBranchBlock
FB2	1508.0	1000.0	0.68931067	-0.49786574	0.8251748	-0.92262095	0.0	0.0	0.0	BundleBranchBlock
FB3	1509.0	1000.0	0.7872128	-0.74898213	0.08891109	1.3586549	0.0	0.0	0.0	BundleBranchBlock
FB4_activated	1504.0	1000.0	0.8741259	-1.1037885	0.006993007	2.9693685	0.0	0.0	0.0	BundleBranchBlock
FB5	1509.0	1000.0	0.47452548	0.047605366	0.18181819	0.8154514	0.0	0.0	0.0	BundleBranchBlock
FB6	1499.0	1000.0	0.9220779	-1.4726254	0.066933066	1.5306526	0.0	0.0	0.0	BundleBranchBlock
ILC	172.0	1000.0	0.998002	-2.651216	0.5744256	-0.07681678	0.0	0.0	0.0	BundleBranchBlock
LYVE1+IGF1+MP	1505.0	1000.0	0.9390609	-1.4369459	0.8071928	-0.82237685	0.0	0.0	0.0	BundleBranchBlock
LYVE1+MP_cycling	1507.0	1000.0	0.8141858	-0.8544285	0.46253747	0.027465094	0.0	0.0	0.0	BundleBranchBlock
LYVE1+TIMD4+MP	1512.0	1000.0	0.9260739	-1.3737167	0.16883117	0.91073734	0.0	0.0	0.0	BundleBranchBlock
MAIT-like	605.0	1000.0	0.76823175	-0.7584807	0.6963037	-0.5230991	0.0	0.0	0.0	BundleBranchBlock
Mast	1504.0	1000.0	0.14885116	1.0099227	0.8951049	-1.2033632	0.0	0.0	0.0	BundleBranchBlock
Meso	871.0	1000.0	0.7782218	-0.760822	0.47052947	-0.1543056	0.0	0.0	0.0	BundleBranchBlock
MoMP	1505.0	1000.0	0.951049	-1.5093313	0.30669332	0.33408496	0.0	0.0	0.0	BundleBranchBlock
NC1_glial	1501.0	1000.0	0.27072927	0.54507726	0.34965035	0.31134635	0.0	0.0	0.0	BundleBranchBlock
NC2_glial_NGF+	727.0	1000.0	0.4995005	-0.06701888	0.02997003	1.9819198	0.0	0.0	0.0	BundleBranchBlock
NC3_glial	20.0	1000.0	0.28971028	0.44708726	0.4925075	0.111923985	0.0	0.0	0.0	BundleBranchBlock
NC4_glial	13.0	1000.0	0.08091908	1.48897	0.066933066	1.3206289	0.0	0.0	0.0	BundleBranchBlock
NC5_glial	86.0	1000.0	0.7192807	-0.5855813	0.85514486	-1.0151556	0.0	0.0	0.0	BundleBranchBlock
NC6_schwann	18.0	1000.0	0.4065934	0.23556662	0.23376623	0.7583251	0.0	0.0	0.0	BundleBranchBlock
NK_CD16hi	1515.0	1000.0	0.7892108	-0.7958854	0.994006	-1.7800056	0.0	0.0	0.0	BundleBranchBlock
NK_CD56hi	1505.0	1000.0	0.986014	-2.0168614	0.8841159	-1.0107931	0.0	0.0	0.0	BundleBranchBlock
Neut	126.0	1000.0	0.7132867	-0.62041867	0.5404595	-0.08505988	0.0	0.0	0.0	BundleBranchBlock
PC1_vent	1515.0	1000.0	0.23676324	0.67709523	0.43656343	0.08773101	0.0	0.0	0.0	BundleBranchBlock
PC2_atria	1504.0	1000.0	0.46053946	0.09797484	0.43556443	0.12808955	0.0	0.0	1.0	BundleBranchBlock
PC3_str	1508.0	1000.0	0.28071928	0.51998216	0.23076923	0.6834033	0.0	0.0	0.0	BundleBranchBlock
PC4_CMC-like	780.0	1000.0	0.07192807	1.4864742	0.004995005	2.862836	0.0	0.0	0.0	BundleBranchBlock
Purkinje	110.0	1000.0	0.004995005	2.979556	0.54845154	-0.06453314	0.0	0.0	0.0	BundleBranchBlock
SAN_P_cell	245.0	1000.0	0.016983017	2.4113815	0.24075924	0.6781074	0.0	0.0	0.0	BundleBranchBlock
SMC1_basic	1501.0	1000.0	0.1058941	1.3195434	0.121878125	1.0938274	0.0	0.0	1.0	BundleBranchBlock
SMC2_art	1504.0	1000.0	0.025974026	2.0690653	0.027972028	2.5767748	0.0	0.0	2.0	BundleBranchBlock
T/NK_cycling	217.0	1000.0	0.36663336	0.29413342	0.015984016	2.11669	0.0	0.0	0.0	BundleBranchBlock
aCM1	1501.0	1000.0	0.014985015	2.2890344	0.68731266	-0.5023865	0.0	0.0	0.0	BundleBranchBlock
aCM2	1503.0	1000.0	0.015984016	2.3080494	0.53446555	-0.1385884	0.0	0.0	1.0	BundleBranchBlock
aCM3	1502.0	1000.0	0.002997003	2.86371	0.8921079	-1.2075173	0.0	0.0	3.0	BundleBranchBlock
aCM4	1501.0	1000.0	0.00999001	2.545268	0.96303695	-1.5166962	0.0	0.0	1.0	BundleBranchBlock
aCM5	55.0	1000.0	0.08291708	1.3882811	0.5824176	-0.08021954	0.0	0.0	0.0	BundleBranchBlock
gdT	21.0	1000.0	0.73026973	-0.62631375	0.05994006	1.1239556	0.0	0.0	0.0	BundleBranchBlock
unclassified	1500.0	1000.0	0.12287712	1.1640239	0.003996004	2.865126	0.0	0.0	0.0	BundleBranchBlock
vCM1	1503.0	1000.0	0.002997003	3.3106685	0.25574425	0.65615374	0.0	0.0	2.0	BundleBranchBlock
vCM2	1505.0	1000.0	0.004995005	2.8816988	0.26273727	0.61633337	0.0	0.0	0.0	BundleBranchBlock
vCM3_stressed	1505.0	1000.0	0.007992008	2.844094	0.74125874	-0.66400516	0.0	0.0	2.0	BundleBranchBlock
vCM4	1504.0	1000.0	0.003996004	3.21663	0.23876125	0.6239987	0.0	0.0	2.0	BundleBranchBlock
vCM5	233.0	1000.0	0.002997003	3.1395774	0.15084915	1.0450026	0.0	0.0	0.0	BundleBranchBlock
AVN_P_cell	155.0	1000.0	0.003996004	2.8002074	0.26373628	0.6175117	0.0	0.0	0.0	EducationalAttainment
AVN_bundle_cell	38.0	1000.0	0.043956045	1.7916235	0.21578422	0.8087839	0.0	0.0	0.0	EducationalAttainment
Adip1	1508.0	1000.0	0.07292707	1.5344441	0.05894106	1.6629379	0.0	0.0	4.0	EducationalAttainment
Adip2	1507.0	1000.0	0.26873127	0.5668033	0.012987013	2.7203982	0.0	0.0	3.0	EducationalAttainment
Adip3	393.0	1000.0	0.5714286	-0.24997975	0.03196803	1.978538	0.0	0.0	0.0	EducationalAttainment
Adip4	63.0	1000.0	0.4055944	0.21652882	0.3956044	0.36344248	0.0	0.0	0.0	EducationalAttainment
B	1183.0	1000.0	0.025974026	2.4170778	0.000999001	6.1426654	0.0	0.0	7.0	EducationalAttainment
B_plasma	374.0	1000.0	0.14285715	0.97696424	0.000999001	4.499761	0.0	0.0	1.0	EducationalAttainment
CD14+Mo	1505.0	1000.0	0.38861138	0.12258609	0.006993007	3.317176	0.0	0.0	1.0	EducationalAttainment
CD16+Mo	1502.0	1000.0	0.5284715	-0.119013704	0.00999001	3.432077	0.0	0.0	3.0	EducationalAttainment
CD4+T_Tfh	79.0	1000.0	0.49050948	-0.012621183	0.94105893	-1.8535885	0.0	0.0	0.0	EducationalAttainment
CD4+T_Th1	68.0	1000.0	0.42057943	0.13355425	0.5444555	0.09341871	0.0	0.0	0.0	EducationalAttainment
CD4+T_Th17	7.0	1000.0	0.7062937	-0.61253417	0.000999001	0.8324093	0.0	0.0	0.0	EducationalAttainment
CD4+T_Th2	120.0	1000.0	0.9080919	-1.3224648	0.64735264	-0.3316458	0.0	0.0	0.0	EducationalAttainment
CD4+T_act	1503.0	1000.0	0.10689311	1.3005807	0.001998002	5.1286864	0.0	0.0	1.0	EducationalAttainment
CD4+T_naive	1501.0	1000.0	0.23876125	0.7020624	0.00999001	2.9774437	0.0	0.0	3.0	EducationalAttainment
CD4+T_reg	67.0	1000.0	0.42057943	0.1899821	0.003996004	1.8274748	0.0	0.0	0.0	EducationalAttainment
CD8+T_cytox	1383.0	1000.0	0.8911089	-1.170696	0.000999001	5.245287	0.0	0.0	1.0	EducationalAttainment
CD8+T_em	1507.0	1000.0	0.4875125	-0.039664924	0.002997003	4.384916	0.0	0.0	0.0	EducationalAttainment
CD8+T_te	1506.0	1000.0	0.6683317	-0.48265597	0.001998002	4.73679	0.0	0.0	0.0	EducationalAttainment
CD8+T_trans	1504.0	1000.0	0.46353647	0.05121716	0.001998002	4.847887	0.0	0.0	2.0	EducationalAttainment
DC	964.0	1000.0	0.08291708	1.43054	0.002997003	3.7102573	0.0	0.0	3.0	EducationalAttainment
EC10_CMC-like	1517.0	1000.0	0.30869132	0.43322408	0.011988012	2.7603765	0.0	0.0	3.0	EducationalAttainment
EC1_cap	1506.0	1000.0	0.76823175	-0.76494896	0.003996004	3.3263674	0.0	0.0	3.0	EducationalAttainment
EC2_cap	1505.0	1000.0	0.92707294	-1.3036752	0.003996004	3.6976013	0.0	0.0	2.0	EducationalAttainment
EC3_cap	1498.0	1000.0	0.9460539	-1.4297855	0.000999001	5.939746	0.0	0.0	1.0	EducationalAttainment
EC4_immune	1500.0	1000.0	0.26073927	0.61940414	0.062937066	1.6186999	0.0	0.0	1.0	EducationalAttainment
EC5_art	1503.0	1000.0	0.94705296	-1.5386069	0.001998002	4.6988316	0.0	0.0	1.0	EducationalAttainment
EC6_ven	1505.0	1000.0	0.123876125	1.1621652	0.01998002	2.599122	0.0	0.0	2.0	EducationalAttainment
EC7_endocardial	1508.0	1000.0	0.39060938	0.23016182	0.011988012	2.7184892	0.0	0.0	2.0	EducationalAttainment
EC8_ln	1175.0	1000.0	0.2847153	0.45018238	0.005994006	3.7874713	0.0	0.0	1.0	EducationalAttainment
EC9_FB-like	25.0	1000.0	0.43856144	0.14442083	0.22277722	0.83515626	0.0	0.0	0.0	EducationalAttainment
FB1	1517.0	1000.0	0.15584415	1.0328772	0.007992008	2.7831316	0.0	0.0	1.0	EducationalAttainment
FB2	1508.0	1000.0	0.23976023	0.685114	0.1058941	1.2171174	0.0	0.0	3.0	EducationalAttainment
FB3	1509.0	1000.0	0.4975025	-0.068155326	0.28171828	0.47684813	0.0	0.0	0.0	EducationalAttainment
FB4_activated	1504.0	1000.0	0.6083916	-0.33398104	0.5004995	-0.06919482	0.0	0.0	0.0	EducationalAttainment
FB5	1509.0	1000.0	0.11788212	1.2150751	0.6093906	-0.33252525	0.0	0.0	1.0	EducationalAttainment
FB6	1499.0	1000.0	0.34265736	0.36491707	0.11388611	1.2432482	0.0	0.0	2.0	EducationalAttainment
ILC	172.0	1000.0	0.35964036	0.2878412	0.005994006	2.1509347	0.0	0.0	0.0	EducationalAttainment
LYVE1+IGF1+MP	1505.0	1000.0	0.2917083	0.5363291	0.002997003	4.4560246	0.0	0.0	0.0	EducationalAttainment
LYVE1+MP_cycling	1507.0	1000.0	0.0979021	1.4140879	0.001998002	4.5954003	0.0	0.0	6.0	EducationalAttainment
LYVE1+TIMD4+MP	1512.0	1000.0	0.56443554	-0.17448264	0.007992008	2.860122	0.0	0.0	1.0	EducationalAttainment
MAIT-like	605.0	1000.0	0.4065934	0.2128536	0.01998002	2.2089293	0.0	0.0	0.0	EducationalAttainment
Mast	1504.0	1000.0	0.12887113	1.1584883	0.5104895	-0.0015914005	0.0	0.0	3.0	EducationalAttainment
Meso	871.0	1000.0	0.14685315	0.95174545	0.013986014	3.313606	0.0	0.0	6.0	EducationalAttainment
MoMP	1505.0	1000.0	0.5724276	-0.2611091	0.002997003	4.1321883	0.0	0.0	2.0	EducationalAttainment
NC1_glial	1501.0	1000.0	0.000999001	4.912591	0.037962038	1.9434108	0.0	5.0	68.0	EducationalAttainment
NC2_glial_NGF+	727.0	1000.0	0.001998002	4.0019937	0.08691309	1.4049864	0.0	0.0	10.0	EducationalAttainment
NC3_glial	20.0	1000.0	0.075924076	1.5842936	0.37262738	0.5079785	0.0	0.0	1.0	EducationalAttainment
NC4_glial	13.0	1000.0	0.010989011	2.4590023	0.44655344	0.2743486	0.0	0.0	0.0	EducationalAttainment
NC5_glial	86.0	1000.0	0.000999001	3.8505836	0.37362638	0.3474745	0.0	0.0	5.0	EducationalAttainment
NC6_schwann	18.0	1000.0	0.001998002	4.1148596	0.28971028	0.5915735	0.0	0.0	2.0	EducationalAttainment
NK_CD16hi	1515.0	1000.0	0.82417583	-0.9458335	0.001998002	4.3885612	0.0	0.0	0.0	EducationalAttainment
NK_CD56hi	1505.0	1000.0	0.6883117	-0.5496737	0.001998002	4.820003	0.0	0.0	1.0	EducationalAttainment
Neut	126.0	1000.0	0.73426574	-0.6558358	0.3006993	0.516329	0.0	0.0	0.0	EducationalAttainment
PC1_vent	1515.0	1000.0	0.15284716	1.0349964	0.033966035	2.221879	0.0	0.0	4.0	EducationalAttainment
PC2_atria	1504.0	1000.0	0.36963037	0.32128873	0.02097902	2.3707447	0.0	0.0	0.0	EducationalAttainment
PC3_str	1508.0	1000.0	0.07192807	1.4977431	0.05994006	1.6237012	0.0	0.0	5.0	EducationalAttainment
PC4_CMC-like	780.0	1000.0	0.037962038	1.8376335	0.08691309	1.2480161	0.0	0.0	2.0	EducationalAttainment
Purkinje	110.0	1000.0	0.006993007	2.8524375	0.0989011	1.1995722	0.0	0.0	3.0	EducationalAttainment
SAN_P_cell	245.0	1000.0	0.000999001	5.2718463	0.043956045	1.7567552	0.0	2.0	21.0	EducationalAttainment
SMC1_basic	1501.0	1000.0	0.056943055	1.6867198	0.01998002	2.9267168	0.0	1.0	3.0	EducationalAttainment
SMC2_art	1504.0	1000.0	0.050949052	1.7810141	0.016983017	2.9681833	0.0	0.0	8.0	EducationalAttainment
T/NK_cycling	217.0	1000.0	0.62837166	-0.35285568	0.007992008	2.6769254	0.0	0.0	0.0	EducationalAttainment
aCM1	1501.0	1000.0	0.001998002	4.1197953	0.002997003	4.73586	0.0	3.0	42.0	EducationalAttainment
aCM2	1503.0	1000.0	0.003996004	3.382258	0.0979021	1.3156359	0.0	0.0	24.0	EducationalAttainment
aCM3	1502.0	1000.0	0.00999001	2.6473818	0.21778221	0.7512823	0.0	1.0	11.0	EducationalAttainment
aCM4	1501.0	1000.0	0.010989011	2.781996	0.013986014	2.9532907	0.0	0.0	9.0	EducationalAttainment
aCM5	55.0	1000.0	0.005994006	2.9802032	0.24675325	0.731829	0.0	0.0	1.0	EducationalAttainment
gdT	21.0	1000.0	0.6753247	-0.4672168	0.06593407	0.84628814	0.0	0.0	0.0	EducationalAttainment
unclassified	1500.0	1000.0	0.002997003	3.7903867	0.000999001	4.711345	0.0	0.0	9.0	EducationalAttainment
vCM1	1503.0	1000.0	0.02097902	2.229504	0.068931065	1.5068977	0.0	0.0	3.0	EducationalAttainment
vCM2	1505.0	1000.0	0.014985015	2.4616854	0.045954045	1.7789054	0.0	0.0	6.0	EducationalAttainment
vCM3_stressed	1505.0	1000.0	0.08891109	1.3710048	0.5764236	-0.26478618	0.0	0.0	5.0	EducationalAttainment
vCM4	1504.0	1000.0	0.032967035	1.9729908	0.04795205	1.8619868	0.0	0.0	6.0	EducationalAttainment
vCM5	233.0	1000.0	0.0969031	1.2464397	0.053946055	1.3876832	0.0	0.0	1.0	EducationalAttainment
AVN_P_cell	155.0	1000.0	0.000999001	5.0850735	0.000999001	3.9696176	0.0	1.0	9.0	HRV_RMSSD
AVN_bundle_cell	38.0	1000.0	0.005994006	2.9472027	0.08791209	1.2510486	0.0	0.0	0.0	HRV_RMSSD
Adip1	1508.0	1000.0	0.93406594	-1.3866444	0.06393606	1.6150134	0.0	0.0	0.0	HRV_RMSSD
Adip2	1507.0	1000.0	1.0	-2.9867811	0.026973028	2.238838	0.0	0.0	0.0	HRV_RMSSD
Adip3	393.0	1000.0	0.993007	-2.0619113	0.24575424	0.68820477	0.0	0.0	0.0	HRV_RMSSD
Adip4	63.0	1000.0	0.91808194	-1.3198	0.27072927	0.64529395	0.0	0.0	0.0	HRV_RMSSD
B	1183.0	1000.0	0.48251748	-0.096849084	0.35064936	0.13699643	0.0	0.0	0.0	HRV_RMSSD
B_plasma	374.0	1000.0	0.20379621	0.5563904	0.15684316	0.9054767	0.0	0.0	0.0	HRV_RMSSD
CD14+Mo	1505.0	1000.0	0.82617384	-0.86018443	0.6933067	-0.55269104	0.0	0.0	0.0	HRV_RMSSD
CD16+Mo	1502.0	1000.0	0.65834165	-0.39775583	0.54845154	-0.30557042	0.0	0.0	0.0	HRV_RMSSD
CD4+T_Tfh	79.0	1000.0	0.8631369	-1.112745	0.991009	-3.0025408	0.0	0.0	0.0	HRV_RMSSD
CD4+T_Th1	68.0	1000.0	0.6773227	-0.49339992	0.977023	-2.3921986	0.0	0.0	0.0	HRV_RMSSD
CD4+T_Th17	7.0	1000.0	0.7752248	-0.7888378	0.8741259	-1.4459306	0.0	0.0	0.0	HRV_RMSSD
CD4+T_Th2	120.0	1000.0	0.38161838	0.23499444	0.3096903	0.52389467	0.0	0.0	0.0	HRV_RMSSD
CD4+T_act	1503.0	1000.0	0.91808194	-1.2869203	0.6993007	-0.52578765	0.0	0.0	0.0	HRV_RMSSD
CD4+T_naive	1501.0	1000.0	0.86913085	-1.1487927	0.95004994	-1.480007	0.0	0.0	0.0	HRV_RMSSD
CD4+T_reg	67.0	1000.0	0.964036	-1.7748957	0.68031967	-0.3269389	0.0	0.0	0.0	HRV_RMSSD
CD8+T_cytox	1383.0	1000.0	0.5834166	-0.26472342	0.85514486	-0.9563235	0.0	0.0	1.0	HRV_RMSSD
CD8+T_em	1507.0	1000.0	0.85114884	-0.9943415	0.08191808	1.3427163	0.0	0.0	0.0	HRV_RMSSD
CD8+T_te	1506.0	1000.0	0.83516484	-0.94811755	0.84115887	-0.8414515	0.0	0.0	0.0	HRV_RMSSD
CD8+T_trans	1504.0	1000.0	0.88011986	-1.1670178	0.6303696	-0.40331027	0.0	0.0	0.0	HRV_RMSSD
DC	964.0	1000.0	0.91608393	-1.3440228	0.3996004	0.10926278	0.0	0.0	0.0	HRV_RMSSD
EC10_CMC-like	1517.0	1000.0	0.7372627	-0.66916215	0.10489511	1.2685533	0.0	0.0	0.0	HRV_RMSSD
EC1_cap	1506.0	1000.0	0.3836164	0.23719473	0.3956044	0.20869845	0.0	0.0	1.0	HRV_RMSSD
EC2_cap	1505.0	1000.0	0.3226773	0.4099194	0.28771228	0.46525896	0.0	0.0	0.0	HRV_RMSSD
EC3_cap	1498.0	1000.0	0.6003996	-0.36669597	0.45154846	0.00039125822	0.0	0.0	0.0	HRV_RMSSD
EC4_immune	1500.0	1000.0	0.6043956	-0.3369471	0.37162837	0.27312917	0.0	0.0	1.0	HRV_RMSSD
EC5_art	1503.0	1000.0	0.55544454	-0.22574675	0.37462538	0.18712363	0.0	0.0	0.0	HRV_RMSSD
EC6_ven	1505.0	1000.0	0.8101898	-0.85628355	0.5954046	-0.3650915	0.0	0.0	1.0	HRV_RMSSD
EC7_endocardial	1508.0	1000.0	0.98301697	-1.7939472	0.25874126	0.59076256	0.0	0.0	0.0	HRV_RMSSD
EC8_ln	1175.0	1000.0	0.13286713	1.0044973	0.06593407	1.6403614	0.0	0.0	2.0	HRV_RMSSD
EC9_FB-like	25.0	1000.0	0.951049	-1.4910574	0.7092907	-0.41500962	0.0	0.0	0.0	HRV_RMSSD
FB1	1517.0	1000.0	0.96803194	-1.7410002	0.17282717	0.7501323	0.0	0.0	0.0	HRV_RMSSD
FB2	1508.0	1000.0	0.995005	-2.2863793	0.07892108	1.431267	0.0	0.0	0.0	HRV_RMSSD
FB3	1509.0	1000.0	0.993007	-2.3587563	0.003996004	3.5802417	0.0	0.0	0.0	HRV_RMSSD
FB4_activated	1504.0	1000.0	0.95904094	-1.7640799	0.077922076	1.4151046	0.0	0.0	0.0	HRV_RMSSD
FB5	1509.0	1000.0	0.7972028	-0.87326986	0.0959041	1.1406777	0.0	0.0	1.0	HRV_RMSSD
FB6	1499.0	1000.0	0.998002	-2.8735902	0.011988012	2.7480145	0.0	0.0	0.0	HRV_RMSSD
ILC	172.0	1000.0	0.6723277	-0.44232932	0.25174826	0.6803411	0.0	0.0	0.0	HRV_RMSSD
LYVE1+IGF1+MP	1505.0	1000.0	0.9030969	-1.2430607	0.5094905	-0.13674466	0.0	0.0	0.0	HRV_RMSSD
LYVE1+MP_cycling	1507.0	1000.0	0.6413586	-0.39005792	0.6523476	-0.4604754	0.0	0.0	1.0	HRV_RMSSD
LYVE1+TIMD4+MP	1512.0	1000.0	0.97202796	-1.7986938	0.7262737	-0.6370996	0.0	0.0	0.0	HRV_RMSSD
MAIT-like	605.0	1000.0	0.7692308	-0.7241543	0.985015	-2.183147	0.0	0.0	0.0	HRV_RMSSD
Mast	1504.0	1000.0	0.82817185	-0.96195865	0.969031	-1.9294717	0.0	0.0	0.0	HRV_RMSSD
Meso	871.0	1000.0	0.33866134	0.16991606	0.12087912	1.0255337	0.0	0.0	1.0	HRV_RMSSD
MoMP	1505.0	1000.0	0.973027	-1.7896671	0.9240759	-1.2521034	0.0	0.0	0.0	HRV_RMSSD
NC1_glial	1501.0	1000.0	0.04995005	1.7646148	0.004995005	3.4056456	0.0	0.0	11.0	HRV_RMSSD
NC2_glial_NGF+	727.0	1000.0	0.26973027	0.6139339	0.000999001	4.0500894	0.0	0.0	1.0	HRV_RMSSD
NC3_glial	20.0	1000.0	0.012987013	2.5197096	0.5974026	-0.08891508	0.0	0.0	1.0	HRV_RMSSD
NC4_glial	13.0	1000.0	0.12487513	1.1752803	0.67432564	-0.3997218	0.0	0.0	0.0	HRV_RMSSD
NC5_glial	86.0	1000.0	0.005994006	2.9168258	0.44855145	0.14653601	0.0	0.0	2.0	HRV_RMSSD
NC6_schwann	18.0	1000.0	0.004995005	3.571555	0.024975024	1.7050662	0.0	0.0	0.0	HRV_RMSSD
NK_CD16hi	1515.0	1000.0	0.32767233	0.29788065	0.7132867	-0.6305253	0.0	0.0	0.0	HRV_RMSSD
NK_CD56hi	1505.0	1000.0	0.64635366	-0.38849816	0.33666334	0.12795416	0.0	0.0	2.0	HRV_RMSSD
Neut	126.0	1000.0	0.5154845	-0.1924117	0.77922076	-0.73505265	0.0	0.0	0.0	HRV_RMSSD
PC1_vent	1515.0	1000.0	0.34765235	0.35513827	0.055944055	1.723507	0.0	0.0	0.0	HRV_RMSSD
PC2_atria	1504.0	1000.0	0.7802198	-0.8090224	0.5564436	-0.15512809	0.0	0.0	2.0	HRV_RMSSD
PC3_str	1508.0	1000.0	0.21778221	0.7188481	0.101898104	1.2117856	0.0	0.0	0.0	HRV_RMSSD
PC4_CMC-like	780.0	1000.0	0.22577423	0.7023318	0.07292707	1.4330498	0.0	0.0	1.0	HRV_RMSSD
Purkinje	110.0	1000.0	0.011988012	2.5497375	0.08291708	1.3220857	0.0	0.0	1.0	HRV_RMSSD
SAN_P_cell	245.0	1000.0	0.000999001	6.4597673	0.6933067	-0.47876373	0.0	3.0	27.0	HRV_RMSSD
SMC1_basic	1501.0	1000.0	0.06793207	1.5854408	0.31568432	0.2613751	0.0	0.0	1.0	HRV_RMSSD
SMC2_art	1504.0	1000.0	0.41958043	0.030386107	0.12587413	1.2027014	0.0	0.0	0.0	HRV_RMSSD
T/NK_cycling	217.0	1000.0	0.16283716	0.96346545	0.41958043	0.17044297	0.0	0.0	0.0	HRV_RMSSD
aCM1	1501.0	1000.0	0.001998002	4.3106713	0.011988012	2.5674572	0.0	0.0	21.0	HRV_RMSSD
aCM2	1503.0	1000.0	0.000999001	4.9905257	0.004995005	2.9368773	0.0	3.0	50.0	HRV_RMSSD
aCM3	1502.0	1000.0	0.003996004	3.1214387	0.14585415	1.0231569	0.0	1.0	15.0	HRV_RMSSD
aCM4	1501.0	1000.0	0.000999001	5.1288185	0.054945055	1.8998244	0.0	3.0	48.0	HRV_RMSSD
aCM5	55.0	1000.0	0.001998002	3.1638281	0.6003996	-0.1434461	0.0	0.0	0.0	HRV_RMSSD
gdT	21.0	1000.0	0.35664335	0.30464208	0.28971028	0.6603784	0.0	0.0	0.0	HRV_RMSSD
unclassified	1500.0	1000.0	0.02897103	2.2172406	0.000999001	3.8446681	0.0	0.0	4.0	HRV_RMSSD
vCM1	1503.0	1000.0	0.011988012	2.520435	0.3036963	0.4074161	0.0	0.0	5.0	HRV_RMSSD
vCM2	1505.0	1000.0	0.00999001	2.4601128	0.053946055	1.6880302	0.0	0.0	3.0	HRV_RMSSD
vCM3_stressed	1505.0	1000.0	0.04895105	1.7546713	0.015984016	2.6625803	0.0	0.0	5.0	HRV_RMSSD
vCM4	1504.0	1000.0	0.010989011	2.8320992	0.6753247	-0.46478203	0.0	0.0	10.0	HRV_RMSSD
vCM5	233.0	1000.0	0.005994006	2.6815457	0.060939062	1.4699843	0.0	0.0	0.0	HRV_RMSSD
AVN_P_cell	155.0	1000.0	0.002997003	3.4757307	0.012987013	2.6348073	0.0	0.0	0.0	HRV_RMSSDc
AVN_bundle_cell	38.0	1000.0	0.018981019	2.269036	0.08991009	1.277962	0.0	0.0	0.0	HRV_RMSSDc
Adip1	1508.0	1000.0	0.973027	-1.8739303	0.5854146	-0.2888302	0.0	0.0	0.0	HRV_RMSSDc
Adip2	1507.0	1000.0	0.999001	-2.69922	0.31968033	0.39422947	0.0	0.0	0.0	HRV_RMSSDc
Adip3	393.0	1000.0	0.977023	-1.9236315	0.43756244	0.097837046	0.0	0.0	0.0	HRV_RMSSDc
Adip4	63.0	1000.0	0.994006	-2.2567828	0.6213786	-0.22942227	0.0	0.0	0.0	HRV_RMSSDc
B	1183.0	1000.0	0.3026973	0.31836805	0.08391608	1.4287798	0.0	0.0	0.0	HRV_RMSSDc
B_plasma	374.0	1000.0	0.42757243	-0.13455227	0.5034965	-0.06959074	0.0	0.0	0.0	HRV_RMSSDc
CD14+Mo	1505.0	1000.0	0.93406594	-1.1307845	0.49150848	-0.17978896	0.0	0.0	0.0	HRV_RMSSDc
CD16+Mo	1502.0	1000.0	0.76523477	-0.7189556	0.9080919	-0.9672748	0.0	0.0	0.0	HRV_RMSSDc
CD4+T_Tfh	79.0	1000.0	0.95204794	-1.5949932	0.85814184	-0.9487056	0.0	0.0	0.0	HRV_RMSSDc
CD4+T_Th1	68.0	1000.0	0.8811189	-1.1462474	0.74125874	-0.5119059	0.0	0.0	0.0	HRV_RMSSDc
CD4+T_Th17	7.0	1000.0	0.41558442	0.16700502	0.55444556	0.08785777	0.0	0.0	0.0	HRV_RMSSDc
CD4+T_Th2	120.0	1000.0	0.6933067	-0.5422217	0.86013985	-1.078915	0.0	0.0	0.0	HRV_RMSSDc
CD4+T_act	1503.0	1000.0	0.9110889	-1.3394853	0.7242757	-0.5888692	0.0	0.0	0.0	HRV_RMSSDc
CD4+T_naive	1501.0	1000.0	0.7822178	-0.74716586	0.975025	-1.7890856	0.0	0.0	0.0	HRV_RMSSDc
CD4+T_reg	67.0	1000.0	0.988012	-2.076553	0.7032967	-0.3334991	0.0	0.0	0.0	HRV_RMSSDc
CD8+T_cytox	1383.0	1000.0	0.23876125	0.5516211	0.96103895	-1.5216118	0.0	0.0	0.0	HRV_RMSSDc
CD8+T_em	1507.0	1000.0	0.8631369	-1.1217339	0.5814186	-0.2561309	0.0	0.0	0.0	HRV_RMSSDc
CD8+T_te	1506.0	1000.0	0.7332667	-0.6428417	0.7512488	-0.64593816	0.0	0.0	0.0	HRV_RMSSDc
CD8+T_trans	1504.0	1000.0	0.8011988	-0.85103303	0.5994006	-0.29767734	0.0	0.0	0.0	HRV_RMSSDc
DC	964.0	1000.0	0.9370629	-1.3301498	0.35864136	0.2189205	0.0	0.0	0.0	HRV_RMSSDc
EC10_CMC-like	1517.0	1000.0	0.33966035	0.37161177	0.2907093	0.46462154	0.0	0.0	0.0	HRV_RMSSDc
EC1_cap	1506.0	1000.0	0.07392608	1.4101356	0.1058941	1.3213359	0.0	0.0	0.0	HRV_RMSSDc
EC2_cap	1505.0	1000.0	0.12487513	1.1745136	0.37162837	0.23709786	0.0	0.0	0.0	HRV_RMSSDc
EC3_cap	1498.0	1000.0	0.25274727	0.5783025	0.55244756	-0.23262209	0.0	0.0	0.0	HRV_RMSSDc
EC4_immune	1500.0	1000.0	0.17682318	0.91764736	0.38061938	0.22447619	0.0	0.0	0.0	HRV_RMSSDc
EC5_art	1503.0	1000.0	0.22677323	0.6920159	0.65134865	-0.44439223	0.0	0.0	0.0	HRV_RMSSDc
EC6_ven	1505.0	1000.0	0.27872127	0.4366063	0.7052947	-0.5773563	0.0	0.0	0.0	HRV_RMSSDc
EC7_endocardial	1508.0	1000.0	0.7762238	-0.785913	0.062937066	1.7188995	0.0	0.0	0.0	HRV_RMSSDc
EC8_ln	1175.0	1000.0	0.123876125	1.0457954	0.13186814	1.0822997	0.0	0.0	0.0	HRV_RMSSDc
EC9_FB-like	25.0	1000.0	0.5114885	-0.08892055	0.72927076	-0.41447967	0.0	0.0	0.0	HRV_RMSSDc
FB1	1517.0	1000.0	0.7752248	-0.7593553	0.07692308	1.0985078	0.0	0.0	0.0	HRV_RMSSDc
FB2	1508.0	1000.0	0.82817185	-0.9606914	0.5314685	-0.13310985	0.0	0.0	0.0	HRV_RMSSDc
FB3	1509.0	1000.0	0.97402596	-1.7448783	0.04695305	1.7868559	0.0	0.0	0.0	HRV_RMSSDc
FB4_activated	1504.0	1000.0	0.9130869	-1.2815145	0.43256745	0.088847205	0.0	0.0	0.0	HRV_RMSSDc
FB5	1509.0	1000.0	0.6193806	-0.38383073	0.6433566	-0.39179406	0.0	0.0	0.0	HRV_RMSSDc
FB6	1499.0	1000.0	0.97902095	-1.8108076	0.22577423	0.59800094	0.0	0.0	0.0	HRV_RMSSDc
ILC	172.0	1000.0	0.9210789	-1.3188958	0.93606395	-1.5232058	0.0	0.0	0.0	HRV_RMSSDc
LYVE1+IGF1+MP	1505.0	1000.0	0.8901099	-1.1059133	0.53446555	-0.23201813	0.0	0.0	0.0	HRV_RMSSDc
LYVE1+MP_cycling	1507.0	1000.0	0.4885115	-0.06712738	0.5264735	-0.19157124	0.0	0.0	0.0	HRV_RMSSDc
LYVE1+TIMD4+MP	1512.0	1000.0	0.9080919	-1.2773305	0.8921079	-1.1277843	0.0	0.0	0.0	HRV_RMSSDc
MAIT-like	605.0	1000.0	0.4235764	0.14028132	0.5914086	-0.24996416	0.0	0.0	0.0	HRV_RMSSDc
Mast	1504.0	1000.0	0.8091908	-0.90788466	0.8201798	-0.924802	0.0	0.0	0.0	HRV_RMSSDc
Meso	871.0	1000.0	0.5944056	-0.35486865	0.21778221	0.47023597	0.0	0.0	0.0	HRV_RMSSDc
MoMP	1505.0	1000.0	0.9150849	-1.2873001	0.997003	-2.0206034	0.0	0.0	0.0	HRV_RMSSDc
NC1_glial	1501.0	1000.0	0.13586414	1.1021477	0.013986014	2.6148329	0.0	0.0	0.0	HRV_RMSSDc
NC2_glial_NGF+	727.0	1000.0	0.54545456	-0.16773649	0.008991009	2.4374893	0.0	0.0	0.0	HRV_RMSSDc
NC3_glial	20.0	1000.0	0.007992008	3.046254	0.66533464	-0.47673568	0.0	0.0	0.0	HRV_RMSSDc
NC4_glial	13.0	1000.0	0.5494506	-0.13669437	0.6663337	-0.24865286	0.0	0.0	0.0	HRV_RMSSDc
NC5_glial	86.0	1000.0	0.021978023	2.1580374	0.17482518	0.96469676	0.0	0.0	0.0	HRV_RMSSDc
NC6_schwann	18.0	1000.0	0.011988012	2.5334752	0.026973028	1.5751928	0.0	0.0	0.0	HRV_RMSSDc
NK_CD16hi	1515.0	1000.0	0.19080919	0.80051106	0.5924076	-0.3698399	0.0	0.0	0.0	HRV_RMSSDc
NK_CD56hi	1505.0	1000.0	0.66033965	-0.47549245	0.4935065	-0.13910635	0.0	0.0	0.0	HRV_RMSSDc
Neut	126.0	1000.0	0.27272728	0.45859548	0.7802198	-0.76300466	0.0	0.0	0.0	HRV_RMSSDc
PC1_vent	1515.0	1000.0	0.4875125	-0.008452383	0.24375625	0.51496553	0.0	0.0	0.0	HRV_RMSSDc
PC2_atria	1504.0	1000.0	0.7942058	-0.83723587	0.6413586	-0.37471235	0.0	0.0	0.0	HRV_RMSSDc
PC3_str	1508.0	1000.0	0.17782217	0.89146686	0.14385614	1.0030586	0.0	0.0	0.0	HRV_RMSSDc
PC4_CMC-like	780.0	1000.0	0.41858143	0.10149242	0.2997003	0.5419896	0.0	0.0	0.0	HRV_RMSSDc
Purkinje	110.0	1000.0	0.31968033	0.4105129	0.077922076	1.3800548	0.0	0.0	0.0	HRV_RMSSDc
SAN_P_cell	245.0	1000.0	0.000999001	5.170993	0.28771228	0.57476646	0.0	0.0	0.0	HRV_RMSSDc
SMC1_basic	1501.0	1000.0	0.10889111	1.1548836	0.25674325	0.34985885	0.0	0.0	0.0	HRV_RMSSDc
SMC2_art	1504.0	1000.0	0.46853146	-0.10618495	0.3946054	-0.046182845	0.0	0.0	0.0	HRV_RMSSDc
T/NK_cycling	217.0	1000.0	0.10989011	1.205508	0.112887114	1.157099	0.0	0.0	0.0	HRV_RMSSDc
aCM1	1501.0	1000.0	0.000999001	3.239485	0.018981019	2.2793298	0.0	0.0	0.0	HRV_RMSSDc
aCM2	1503.0	1000.0	0.000999001	3.8009243	0.17982018	0.86132354	0.0	0.0	1.0	HRV_RMSSDc
aCM3	1502.0	1000.0	0.021978023	2.1478963	0.45254746	0.11244401	0.0	0.0	0.0	HRV_RMSSDc
aCM4	1501.0	1000.0	0.003996004	3.3410416	0.07692308	1.4611725	0.0	0.0	0.0	HRV_RMSSDc
aCM5	55.0	1000.0	0.002997003	2.9218423	0.8061938	-0.8309065	0.0	0.0	0.0	HRV_RMSSDc
gdT	21.0	1000.0	0.60639364	-0.29348025	0.87812185	-1.2273982	0.0	0.0	0.0	HRV_RMSSDc
unclassified	1500.0	1000.0	0.4065934	0.15208487	0.061938062	1.6982313	0.0	0.0	0.0	HRV_RMSSDc
vCM1	1503.0	1000.0	0.11588412	1.1671462	0.92507493	-1.314777	0.0	0.0	0.0	HRV_RMSSDc
vCM2	1505.0	1000.0	0.16883117	0.96247333	0.114885114	1.0756887	0.0	0.0	0.0	HRV_RMSSDc
vCM3_stressed	1505.0	1000.0	0.36263737	0.28127322	0.20779221	0.61131173	0.0	0.0	0.0	HRV_RMSSDc
vCM4	1504.0	1000.0	0.13086914	1.0918876	0.5954046	-0.24700965	0.0	0.0	0.0	HRV_RMSSDc
vCM5	233.0	1000.0	0.0959041	1.2822788	0.2027972	0.88124716	0.0	0.0	0.0	HRV_RMSSDc
AVN_P_cell	155.0	1000.0	0.005994006	2.6768024	0.16983017	0.91825145	0.0	0.0	0.0	HRV_SDNN
AVN_bundle_cell	38.0	1000.0	0.01998002	2.2281864	0.14285715	1.1060417	0.0	0.0	0.0	HRV_SDNN
Adip1	1508.0	1000.0	0.9350649	-1.4400103	0.4035964	0.17532285	0.0	0.0	0.0	HRV_SDNN
Adip2	1507.0	1000.0	0.975025	-1.8274034	0.17782217	0.85574186	0.0	0.0	0.0	HRV_SDNN
Adip3	393.0	1000.0	0.8741259	-1.1627057	0.8111888	-0.8964894	0.0	0.0	0.0	HRV_SDNN
Adip4	63.0	1000.0	0.85714287	-1.0387596	0.5584416	-0.11350515	0.0	0.0	0.0	HRV_SDNN
B	1183.0	1000.0	0.4045954	0.08561495	0.22177823	0.5792171	0.0	0.0	0.0	HRV_SDNN
B_plasma	374.0	1000.0	0.27572426	0.15709108	0.33466533	0.29064685	0.0	0.0	0.0	HRV_SDNN
CD14+Mo	1505.0	1000.0	0.9170829	-1.1297401	0.1008991	1.2492876	0.0	0.0	0.0	HRV_SDNN
CD16+Mo	1502.0	1000.0	0.6613387	-0.4232343	0.077922076	1.5207621	0.0	0.0	0.0	HRV_SDNN
CD4+T_Tfh	79.0	1000.0	0.41658342	0.1898508	0.77222776	-0.63819134	0.0	0.0	0.0	HRV_SDNN
CD4+T_Th1	68.0	1000.0	0.85714287	-1.0861827	0.4045954	0.39641106	0.0	0.0	0.0	HRV_SDNN
CD4+T_Th17	7.0	1000.0	0.3976024	0.21535	0.7022977	-0.12895693	0.0	0.0	0.0	HRV_SDNN
CD4+T_Th2	120.0	1000.0	0.8701299	-1.0913031	0.48251748	0.11138941	0.0	0.0	0.0	HRV_SDNN
CD4+T_act	1503.0	1000.0	0.65334666	-0.4480453	0.075924076	1.4534907	0.0	0.0	0.0	HRV_SDNN
CD4+T_naive	1501.0	1000.0	0.5024975	-0.048182696	0.24375625	0.5416928	0.0	0.0	0.0	HRV_SDNN
CD4+T_reg	67.0	1000.0	0.9020979	-1.2290369	0.43856144	0.2769648	0.0	0.0	0.0	HRV_SDNN
CD8+T_cytox	1383.0	1000.0	0.7922078	-0.81745243	0.13886113	1.0857755	0.0	0.0	0.0	HRV_SDNN
CD8+T_em	1507.0	1000.0	0.64435565	-0.39705977	0.21878122	0.65021324	0.0	0.0	0.0	HRV_SDNN
CD8+T_te	1506.0	1000.0	0.6833167	-0.49535728	0.11988012	1.181557	0.0	0.0	0.0	HRV_SDNN
CD8+T_trans	1504.0	1000.0	0.46553448	0.038183726	0.1058941	1.2247893	0.0	0.0	0.0	HRV_SDNN
DC	964.0	1000.0	0.5714286	-0.194162	0.07992008	1.3913335	0.0	0.0	0.0	HRV_SDNN
EC10_CMC-like	1517.0	1000.0	0.68731266	-0.55008286	0.93606395	-1.3874286	0.0	0.0	0.0	HRV_SDNN
EC1_cap	1506.0	1000.0	0.93206793	-1.3779008	0.28071928	0.46806788	0.0	0.0	0.0	HRV_SDNN
EC2_cap	1505.0	1000.0	0.7712288	-0.75106037	0.84815186	-1.0008519	0.0	0.0	0.0	HRV_SDNN
EC3_cap	1498.0	1000.0	0.8791209	-1.0945832	0.41758242	0.13909298	0.0	0.0	0.0	HRV_SDNN
EC4_immune	1500.0	1000.0	0.7212787	-0.60730433	0.9040959	-1.2616634	0.0	0.0	0.0	HRV_SDNN
EC5_art	1503.0	1000.0	0.7962038	-0.84801555	0.6613387	-0.45435715	0.0	0.0	0.0	HRV_SDNN
EC6_ven	1505.0	1000.0	0.72527474	-0.6215107	0.5154845	-0.23012644	0.0	0.0	0.0	HRV_SDNN
EC7_endocardial	1508.0	1000.0	0.37262738	0.26655185	0.026973028	1.9916625	0.0	0.0	0.0	HRV_SDNN
EC8_ln	1175.0	1000.0	0.3756244	0.11529654	0.93106896	-1.1752019	0.0	0.0	0.0	HRV_SDNN
EC9_FB-like	25.0	1000.0	0.47952047	-0.014319969	0.8201798	-0.7605882	0.0	0.0	0.0	HRV_SDNN
FB1	1517.0	1000.0	0.41958043	0.08039269	0.7132867	-0.50619185	0.0	0.0	0.0	HRV_SDNN
FB2	1508.0	1000.0	0.48351648	0.0040075355	0.61338663	-0.3116717	0.0	0.0	0.0	HRV_SDNN
FB3	1509.0	1000.0	0.6023976	-0.2950424	0.41858143	0.06715513	0.0	0.0	0.0	HRV_SDNN
FB4_activated	1504.0	1000.0	0.2927073	0.5394218	0.3956044	0.11366741	0.0	0.0	0.0	HRV_SDNN
FB5	1509.0	1000.0	0.0969031	1.272464	0.66933066	-0.41949505	0.0	0.0	0.0	HRV_SDNN
FB6	1499.0	1000.0	0.7532467	-0.68589526	0.75924075	-0.6922827	0.0	0.0	0.0	HRV_SDNN
ILC	172.0	1000.0	0.25674325	0.5106581	0.56443554	-0.11619365	0.0	0.0	0.0	HRV_SDNN
LYVE1+IGF1+MP	1505.0	1000.0	0.72527474	-0.64595157	0.08591408	1.4352963	0.0	0.0	0.0	HRV_SDNN
LYVE1+MP_cycling	1507.0	1000.0	0.54145855	-0.15386063	0.39060938	0.14450473	0.0	0.0	0.0	HRV_SDNN
LYVE1+TIMD4+MP	1512.0	1000.0	0.8471528	-1.0044992	0.3126873	0.39107302	0.0	0.0	0.0	HRV_SDNN
MAIT-like	605.0	1000.0	0.6833167	-0.49335855	0.36863136	0.34993708	0.0	0.0	0.0	HRV_SDNN
Mast	1504.0	1000.0	0.49150848	-0.040957324	0.84215784	-0.969195	0.0	0.0	0.0	HRV_SDNN
Meso	871.0	1000.0	0.27672327	0.37894344	0.22877122	0.5023859	0.0	0.0	0.0	HRV_SDNN
MoMP	1505.0	1000.0	0.8841159	-1.177191	0.21278721	0.68959004	0.0	0.0	0.0	HRV_SDNN
NC1_glial	1501.0	1000.0	0.10489511	1.2957683	0.6523476	-0.4170025	0.0	0.0	0.0	HRV_SDNN
NC2_glial_NGF+	727.0	1000.0	0.14485514	1.0766869	0.002997003	3.3250575	0.0	0.0	0.0	HRV_SDNN
NC3_glial	20.0	1000.0	0.2917083	0.50641245	0.964036	-1.9433479	0.0	0.0	0.0	HRV_SDNN
NC4_glial	13.0	1000.0	0.07692308	1.453958	0.77722275	-0.65951455	0.0	0.0	0.0	HRV_SDNN
NC5_glial	86.0	1000.0	0.017982017	2.3756804	0.5094905	0.0078324	0.0	0.0	0.0	HRV_SDNN
NC6_schwann	18.0	1000.0	0.025974026	2.234679	0.18481518	0.9438574	0.0	0.0	0.0	HRV_SDNN
NK_CD16hi	1515.0	1000.0	0.7152847	-0.6134648	0.14785215	0.976609	0.0	0.0	0.0	HRV_SDNN
NK_CD56hi	1505.0	1000.0	0.2067932	0.74329823	0.15684316	0.92384994	0.0	0.0	0.0	HRV_SDNN
Neut	126.0	1000.0	0.24275725	0.5324256	0.74025977	-0.65614754	0.0	0.0	0.0	HRV_SDNN
PC1_vent	1515.0	1000.0	0.025974026	2.1125724	0.045954045	1.792957	0.0	0.0	0.0	HRV_SDNN
PC2_atria	1504.0	1000.0	0.22777222	0.715298	0.63136864	-0.39746052	0.0	0.0	0.0	HRV_SDNN
PC3_str	1508.0	1000.0	0.014985015	2.4631195	0.012987013	2.6398284	0.0	0.0	0.0	HRV_SDNN
PC4_CMC-like	780.0	1000.0	0.08191808	1.4475785	0.21978022	0.79611593	0.0	0.0	0.0	HRV_SDNN
Purkinje	110.0	1000.0	0.52747256	-0.10264107	0.44455543	0.25507462	0.0	0.0	0.0	HRV_SDNN
SAN_P_cell	245.0	1000.0	0.000999001	4.9141626	0.44455543	0.124980874	0.0	0.0	0.0	HRV_SDNN
SMC1_basic	1501.0	1000.0	0.04095904	2.0082724	0.58441556	-0.34987405	0.0	0.0	0.0	HRV_SDNN
SMC2_art	1504.0	1000.0	0.46653345	-0.04932952	0.44255745	-0.14176413	0.0	0.0	0.0	HRV_SDNN
T/NK_cycling	217.0	1000.0	0.5104895	-0.118833326	0.1988012	0.7801692	0.0	0.0	0.0	HRV_SDNN
aCM1	1501.0	1000.0	0.04995005	1.6895919	0.02097902	2.4381409	0.0	0.0	0.0	HRV_SDNN
aCM2	1503.0	1000.0	0.002997003	3.015122	0.054945055	1.7063456	0.0	0.0	0.0	HRV_SDNN
aCM3	1502.0	1000.0	0.044955045	1.7574872	0.27572426	0.5324352	0.0	0.0	0.0	HRV_SDNN
aCM4	1501.0	1000.0	0.022977022	2.2098963	0.0979021	1.3024766	0.0	0.0	0.0	HRV_SDNN
aCM5	55.0	1000.0	0.007992008	2.5268164	0.25674325	0.68798596	0.0	0.0	0.0	HRV_SDNN
gdT	21.0	1000.0	0.95604396	-1.5372399	0.7672328	-0.46614787	0.0	0.0	0.0	HRV_SDNN
unclassified	1500.0	1000.0	0.2057942	0.78517544	0.02997003	2.1100552	0.0	0.0	0.0	HRV_SDNN
vCM1	1503.0	1000.0	0.27772227	0.5681848	0.46253747	0.019280508	0.0	0.0	0.0	HRV_SDNN
vCM2	1505.0	1000.0	0.22177823	0.76448834	0.44255745	0.06878185	0.0	0.0	0.0	HRV_SDNN
vCM3_stressed	1505.0	1000.0	0.4985015	-0.055820547	0.22577423	0.6065923	0.0	0.0	0.0	HRV_SDNN
vCM4	1504.0	1000.0	0.25074926	0.60237145	0.5154845	-0.08507413	0.0	0.0	0.0	HRV_SDNN
vCM5	233.0	1000.0	0.18981019	0.8527666	0.051948052	1.4776056	0.0	0.0	0.0	HRV_SDNN
AVN_P_cell	155.0	1000.0	0.16783217	0.92257935	0.5494506	-0.095660955	0.0	0.0	0.0	HRV_SDNNc
AVN_bundle_cell	38.0	1000.0	0.28971028	0.48434946	0.010989011	1.9795469	0.0	0.0	0.0	HRV_SDNNc
Adip1	1508.0	1000.0	0.63336664	-0.37814206	0.5874126	-0.2921779	0.0	0.0	0.0	HRV_SDNNc
Adip2	1507.0	1000.0	0.7712288	-0.7608531	0.58441556	-0.30932698	0.0	0.0	0.0	HRV_SDNNc
Adip3	393.0	1000.0	0.75624377	-0.7322405	0.2847153	0.5075282	0.0	0.0	0.0	HRV_SDNNc
Adip4	63.0	1000.0	0.7132867	-0.60529035	0.17682318	0.88934845	0.0	0.0	0.0	HRV_SDNNc
B	1183.0	1000.0	0.026973028	2.3352685	0.25074926	0.5002052	0.0	0.0	0.0	HRV_SDNNc
B_plasma	374.0	1000.0	0.32567433	0.021063851	0.9280719	-1.3349781	0.0	0.0	0.0	HRV_SDNNc
CD14+Mo	1505.0	1000.0	0.84915084	-0.92251796	0.03996004	2.1380935	0.0	0.0	0.0	HRV_SDNNc
CD16+Mo	1502.0	1000.0	0.40959042	0.11202959	0.04995005	1.8702468	0.0	0.0	0.0	HRV_SDNNc
CD4+T_Tfh	79.0	1000.0	0.2987013	0.51435995	0.52147853	0.1572405	0.0	0.0	0.0	HRV_SDNNc
CD4+T_Th1	68.0	1000.0	0.6973027	-0.5562806	0.14085914	0.94483393	0.0	0.0	0.0	HRV_SDNNc
CD4+T_Th17	7.0	1000.0	0.4225774	0.1237161	0.95404595	-2.786051	0.0	0.0	0.0	HRV_SDNNc
CD4+T_Th2	120.0	1000.0	0.47952047	-0.004619676	0.33766234	0.47673494	0.0	0.0	0.0	HRV_SDNNc
CD4+T_act	1503.0	1000.0	0.43656343	0.1471608	0.11588412	1.1406727	0.0	0.0	0.0	HRV_SDNNc
CD4+T_naive	1501.0	1000.0	0.34865135	0.33728898	0.53046954	-0.13493894	1.0	1.0	1.0	HRV_SDNNc
CD4+T_reg	67.0	1000.0	0.47152847	0.042790443	0.4235764	0.31433478	0.0	0.0	0.0	HRV_SDNNc
CD8+T_cytox	1383.0	1000.0	0.44255745	0.042544246	0.5854146	-0.3482735	0.0	0.0	0.0	HRV_SDNNc
CD8+T_em	1507.0	1000.0	0.47452548	0.06237494	0.7892108	-0.7862713	0.0	0.0	0.0	HRV_SDNNc
CD8+T_te	1506.0	1000.0	0.43056944	0.11612696	0.34165835	0.14369233	0.0	0.0	0.0	HRV_SDNNc
CD8+T_trans	1504.0	1000.0	0.34365633	0.40994564	0.4755245	-0.09582514	0.0	0.0	0.0	HRV_SDNNc
DC	964.0	1000.0	0.37262738	0.28072786	0.09190809	1.323356	0.0	0.0	0.0	HRV_SDNNc
EC10_CMC-like	1517.0	1000.0	0.46553448	0.06931244	0.8701299	-1.0671713	0.0	0.0	0.0	HRV_SDNNc
EC1_cap	1506.0	1000.0	0.4865135	-0.045731224	0.32667333	0.38165677	0.0	0.0	0.0	HRV_SDNNc
EC2_cap	1505.0	1000.0	0.3916084	0.17984453	0.5694306	-0.24477659	0.0	0.0	0.0	HRV_SDNNc
EC3_cap	1498.0	1000.0	0.5134865	-0.08348411	0.8001998	-0.8087773	0.0	0.0	0.0	HRV_SDNNc
EC4_immune	1500.0	1000.0	0.49150848	-0.06381195	0.6363636	-0.42505723	0.0	0.0	0.0	HRV_SDNNc
EC5_art	1503.0	1000.0	0.31668332	0.43530887	0.9480519	-1.4471635	0.0	0.0	0.0	HRV_SDNNc
EC6_ven	1505.0	1000.0	0.18581419	0.8400469	0.6943057	-0.6211522	0.0	0.0	0.0	HRV_SDNNc
EC7_endocardial	1508.0	1000.0	0.10689311	1.3152928	0.03196803	2.1326118	0.0	0.0	0.0	HRV_SDNNc
EC8_ln	1175.0	1000.0	0.31568432	0.32244298	0.7082917	-0.5871736	0.0	0.0	0.0	HRV_SDNNc
EC9_FB-like	25.0	1000.0	0.1918082	0.84633553	0.8071928	-0.77373254	0.0	0.0	0.0	HRV_SDNNc
FB1	1517.0	1000.0	0.5744256	-0.28426167	0.55544454	-0.1627257	0.0	0.0	0.0	HRV_SDNNc
FB2	1508.0	1000.0	0.45454547	0.087842636	0.48251748	0.03391407	0.0	0.0	0.0	HRV_SDNNc
FB3	1509.0	1000.0	0.82417583	-0.94213724	0.51248753	-0.08295926	0.0	0.0	0.0	HRV_SDNNc
FB4_activated	1504.0	1000.0	0.43556443	0.082348794	0.23976023	0.6356478	0.0	0.0	0.0	HRV_SDNNc
FB5	1509.0	1000.0	0.33266732	0.35011268	0.6973027	-0.5434174	0.0	0.0	0.0	HRV_SDNNc
FB6	1499.0	1000.0	0.7312687	-0.6603015	0.6823177	-0.47988284	0.0	0.0	0.0	HRV_SDNNc
ILC	172.0	1000.0	0.48351648	-0.048266977	0.5854146	-0.21444191	0.0	0.0	0.0	HRV_SDNNc
LYVE1+IGF1+MP	1505.0	1000.0	0.6323676	-0.3833093	0.08491509	1.4886261	0.0	0.0	0.0	HRV_SDNNc
LYVE1+MP_cycling	1507.0	1000.0	0.33566433	0.39219654	0.5964036	-0.3015522	0.0	0.0	0.0	HRV_SDNNc
LYVE1+TIMD4+MP	1512.0	1000.0	0.53046954	-0.10660273	0.050949052	1.6559498	0.0	0.0	0.0	HRV_SDNNc
MAIT-like	605.0	1000.0	0.47352648	0.033294037	0.57942057	-0.1995577	0.0	0.0	0.0	HRV_SDNNc
Mast	1504.0	1000.0	0.4775225	-0.045515116	0.7122877	-0.54880583	0.0	0.0	0.0	HRV_SDNNc
Meso	871.0	1000.0	0.4965035	-0.17887425	0.57942057	-0.3636256	0.0	0.0	0.0	HRV_SDNNc
MoMP	1505.0	1000.0	0.58441556	-0.27606136	0.4755245	-0.09126905	0.0	0.0	0.0	HRV_SDNNc
NC1_glial	1501.0	1000.0	0.46853146	-0.0022533436	0.37062937	0.24206102	0.0	0.0	0.0	HRV_SDNNc
NC2_glial_NGF+	727.0	1000.0	0.57742256	-0.21892655	0.06593407	1.5211282	0.0	0.0	0.0	HRV_SDNNc
NC3_glial	20.0	1000.0	0.3846154	0.24096052	0.8981019	-1.3494464	0.0	0.0	0.0	HRV_SDNNc
NC4_glial	13.0	1000.0	0.5994006	-0.25421348	0.6683317	-0.31296918	0.0	0.0	0.0	HRV_SDNNc
NC5_glial	86.0	1000.0	0.10789211	1.2462158	0.8161838	-0.91211575	0.0	0.0	0.0	HRV_SDNNc
NC6_schwann	18.0	1000.0	0.023976024	2.2607474	0.62637365	-0.28844306	0.0	0.0	0.0	HRV_SDNNc
NK_CD16hi	1515.0	1000.0	0.23176824	0.6637054	0.57042956	-0.37821305	0.0	0.0	0.0	HRV_SDNNc
NK_CD56hi	1505.0	1000.0	0.13186814	1.1122782	0.18981019	0.74794537	0.0	0.0	0.0	HRV_SDNNc
Neut	126.0	1000.0	0.37762237	0.18272737	0.75724274	-0.65182996	0.0	0.0	0.0	HRV_SDNNc
PC1_vent	1515.0	1000.0	0.024975024	2.1168225	0.01998002	2.6757486	0.0	0.0	0.0	HRV_SDNNc
PC2_atria	1504.0	1000.0	0.5934066	-0.27320653	0.73826176	-0.6293477	0.0	0.0	0.0	HRV_SDNNc
PC3_str	1508.0	1000.0	0.007992008	2.5834394	0.017982017	2.3530967	0.0	0.0	0.0	HRV_SDNNc
PC4_CMC-like	780.0	1000.0	0.17182817	0.9193214	0.7012987	-0.5382129	0.0	0.0	0.0	HRV_SDNNc
Purkinje	110.0	1000.0	0.8971029	-1.2311952	0.57742256	-0.13903758	0.0	0.0	0.0	HRV_SDNNc
SAN_P_cell	245.0	1000.0	0.010989011	2.5953445	0.08591408	1.3275936	0.0	0.0	0.0	HRV_SDNNc
SMC1_basic	1501.0	1000.0	0.050949052	1.7414465	0.13186814	0.9838784	0.0	0.0	0.0	HRV_SDNNc
SMC2_art	1504.0	1000.0	0.63336664	-0.3951287	0.49150848	-0.26535165	0.0	0.0	0.0	HRV_SDNNc
T/NK_cycling	217.0	1000.0	0.21278721	0.74598664	0.5814186	-0.21564224	0.0	0.0	0.0	HRV_SDNNc
aCM1	1501.0	1000.0	0.66033965	-0.43173423	0.04995005	1.8211983	0.0	0.0	0.0	HRV_SDNNc
aCM2	1503.0	1000.0	0.27572426	0.5723119	0.24875125	0.62450886	0.0	0.0	0.0	HRV_SDNNc
aCM3	1502.0	1000.0	0.5874126	-0.2776793	0.36163837	0.30032524	0.0	0.0	0.0	HRV_SDNNc
aCM4	1501.0	1000.0	0.53046954	-0.16171442	0.44255745	-0.0036670368	0.0	0.0	0.0	HRV_SDNNc
aCM5	55.0	1000.0	0.19480519	0.8345023	0.34065935	0.48281366	0.0	0.0	0.0	HRV_SDNNc
gdT	21.0	1000.0	0.33566433	0.35314777	0.2837163	0.6185748	0.0	0.0	0.0	HRV_SDNNc
unclassified	1500.0	1000.0	0.8001998	-0.84091604	0.1918082	0.85739714	0.0	0.0	0.0	HRV_SDNNc
vCM1	1503.0	1000.0	0.72927076	-0.6566281	0.37062937	0.30681708	0.0	0.0	0.0	HRV_SDNNc
vCM2	1505.0	1000.0	0.6883117	-0.55433893	0.3996004	0.20259823	0.0	0.0	0.0	HRV_SDNNc
vCM3_stressed	1505.0	1000.0	0.8611389	-1.0584056	0.8941059	-1.1102302	0.0	0.0	0.0	HRV_SDNNc
vCM4	1504.0	1000.0	0.68931067	-0.5171138	0.26673326	0.5430445	0.0	0.0	0.0	HRV_SDNNc
vCM5	233.0	1000.0	0.5994006	-0.3057205	0.064935066	1.3814442	0.0	0.0	0.0	HRV_SDNNc
AVN_P_cell	155.0	1000.0	0.004995005	3.0268757	0.12887113	1.1280185	0.0	0.0	0.0	HeartFailure
AVN_bundle_cell	38.0	1000.0	0.001998002	3.3212948	0.8851149	-1.2539643	0.0	0.0	0.0	HeartFailure
Adip1	1508.0	1000.0	0.3126873	0.44116348	0.7012987	-0.54474276	0.0	0.0	0.0	HeartFailure
Adip2	1507.0	1000.0	0.7002997	-0.55831456	0.045954045	1.8549824	0.0	0.0	0.0	HeartFailure
Adip3	393.0	1000.0	0.42057943	0.10601801	0.2907093	0.51210487	0.0	0.0	0.0	HeartFailure
Adip4	63.0	1000.0	0.15784216	1.0010878	0.04195804	1.6014965	0.0	0.0	0.0	HeartFailure
B	1183.0	1000.0	0.5494506	-0.27533957	0.51448554	-0.21861477	0.0	0.0	0.0	HeartFailure
B_plasma	374.0	1000.0	0.21878122	0.5643684	0.31768233	0.3209186	0.0	0.0	0.0	HeartFailure
CD14+Mo	1505.0	1000.0	0.5914086	-0.3406424	0.27372628	0.5161746	0.0	0.0	0.0	HeartFailure
CD16+Mo	1502.0	1000.0	0.28971028	0.50742877	0.64235765	-0.46494	0.0	0.0	0.0	HeartFailure
CD4+T_Tfh	79.0	1000.0	0.987013	-2.052101	0.47952047	0.20854256	0.0	0.0	0.0	HeartFailure
CD4+T_Th1	68.0	1000.0	0.85114884	-1.0621816	0.8611389	-1.0769248	0.0	0.0	0.0	HeartFailure
CD4+T_Th17	7.0	1000.0	0.9210789	-1.4407489	0.54745257	0.20289214	0.0	0.0	0.0	HeartFailure
CD4+T_Th2	120.0	1000.0	0.98101896	-1.790919	0.4105894	0.3279085	0.0	0.0	0.0	HeartFailure
CD4+T_act	1503.0	1000.0	0.83316684	-0.9718777	0.26173827	0.516024	0.0	0.0	0.0	HeartFailure
CD4+T_naive	1501.0	1000.0	0.77722275	-0.790171	0.55444556	-0.23242386	0.0	0.0	0.0	HeartFailure
CD4+T_reg	67.0	1000.0	0.94505495	-1.5493777	0.24575424	0.7155792	0.0	0.0	0.0	HeartFailure
CD8+T_cytox	1383.0	1000.0	0.96004	-1.5986936	0.6193806	-0.34998566	0.0	0.0	0.0	HeartFailure
CD8+T_em	1507.0	1000.0	0.9080919	-1.3361615	0.1998002	0.7212208	0.0	0.0	0.0	HeartFailure
CD8+T_te	1506.0	1000.0	0.995005	-2.1204612	0.33466533	0.15629801	0.0	0.0	0.0	HeartFailure
CD8+T_trans	1504.0	1000.0	0.84915084	-1.0906502	0.76623374	-0.7089684	0.0	0.0	0.0	HeartFailure
DC	964.0	1000.0	0.1978022	0.82088786	0.14885116	0.9562153	0.0	0.0	0.0	HeartFailure
EC10_CMC-like	1517.0	1000.0	0.52547455	-0.09855117	0.25374624	0.510054	0.0	0.0	0.0	HeartFailure
EC1_cap	1506.0	1000.0	0.66233766	-0.43617952	0.51448554	-0.1392585	0.0	0.0	0.0	HeartFailure
EC2_cap	1505.0	1000.0	0.8031968	-0.8511403	0.30769232	0.33364326	0.0	0.0	0.0	HeartFailure
EC3_cap	1498.0	1000.0	0.7132867	-0.60462725	0.6833167	-0.5264642	0.0	0.0	0.0	HeartFailure
EC4_immune	1500.0	1000.0	0.5294705	-0.09833398	0.9110889	-1.2487617	0.0	0.0	0.0	HeartFailure
EC5_art	1503.0	1000.0	0.6253746	-0.34752226	0.6183816	-0.35533038	0.0	0.0	0.0	HeartFailure
EC6_ven	1505.0	1000.0	0.966034	-1.6798539	0.5904096	-0.34349513	0.0	0.0	0.0	HeartFailure
EC7_endocardial	1508.0	1000.0	0.84815186	-0.9942	0.3046953	0.41664475	0.0	0.0	0.0	HeartFailure
EC8_ln	1175.0	1000.0	0.7782218	-0.78254586	0.5494506	-0.30664077	0.0	0.0	0.0	HeartFailure
EC9_FB-like	25.0	1000.0	0.85514486	-1.085107	0.45254746	0.29364616	0.0	0.0	0.0	HeartFailure
FB1	1517.0	1000.0	0.4935065	-0.07344541	0.114885114	1.1928769	0.0	0.0	0.0	HeartFailure
FB2	1508.0	1000.0	0.35964036	0.36885402	0.41558442	0.17210875	0.0	0.0	0.0	HeartFailure
FB3	1509.0	1000.0	0.51248753	-0.07563794	0.63936067	-0.39308208	0.0	0.0	0.0	HeartFailure
FB4_activated	1504.0	1000.0	0.22377622	0.7297288	0.41858143	0.15840451	0.0	0.0	0.0	HeartFailure
FB5	1509.0	1000.0	0.5044955	-0.08697296	0.22577423	0.6935215	0.0	0.0	0.0	HeartFailure
FB6	1499.0	1000.0	0.54545456	-0.16421103	0.14585415	0.99768156	0.0	0.0	0.0	HeartFailure
ILC	172.0	1000.0	0.75024974	-0.68786615	0.2927073	0.575185	0.0	0.0	0.0	HeartFailure
LYVE1+IGF1+MP	1505.0	1000.0	0.52147853	-0.103429124	0.5114885	-0.14015377	0.0	0.0	0.0	HeartFailure
LYVE1+MP_cycling	1507.0	1000.0	0.6573427	-0.40661684	0.24775225	0.56723744	0.0	0.0	0.0	HeartFailure
LYVE1+TIMD4+MP	1512.0	1000.0	0.6833167	-0.4800633	0.9480519	-1.3765839	0.0	0.0	0.0	HeartFailure
MAIT-like	605.0	1000.0	0.6983017	-0.54024255	0.999001	-2.6814506	0.0	0.0	0.0	HeartFailure
Mast	1504.0	1000.0	0.17282717	0.9460609	0.9170829	-1.3659058	0.0	0.0	0.0	HeartFailure
Meso	871.0	1000.0	0.67132866	-0.5199554	0.4235764	0.0008702439	0.0	0.0	0.0	HeartFailure
MoMP	1505.0	1000.0	0.5714286	-0.25653252	0.64435565	-0.45796075	0.0	0.0	0.0	HeartFailure
NC1_glial	1501.0	1000.0	0.35964036	0.3319516	0.6213786	-0.33473864	0.0	0.0	0.0	HeartFailure
NC2_glial_NGF+	727.0	1000.0	0.5654346	-0.21168223	0.38261738	0.29494163	0.0	0.0	0.0	HeartFailure
NC3_glial	20.0	1000.0	0.97902095	-1.8526105	0.7992008	-0.838194	0.0	0.0	0.0	HeartFailure
NC4_glial	13.0	1000.0	0.4995005	-0.042305443	0.25174826	0.780694	0.0	0.0	0.0	HeartFailure
NC5_glial	86.0	1000.0	0.77222776	-0.78086054	0.8591409	-1.0584188	0.0	0.0	0.0	HeartFailure
NC6_schwann	18.0	1000.0	0.9110889	-1.2457782	0.42857143	0.30297488	0.0	0.0	0.0	HeartFailure
NK_CD16hi	1515.0	1000.0	0.8541458	-1.0464015	0.46853146	-0.09389513	0.0	0.0	0.0	HeartFailure
NK_CD56hi	1505.0	1000.0	0.73826176	-0.6454288	0.3126873	0.26094952	0.0	0.0	0.0	HeartFailure
Neut	126.0	1000.0	0.48251748	-0.05088767	0.7242757	-0.5782881	0.0	0.0	0.0	HeartFailure
PC1_vent	1515.0	1000.0	0.3756244	0.30893588	0.20379621	0.67887896	0.0	0.0	0.0	HeartFailure
PC2_atria	1504.0	1000.0	0.33766234	0.4449024	0.103896104	1.2433255	0.0	0.0	0.0	HeartFailure
PC3_str	1508.0	1000.0	0.24375625	0.7373828	0.66233766	-0.43060815	0.0	0.0	0.0	HeartFailure
PC4_CMC-like	780.0	1000.0	0.0989011	1.3042576	0.55944055	-0.1395089	0.0	0.0	0.0	HeartFailure
Purkinje	110.0	1000.0	0.02997003	1.9226886	0.45054945	0.13004954	0.0	0.0	0.0	HeartFailure
SAN_P_cell	245.0	1000.0	0.004995005	2.8391054	0.002997003	2.8998346	0.0	0.0	0.0	HeartFailure
SMC1_basic	1501.0	1000.0	0.017982017	2.259555	0.26173827	0.43940574	0.0	0.0	0.0	HeartFailure
SMC2_art	1504.0	1000.0	0.03196803	2.0765367	0.23076923	0.51537937	0.0	0.0	0.0	HeartFailure
T/NK_cycling	217.0	1000.0	0.8061938	-0.8468613	0.0979021	1.3315378	0.0	0.0	0.0	HeartFailure
aCM1	1501.0	1000.0	0.03196803	1.977484	0.16483517	0.8757165	0.0	0.0	0.0	HeartFailure
aCM2	1503.0	1000.0	0.014985015	2.2416673	0.08091908	1.4550973	0.0	0.0	0.0	HeartFailure
aCM3	1502.0	1000.0	0.014985015	2.5142646	0.043956045	1.8548698	0.0	0.0	0.0	HeartFailure
aCM4	1501.0	1000.0	0.014985015	2.635727	0.07092907	1.5120966	0.0	0.0	0.0	HeartFailure
aCM5	55.0	1000.0	0.25874126	0.66477716	0.96803194	-2.0676248	0.0	0.0	0.0	HeartFailure
gdT	21.0	1000.0	0.92007995	-1.3142244	0.9120879	-1.5440079	0.0	0.0	0.0	HeartFailure
unclassified	1500.0	1000.0	0.04795205	1.8000681	0.18681319	0.8686562	0.0	0.0	0.0	HeartFailure
vCM1	1503.0	1000.0	0.07492507	1.4834734	0.50549453	-0.048891883	0.0	0.0	0.0	HeartFailure
vCM2	1505.0	1000.0	0.16383617	0.9880158	0.35364637	0.2928726	0.0	0.0	0.0	HeartFailure
vCM3_stressed	1505.0	1000.0	0.027972028	2.1294024	0.21478522	0.635427	0.0	0.0	0.0	HeartFailure
vCM4	1504.0	1000.0	0.04695305	1.80939	0.34965035	0.329624	0.0	0.0	0.0	HeartFailure
vCM5	233.0	1000.0	0.33166832	0.41911602	0.13186814	1.0258844	0.0	0.0	0.0	HeartFailure
AVN_P_cell	155.0	1000.0	0.025974025949835777	2.103708267211914	0.15784215927124023	0.9337131381034851	0.0	0.0	2.0	Intelligence
AVN_bundle_cell	38.0	1000.0	0.170829176902771	0.9816426038742065	0.5944055914878845	-0.12609955668449402	0.0	0.0	0.0	Intelligence
Adip1	1508.0	1000.0	0.03396603465080261	1.9673638343811035	0.16683316230773926	0.9593396782875061	1.0	1.0	16.0	Intelligence
Adip2	1507.0	1000.0	0.25574424862861633	0.6171794533729553	0.09690310060977936	1.3276830911636353	0.0	0.0	7.0	Intelligence
Adip3	393.0	1000.0	0.49150848388671875	-0.06055591627955437	0.7712287902832031	-0.7546519637107849	0.0	0.0	1.0	Intelligence
Adip4	63.0	1000.0	0.030969031155109406	1.938246726989746	0.07392607629299164	1.3955553770065308	0.0	0.0	2.0	Intelligence
B	1183.0	1000.0	0.023976024240255356	2.671879768371582	0.0009990009712055326	5.427002906799316	1.0	1.0	18.0	Intelligence
B_plasma	374.0	1000.0	0.05794205889105797	1.714847445487976	0.0029970030300319195	3.491098165512085	0.0	2.0	11.0	Intelligence
CD14+Mo	1505.0	1000.0	0.09890110045671463	1.2766448259353638	0.00799200776964426	3.614675760269165	0.0	0.0	10.0	Intelligence
CD16+Mo	1502.0	1000.0	0.053946055471897125	1.703966736793518	0.004995005205273628	3.8529019355773926	1.0	1.0	12.0	Intelligence
CD4+T_Tfh	79.0	1000.0	0.17282716929912567	0.9726707339286804	0.6693306565284729	-0.1900750696659088	0.0	0.0	1.0	Intelligence
CD4+T_Th1	68.0	1000.0	0.6303696036338806	-0.35653311014175415	0.0029970030300319195	1.7515314817428589	0.0	0.0	0.0	Intelligence
CD4+T_Th17	7.0	1000.0	0.20879121124744415	0.84137362241745	0.04395604506134987	0.9384090304374695	0.0	0.0	0.0	Intelligence
CD4+T_Th2	120.0	1000.0	0.611388623714447	-0.3030284643173218	0.07192806899547577	1.370658040046692	0.0	0.0	0.0	Intelligence
CD4+T_act	1503.0	1000.0	0.10889110714197159	1.2335728406906128	0.0009990009712055326	6.517849445343018	0.0	0.0	3.0	Intelligence
CD4+T_naive	1501.0	1000.0	0.09090909361839294	1.3236615657806396	0.0029970030300319195	4.915230751037598	0.0	0.0	8.0	Intelligence
CD4+T_reg	67.0	1000.0	0.09690310060977936	1.321652889251709	0.004995005205273628	1.8539787530899048	0.0	0.0	0.0	Intelligence
CD8+T_cytox	1383.0	1000.0	0.5534465312957764	-0.19999386370182037	0.0009990009712055326	6.0363569259643555	0.0	0.0	3.0	Intelligence
CD8+T_em	1507.0	1000.0	0.10289710015058517	1.339494228363037	0.0009990009712055326	4.890023231506348	0.0	1.0	4.0	Intelligence
CD8+T_te	1506.0	1000.0	0.44955044984817505	0.07376077026128769	0.001998001942411065	5.35272741317749	0.0	0.0	3.0	Intelligence
CD8+T_trans	1504.0	1000.0	0.1538461595773697	1.050862193107605	0.0009990009712055326	6.585570812225342	0.0	1.0	9.0	Intelligence
DC	964.0	1000.0	0.06293706595897675	1.553565502166748	0.001998001942411065	3.7641854286193848	0.0	1.0	3.0	Intelligence
EC10_CMC-like	1517.0	1000.0	0.8081918358802795	-0.8777957558631897	0.010989011265337467	2.906651735305786	0.0	0.0	1.0	Intelligence
EC1_cap	1506.0	1000.0	0.9800199866294861	-1.9175821542739868	0.005994006060063839	3.2332136631011963	0.0	1.0	2.0	Intelligence
EC2_cap	1505.0	1000.0	0.991008996963501	-2.054338216781616	0.00399600388482213	3.798079490661621	0.0	0.0	1.0	Intelligence
EC3_cap	1498.0	1000.0	0.9900099635124207	-2.07696795463562	0.0009990009712055326	4.4549880027771	0.0	0.0	0.0	Intelligence
EC4_immune	1500.0	1000.0	0.8271728157997131	-0.9439018964767456	0.02297702245414257	2.5684304237365723	0.0	0.0	1.0	Intelligence
EC5_art	1503.0	1000.0	0.9950050115585327	-2.1890969276428223	0.00699300691485405	3.4388577938079834	0.0	0.0	0.0	Intelligence
EC6_ven	1505.0	1000.0	0.8341658115386963	-0.9184063076972961	0.001998001942411065	3.923862934112549	0.0	0.0	0.0	Intelligence
EC7_endocardial	1508.0	1000.0	0.7682317495346069	-0.7850586771965027	0.001998001942411065	4.552831649780273	0.0	0.0	2.0	Intelligence
EC8_ln	1175.0	1000.0	0.7892107963562012	-0.7742393612861633	0.0009990009712055326	4.3015336990356445	0.0	0.0	2.0	Intelligence
EC9_FB-like	25.0	1000.0	0.6543456315994263	-0.4451930820941925	0.2837162911891937	0.6769777536392212	0.0	0.0	0.0	Intelligence
FB1	1517.0	1000.0	0.3246753215789795	0.43099862337112427	0.0009990009712055326	4.195882797241211	0.0	1.0	7.0	Intelligence
FB2	1508.0	1000.0	0.6313686370849609	-0.36748847365379333	0.01498501468449831	2.2966325283050537	0.0	0.0	1.0	Intelligence
FB3	1509.0	1000.0	0.863136887550354	-1.1034210920333862	0.04795204848051071	1.8130260705947876	0.0	0.0	1.0	Intelligence
FB4_activated	1504.0	1000.0	0.6123875975608826	-0.28543373942375183	0.09190808981657028	1.320397138595581	0.0	0.0	0.0	Intelligence
FB5	1509.0	1000.0	0.5104895234107971	-0.06152404844760895	0.04595404490828514	1.7035481929779053	0.0	0.0	3.0	Intelligence
FB6	1499.0	1000.0	0.5414585471153259	-0.0931040570139885	0.025974025949835777	2.238429069519043	0.0	1.0	3.0	Intelligence
ILC	172.0	1000.0	0.046953048557043076	1.7468619346618652	0.0009990009712055326	3.6034297943115234	0.0	0.0	0.0	Intelligence
LYVE1+IGF1+MP	1505.0	1000.0	0.10189810395240784	1.3221684694290161	0.01498501468449831	2.8362605571746826	0.0	0.0	6.0	Intelligence
LYVE1+MP_cycling	1507.0	1000.0	0.0029970030300319195	3.442093849182129	0.004995005205273628	3.4792420864105225	0.0	4.0	28.0	Intelligence
LYVE1+TIMD4+MP	1512.0	1000.0	0.15784215927124023	1.0445276498794556	0.06193806231021881	1.6296061277389526	0.0	0.0	2.0	Intelligence
MAIT-like	605.0	1000.0	0.04795204848051071	1.7213724851608276	0.004995005205273628	3.2223732471466064	0.0	0.0	7.0	Intelligence
Mast	1504.0	1000.0	0.012987012974917889	2.488935708999634	0.12187812477350235	1.1102041006088257	0.0	0.0	18.0	Intelligence
Meso	871.0	1000.0	0.042957041412591934	1.9978314638137817	0.03496503457427025	2.418914794921875	0.0	0.0	9.0	Intelligence
MoMP	1505.0	1000.0	0.20779220759868622	0.7606207728385925	0.019980020821094513	2.621774673461914	0.0	0.0	7.0	Intelligence
NC1_glial	1501.0	1000.0	0.0009990009712055326	4.327383518218994	0.01498501468449831	2.774590253829956	1.0	6.0	58.0	Intelligence
NC2_glial_NGF+	727.0	1000.0	0.0029970030300319195	3.549070358276367	0.030969031155109406	1.9907044172286987	0.0	0.0	15.0	Intelligence
NC3_glial	20.0	1000.0	0.13886113464832306	1.0251063108444214	0.1538461595773697	1.006570816040039	0.0	0.0	0.0	Intelligence
NC4_glial	13.0	1000.0	0.0009990009712055326	3.5400843620300293	0.6553446650505066	-0.24611927568912506	0.0	0.0	1.0	Intelligence
NC5_glial	86.0	1000.0	0.001998001942411065	3.4383747577667236	0.2977023124694824	0.571286141872406	0.0	0.0	4.0	Intelligence
NC6_schwann	18.0	1000.0	0.0009990009712055326	3.6073875427246094	0.16383616626262665	1.0101144313812256	0.0	0.0	2.0	Intelligence
NK_CD16hi	1515.0	1000.0	0.2877122759819031	0.5499486923217773	0.0009990009712055326	5.6622419357299805	0.0	0.0	2.0	Intelligence
NK_CD56hi	1505.0	1000.0	0.09690310060977936	1.3686836957931519	0.0009990009712055326	6.12197208404541	0.0	0.0	9.0	Intelligence
Neut	126.0	1000.0	0.4795204699039459	-0.056650545448064804	0.001998001942411065	3.162292003631592	0.0	0.0	0.0	Intelligence
PC1_vent	1515.0	1000.0	0.4035964012145996	0.19497150182724	0.06193806231021881	1.6219362020492554	0.0	0.0	6.0	Intelligence
PC2_atria	1504.0	1000.0	0.6063936352729797	-0.34193363785743713	0.010989011265337467	2.6103668212890625	0.0	0.0	2.0	Intelligence
PC3_str	1508.0	1000.0	0.1288711279630661	1.1698338985443115	0.028971029445528984	1.939483880996704	0.0	0.0	11.0	Intelligence
PC4_CMC-like	780.0	1000.0	0.1738261729478836	0.9692758321762085	0.03396603465080261	1.7415169477462769	0.0	0.0	0.0	Intelligence
Purkinje	110.0	1000.0	0.1678321659564972	0.9883570671081543	0.8851149082183838	-1.2779451608657837	0.0	0.0	0.0	Intelligence
SAN_P_cell	245.0	1000.0	0.0009990009712055326	5.745630741119385	0.004995005205273628	2.720975399017334	0.0	4.0	32.0	Intelligence
SMC1_basic	1501.0	1000.0	0.01498501468449831	2.284196615219116	0.016983017325401306	2.9060757160186768	0.0	0.0	7.0	Intelligence
SMC2_art	1504.0	1000.0	0.02097902074456215	2.5458741188049316	0.060939062386751175	2.0049190521240234	0.0	3.0	16.0	Intelligence
T/NK_cycling	217.0	1000.0	0.02997002936899662	2.119051218032837	0.001998001942411065	3.865309000015259	0.0	0.0	3.0	Intelligence
aCM1	1501.0	1000.0	0.001998001942411065	4.248199462890625	0.008991008624434471	3.479339838027954	1.0	5.0	64.0	Intelligence
aCM2	1503.0	1000.0	0.00399600388482213	2.940809726715088	0.114885114133358	1.2411119937896729	1.0	2.0	18.0	Intelligence
aCM3	1502.0	1000.0	0.03396603465080261	2.018784999847412	0.5244755148887634	-0.10723455995321274	0.0	1.0	18.0	Intelligence
aCM4	1501.0	1000.0	0.00699300691485405	2.821465253829956	0.10589410364627838	1.259806513786316	0.0	2.0	31.0	Intelligence
aCM5	55.0	1000.0	0.005994006060063839	2.821864604949951	0.2377622425556183	0.763409435749054	0.0	1.0	1.0	Intelligence
gdT	21.0	1000.0	0.1818181872367859	0.8855873942375183	0.06893106549978256	0.9820524454116821	0.0	0.0	0.0	Intelligence
unclassified	1500.0	1000.0	0.0009990009712055326	4.511188983917236	0.005994006060063839	2.9268956184387207	2.0	2.0	13.0	Intelligence
vCM1	1503.0	1000.0	0.025974025949835777	2.038783550262451	0.1958041936159134	0.8469658493995667	0.0	0.0	10.0	Intelligence
vCM2	1505.0	1000.0	0.02097902074456215	2.1019210815429688	0.8461538553237915	-0.9089745879173279	0.0	1.0	14.0	Intelligence
vCM3_stressed	1505.0	1000.0	0.10489510744810104	1.3036152124404907	0.24575424194335938	0.5435035228729248	0.0	0.0	3.0	Intelligence
vCM4	1504.0	1000.0	0.11288711428642273	1.2479127645492554	0.8331668376922607	-0.8794113993644714	0.0	0.0	5.0	Intelligence
vCM5	233.0	1000.0	0.035964034497737885	1.9224251508712769	0.1488511562347412	0.9970624446868896	0.0	0.0	1.0	Intelligence
AVN_P_cell	155.0	1000.0	0.000999001	14.08453	0.002997003	3.2873678	138.0	145.0	147.0	PRinterval
AVN_bundle_cell	38.0	1000.0	0.000999001	10.874342	0.05994006	1.3706311	32.0	32.0	34.0	PRinterval
Adip1	1508.0	1000.0	0.54145855	-0.16660383	0.004995005	3.586441	9.0	21.0	44.0	PRinterval
Adip2	1507.0	1000.0	0.999001	-2.5815144	0.002997003	4.003794	5.0	7.0	9.0	PRinterval
Adip3	393.0	1000.0	0.9100899	-1.327982	0.005994006	3.0799057	0.0	0.0	2.0	PRinterval
Adip4	63.0	1000.0	0.002997003	3.1298048	0.00999001	1.9499857	6.0	9.0	10.0	PRinterval
B	1183.0	1000.0	0.964036	-1.627006	0.005994006	3.4329543	9.0	14.0	27.0	PRinterval
B_plasma	374.0	1000.0	0.96303695	-1.4415665	0.011988012	2.4838512	5.0	6.0	10.0	PRinterval
CD14+Mo	1505.0	1000.0	0.8841159	-1.071924	0.13886113	1.0546054	4.0	12.0	26.0	PRinterval
CD16+Mo	1502.0	1000.0	0.999001	-2.3572536	0.064935066	1.8240633	5.0	11.0	16.0	PRinterval
CD4+T_Tfh	79.0	1000.0	1.0	-3.286075	0.94305694	-1.7422364	0.0	0.0	0.0	PRinterval
CD4+T_Th1	68.0	1000.0	0.991009	-2.068802	0.7442557	-0.5268538	0.0	0.0	1.0	PRinterval
CD4+T_Th17	7.0	1000.0	0.9330669	-1.4840693	0.3106893	0.6339363	0.0	0.0	0.0	PRinterval
CD4+T_Th2	120.0	1000.0	1.0	-3.9595335	0.9120879	-1.3720653	0.0	0.0	1.0	PRinterval
CD4+T_act	1503.0	1000.0	0.999001	-2.9811761	0.007992008	3.1086857	9.0	9.0	21.0	PRinterval
CD4+T_naive	1501.0	1000.0	0.991009	-2.1848402	0.024975024	2.3986456	14.0	23.0	33.0	PRinterval
CD4+T_reg	67.0	1000.0	0.995005	-2.4336717	0.22977023	0.76381373	0.0	1.0	1.0	PRinterval
CD8+T_cytox	1383.0	1000.0	1.0	-3.4807987	0.03196803	2.2724433	2.0	8.0	12.0	PRinterval
CD8+T_em	1507.0	1000.0	1.0	-4.510452	0.004995005	3.230789	3.0	7.0	9.0	PRinterval
CD8+T_te	1506.0	1000.0	1.0	-4.8736115	0.037962038	2.1775815	4.0	5.0	8.0	PRinterval
CD8+T_trans	1504.0	1000.0	1.0	-4.4590516	0.005994006	3.6640468	6.0	7.0	10.0	PRinterval
DC	964.0	1000.0	1.0	-2.7484314	0.000999001	4.788996	2.0	3.0	5.0	PRinterval
EC10_CMC-like	1517.0	1000.0	0.001998002	3.48902	0.000999001	5.865562	84.0	103.0	152.0	PRinterval
EC1_cap	1506.0	1000.0	0.043956045	1.8680931	0.008991009	3.3415549	46.0	76.0	117.0	PRinterval
EC2_cap	1505.0	1000.0	0.22077923	0.7912081	0.02997003	2.509345	40.0	54.0	83.0	PRinterval
EC3_cap	1498.0	1000.0	0.18681319	0.8595154	0.04195804	2.0769234	36.0	52.0	78.0	PRinterval
EC4_immune	1500.0	1000.0	0.001998002	4.197969	0.001998002	4.055357	117.0	148.0	193.0	PRinterval
EC5_art	1503.0	1000.0	0.27972028	0.5437628	0.04795205	1.8970692	32.0	48.0	73.0	PRinterval
EC6_ven	1505.0	1000.0	0.6433566	-0.45029137	0.025974026	2.493423	11.0	30.0	45.0	PRinterval
EC7_endocardial	1508.0	1000.0	0.64635366	-0.38644424	0.000999001	5.4660053	8.0	14.0	34.0	PRinterval
EC8_ln	1175.0	1000.0	0.28171828	0.53411096	0.008991009	3.343536	16.0	29.0	54.0	PRinterval
EC9_FB-like	25.0	1000.0	0.8961039	-1.2288965	0.71628374	-0.38382956	0.0	0.0	0.0	PRinterval
FB1	1517.0	1000.0	0.8061938	-0.8416131	0.07992008	1.3228948	7.0	11.0	28.0	PRinterval
FB2	1508.0	1000.0	0.9120879	-1.321703	0.024975024	2.1227465	5.0	9.0	24.0	PRinterval
FB3	1509.0	1000.0	0.7012987	-0.5960137	0.003996004	3.2073448	8.0	16.0	41.0	PRinterval
FB4_activated	1504.0	1000.0	0.6963037	-0.5555543	0.025974026	2.281743	10.0	24.0	44.0	PRinterval
FB5	1509.0	1000.0	0.8521479	-1.0681025	0.032967035	2.1157155	7.0	15.0	34.0	PRinterval
FB6	1499.0	1000.0	0.8131868	-0.85456467	0.000999001	5.3266883	14.0	19.0	35.0	PRinterval
ILC	172.0	1000.0	1.0	-3.56809	0.003996004	2.3051033	0.0	0.0	1.0	PRinterval
LYVE1+IGF1+MP	1505.0	1000.0	0.996004	-2.250165	0.001998002	3.8339114	5.0	11.0	17.0	PRinterval
LYVE1+MP_cycling	1507.0	1000.0	1.0	-2.6970882	0.000999001	5.0527034	2.0	4.0	12.0	PRinterval
LYVE1+TIMD4+MP	1512.0	1000.0	0.998002	-2.646624	0.002997003	4.1244564	5.0	9.0	14.0	PRinterval
MAIT-like	605.0	1000.0	0.991009	-2.3857658	0.060939062	1.5945673	4.0	5.0	6.0	PRinterval
Mast	1504.0	1000.0	0.996004	-2.3171167	0.26173827	0.6042825	0.0	2.0	4.0	PRinterval
Meso	871.0	1000.0	0.40759242	0.15990253	0.000999001	5.98658	12.0	18.0	36.0	PRinterval
MoMP	1505.0	1000.0	0.998002	-2.2637174	0.007992008	3.6186087	5.0	8.0	14.0	PRinterval
NC1_glial	1501.0	1000.0	0.000999001	3.5105252	0.050949052	1.7645454	131.0	213.0	337.0	PRinterval
NC2_glial_NGF+	727.0	1000.0	0.004995005	3.144773	0.000999001	6.6582894	39.0	55.0	85.0	PRinterval
NC3_glial	20.0	1000.0	0.07692308	1.4679596	0.07192807	1.3071936	1.0	1.0	2.0	PRinterval
NC4_glial	13.0	1000.0	0.000999001	6.1500344	0.04095904	1.2797143	3.0	6.0	8.0	PRinterval
NC5_glial	86.0	1000.0	0.075924076	1.4952675	0.8061938	-0.8138414	2.0	5.0	10.0	PRinterval
NC6_schwann	18.0	1000.0	0.060939062	1.6268809	0.38261738	0.40166306	1.0	1.0	2.0	PRinterval
NK_CD16hi	1515.0	1000.0	0.976024	-1.7066698	0.017982017	2.9568532	10.0	17.0	27.0	PRinterval
NK_CD56hi	1505.0	1000.0	1.0	-4.0441036	0.021978023	2.6919153	6.0	9.0	16.0	PRinterval
Neut	126.0	1000.0	0.7082917	-0.61455184	0.33666334	0.417486	0.0	0.0	1.0	PRinterval
PC1_vent	1515.0	1000.0	0.21378621	0.806132	0.002997003	3.9319267	26.0	47.0	89.0	PRinterval
PC2_atria	1504.0	1000.0	0.6193806	-0.30296052	0.000999001	4.11796	20.0	35.0	56.0	PRinterval
PC3_str	1508.0	1000.0	0.01998002	2.2648885	0.001998002	3.2326944	60.0	82.0	141.0	PRinterval
PC4_CMC-like	780.0	1000.0	0.000999001	7.5542135	0.000999001	5.897666	99.0	134.0	167.0	PRinterval
Purkinje	110.0	1000.0	0.000999001	10.419772	0.030969031	1.5028204	95.0	99.0	102.0	PRinterval
SAN_P_cell	245.0	1000.0	0.000999001	13.218356	0.00999001	2.3795273	224.0	228.0	235.0	PRinterval
SMC1_basic	1501.0	1000.0	0.000999001	5.346555	0.001998002	3.7812033	163.0	229.0	316.0	PRinterval
SMC2_art	1504.0	1000.0	0.001998002	5.159048	0.04195804	2.1689022	153.0	228.0	320.0	PRinterval
T/NK_cycling	217.0	1000.0	1.0	-3.6864974	0.061938062	1.6384532	0.0	0.0	1.0	PRinterval
aCM1	1501.0	1000.0	0.000999001	10.602746	0.001998002	4.5687685	1163.0	1266.0	1349.0	PRinterval
aCM2	1503.0	1000.0	0.000999001	11.422505	0.000999001	5.227492	1342.0	1388.0	1430.0	PRinterval
aCM3	1502.0	1000.0	0.000999001	10.716716	0.000999001	3.6287036	1252.0	1353.0	1415.0	PRinterval
aCM4	1501.0	1000.0	0.000999001	10.535473	0.037962038	2.2514231	1232.0	1308.0	1385.0	PRinterval
aCM5	55.0	1000.0	0.000999001	6.9083934	0.0969031	1.1485202	41.0	44.0	48.0	PRinterval
gdT	21.0	1000.0	1.0	-2.7518961	0.04195804	1.2186916	0.0	0.0	0.0	PRinterval
unclassified	1500.0	1000.0	0.000999001	23.987791	0.000999001	8.18845	319.0	354.0	395.0	PRinterval
vCM1	1503.0	1000.0	0.000999001	11.150682	0.000999001	5.786613	1313.0	1384.0	1436.0	PRinterval
vCM2	1505.0	1000.0	0.000999001	10.057976	0.000999001	5.597779	1336.0	1418.0	1462.0	PRinterval
vCM3_stressed	1505.0	1000.0	0.000999001	10.871518	0.032967035	2.1345646	1264.0	1337.0	1393.0	PRinterval
vCM4	1504.0	1000.0	0.000999001	11.415234	0.000999001	6.0629654	1416.0	1453.0	1475.0	PRinterval
vCM5	233.0	1000.0	0.000999001	9.624769	0.14485514	1.0164787	200.0	214.0	224.0	PRinterval
AVN_P_cell	155.0	1000.0	0.002997003	3.7886763	0.08991009	1.3297819	0.0	1.0	6.0	QRSduration
AVN_bundle_cell	38.0	1000.0	0.001998002	4.3791485	0.8051948	-0.7547662	0.0	1.0	3.0	QRSduration
Adip1	1508.0	1000.0	0.8941059	-1.1804883	0.26373628	0.5177569	0.0	0.0	0.0	QRSduration
Adip2	1507.0	1000.0	0.994006	-2.3648243	0.01998002	2.6244001	0.0	0.0	1.0	QRSduration
Adip3	393.0	1000.0	0.9370629	-1.4754431	0.02897103	1.888417	0.0	0.0	0.0	QRSduration
Adip4	63.0	1000.0	0.7762238	-0.7617317	0.0989011	1.2050028	0.0	0.0	0.0	QRSduration
B	1183.0	1000.0	0.8361638	-0.89333034	0.0979021	1.3062934	0.0	0.0	0.0	QRSduration
B_plasma	374.0	1000.0	0.8051948	-0.71514696	0.88211787	-1.099357	0.0	0.0	0.0	QRSduration
CD14+Mo	1505.0	1000.0	0.03996004	1.9842447	0.024975024	2.6650028	0.0	0.0	5.0	QRSduration
CD16+Mo	1502.0	1000.0	0.26073927	0.6016872	0.1878122	0.7058302	0.0	0.0	1.0	QRSduration
CD4+T_Tfh	79.0	1000.0	0.9280719	-1.4269543	0.75424576	-0.54884285	0.0	0.0	0.0	QRSduration
CD4+T_Th1	68.0	1000.0	0.8791209	-1.1391972	0.81918085	-0.84008056	0.0	0.0	0.0	QRSduration
CD4+T_Th17	7.0	1000.0	0.22677323	0.7319922	0.36763236	0.49379784	0.0	0.0	0.0	QRSduration
CD4+T_Th2	120.0	1000.0	0.976024	-1.9267412	0.3996004	0.35761958	0.0	0.0	0.0	QRSduration
CD4+T_act	1503.0	1000.0	0.93406594	-1.504045	0.6773227	-0.5125316	0.0	0.0	1.0	QRSduration
CD4+T_naive	1501.0	1000.0	0.92707294	-1.4040399	0.08891109	1.4143311	0.0	0.0	0.0	QRSduration
CD4+T_reg	67.0	1000.0	0.88011986	-1.1380575	0.050949052	1.332445	0.0	0.0	0.0	QRSduration
CD8+T_cytox	1383.0	1000.0	0.8971029	-1.2169772	0.3976024	0.113892846	0.0	0.0	0.0	QRSduration
CD8+T_em	1507.0	1000.0	0.975025	-1.8980354	0.37162837	0.22198953	0.0	0.0	0.0	QRSduration
CD8+T_te	1506.0	1000.0	0.988012	-2.0311213	0.4115884	-0.056538217	0.0	0.0	0.0	QRSduration
CD8+T_trans	1504.0	1000.0	0.95404595	-1.601342	0.5334665	-0.24721906	0.0	0.0	0.0	QRSduration
DC	964.0	1000.0	0.7872128	-0.8110961	0.14885116	0.9533226	0.0	0.0	0.0	QRSduration
EC10_CMC-like	1517.0	1000.0	0.52147853	-0.1311513	0.6663337	-0.43169406	0.0	0.0	0.0	QRSduration
EC1_cap	1506.0	1000.0	0.5564436	-0.21752377	0.8591409	-1.0141566	0.0	0.0	1.0	QRSduration
EC2_cap	1505.0	1000.0	0.7012987	-0.58636045	0.46353647	-0.01760415	0.0	0.0	0.0	QRSduration
EC3_cap	1498.0	1000.0	0.6363636	-0.45815647	0.73626375	-0.62874633	0.0	0.0	1.0	QRSduration
EC4_immune	1500.0	1000.0	0.4765235	-0.0304266	0.7112887	-0.5533348	0.0	0.0	1.0	QRSduration
EC5_art	1503.0	1000.0	0.7282717	-0.6504327	0.12087912	1.1638904	0.0	0.0	0.0	QRSduration
EC6_ven	1505.0	1000.0	0.4055944	0.1348902	0.34965035	0.12635368	0.0	0.0	0.0	QRSduration
EC7_endocardial	1508.0	1000.0	0.07692308	1.5584263	0.37362638	0.20082188	0.0	0.0	2.0	QRSduration
EC8_ln	1175.0	1000.0	0.84815186	-0.9529467	0.6193806	-0.4224556	0.0	0.0	0.0	QRSduration
EC9_FB-like	25.0	1000.0	0.4225774	0.18879554	0.6753247	-0.18649891	0.0	0.0	0.0	QRSduration
FB1	1517.0	1000.0	0.9370629	-1.4142176	0.011988012	2.6717176	0.0	0.0	0.0	QRSduration
FB2	1508.0	1000.0	0.8101898	-0.89900225	0.030969031	2.034501	0.0	0.0	1.0	QRSduration
FB3	1509.0	1000.0	0.96004	-1.6199793	0.08191808	1.428688	0.0	0.0	0.0	QRSduration
FB4_activated	1504.0	1000.0	0.8751249	-1.1791089	0.07092907	1.555022	0.0	0.0	0.0	QRSduration
FB5	1509.0	1000.0	0.82417583	-0.93927395	0.18581419	0.7502035	0.0	0.0	1.0	QRSduration
FB6	1499.0	1000.0	0.991009	-2.1016207	0.16683316	0.8787639	0.0	0.0	0.0	QRSduration
ILC	172.0	1000.0	0.7282717	-0.5997811	0.84815186	-1.0204799	0.0	0.0	0.0	QRSduration
LYVE1+IGF1+MP	1505.0	1000.0	0.7092907	-0.6108285	0.30769232	0.32692912	0.0	0.0	1.0	QRSduration
LYVE1+MP_cycling	1507.0	1000.0	0.6193806	-0.3599288	0.6983017	-0.579674	0.0	0.0	0.0	QRSduration
LYVE1+TIMD4+MP	1512.0	1000.0	0.8681319	-1.0884073	0.7282717	-0.64501655	0.0	0.0	0.0	QRSduration
MAIT-like	605.0	1000.0	0.9280719	-1.3934574	0.6953047	-0.50961787	0.0	0.0	0.0	QRSduration
Mast	1504.0	1000.0	0.04195804	1.9502614	0.15284716	1.0023139	0.0	1.0	10.0	QRSduration
Meso	871.0	1000.0	0.6723277	-0.50318897	0.3116883	0.20883015	0.0	0.0	0.0	QRSduration
MoMP	1505.0	1000.0	0.84215784	-0.99021316	0.8791209	-1.1010313	0.0	0.0	0.0	QRSduration
NC1_glial	1501.0	1000.0	0.51248753	-0.12100693	0.16983017	0.8392847	0.0	0.0	0.0	QRSduration
NC2_glial_NGF+	727.0	1000.0	0.7902098	-0.79532385	0.008991009	2.5069654	0.0	0.0	0.0	QRSduration
NC3_glial	20.0	1000.0	0.85514486	-1.0450574	0.28671327	0.65463287	0.0	0.0	0.0	QRSduration
NC4_glial	13.0	1000.0	0.36363637	0.29597065	0.017982017	1.427548	0.0	0.0	0.0	QRSduration
NC5_glial	86.0	1000.0	0.66933066	-0.49116197	0.6523476	-0.3618561	0.0	0.0	0.0	QRSduration
NC6_schwann	18.0	1000.0	0.998002	-2.5430734	0.3756244	0.35602587	0.0	0.0	0.0	QRSduration
NK_CD16hi	1515.0	1000.0	0.83916086	-0.9577569	0.34865135	0.15032895	0.0	0.0	0.0	QRSduration
NK_CD56hi	1505.0	1000.0	0.92707294	-1.3896585	0.26473525	0.42669454	0.0	0.0	0.0	QRSduration
Neut	126.0	1000.0	0.045954045	1.8838968	0.18481518	0.8442266	0.0	0.0	0.0	QRSduration
PC1_vent	1515.0	1000.0	0.997003	-2.3054392	0.33666334	0.28623402	0.0	0.0	0.0	QRSduration
PC2_atria	1504.0	1000.0	0.997003	-2.723147	0.18981019	0.8149738	0.0	0.0	0.0	QRSduration
PC3_str	1508.0	1000.0	0.85014987	-0.9897444	0.62637365	-0.3323375	0.0	0.0	0.0	QRSduration
PC4_CMC-like	780.0	1000.0	0.87812185	-1.1394321	0.1938062	0.88532305	0.0	0.0	0.0	QRSduration
Purkinje	110.0	1000.0	0.000999001	4.11624	0.08991009	1.271397	0.0	0.0	2.0	QRSduration
SAN_P_cell	245.0	1000.0	0.000999001	3.919433	0.033966035	1.8632652	0.0	0.0	6.0	QRSduration
SMC1_basic	1501.0	1000.0	0.76423573	-0.7564204	0.65534467	-0.5046371	0.0	0.0	0.0	QRSduration
SMC2_art	1504.0	1000.0	0.7942058	-0.78065354	0.60639364	-0.46139985	0.0	0.0	0.0	QRSduration
T/NK_cycling	217.0	1000.0	0.8741259	-1.1480335	0.3046953	0.4958758	0.0	0.0	2.0	QRSduration
aCM1	1501.0	1000.0	0.002997003	3.244002	0.008991009	3.1949399	0.0	2.0	19.0	QRSduration
aCM2	1503.0	1000.0	0.002997003	3.3797023	0.003996004	3.5862155	0.0	0.0	17.0	QRSduration
aCM3	1502.0	1000.0	0.002997003	3.2057493	0.001998002	3.3039238	0.0	1.0	22.0	QRSduration
aCM4	1501.0	1000.0	0.002997003	3.4676425	0.123876125	1.228711	0.0	3.0	29.0	QRSduration
aCM5	55.0	1000.0	0.016983017	2.2151706	0.60639364	-0.16531293	0.0	0.0	0.0	QRSduration
gdT	21.0	1000.0	0.88911086	-1.224719	0.060939062	0.96191406	0.0	0.0	0.0	QRSduration
unclassified	1500.0	1000.0	0.000999001	5.132939	0.000999001	4.727967	0.0	2.0	10.0	QRSduration
vCM1	1503.0	1000.0	0.000999001	4.37632	0.02997003	2.007201	0.0	4.0	42.0	QRSduration
vCM2	1505.0	1000.0	0.001998002	3.2985592	0.01998002	2.3195	0.0	0.0	17.0	QRSduration
vCM3_stressed	1505.0	1000.0	0.000999001	3.8175151	0.11888112	1.127596	0.0	3.0	32.0	QRSduration
vCM4	1504.0	1000.0	0.001998002	4.3481	0.03696304	2.0532515	0.0	2.0	58.0	QRSduration
vCM5	233.0	1000.0	0.000999001	4.002431	0.28671327	0.58875144	0.0	0.0	6.0	QRSduration
AVN_P_cell	155.0	1000.0	0.000999001	4.6643763	0.11888112	1.1600826	11.0	26.0	45.0	QTinterval
AVN_bundle_cell	38.0	1000.0	0.000999001	5.2208576	0.6343656	-0.32876205	5.0	11.0	13.0	QTinterval
Adip1	1508.0	1000.0	0.96103895	-1.6177567	0.011988012	3.0878415	0.0	0.0	6.0	QTinterval
Adip2	1507.0	1000.0	1.0	-3.4200232	0.007992008	3.351835	0.0	0.0	2.0	QTinterval
Adip3	393.0	1000.0	0.87812185	-1.169453	0.055944055	1.5908922	0.0	0.0	2.0	QTinterval
Adip4	63.0	1000.0	0.5654346	-0.1907082	0.006993007	1.7177011	0.0	2.0	2.0	QTinterval
B	1183.0	1000.0	0.5874126	-0.2658367	0.4945055	-0.18434906	0.0	2.0	14.0	QTinterval
B_plasma	374.0	1000.0	0.114885114	0.63931686	0.08691309	1.3977464	1.0	3.0	11.0	QTinterval
CD14+Mo	1505.0	1000.0	0.48251748	-0.038911562	0.96503496	-1.4047166	3.0	7.0	17.0	QTinterval
CD16+Mo	1502.0	1000.0	0.3036963	0.45202154	0.9170829	-1.0484731	0.0	7.0	19.0	QTinterval
CD4+T_Tfh	79.0	1000.0	0.8221778	-0.9358537	0.8941059	-1.2669815	0.0	0.0	0.0	QTinterval
CD4+T_Th1	68.0	1000.0	0.94305694	-1.5722022	0.55944055	0.008702202	0.0	0.0	0.0	QTinterval
CD4+T_Th17	7.0	1000.0	0.3976024	0.19307739	0.5984016	0.31935996	0.0	0.0	0.0	QTinterval
CD4+T_Th2	120.0	1000.0	0.97902095	-1.8880533	0.53446555	0.028661078	0.0	0.0	0.0	QTinterval
CD4+T_act	1503.0	1000.0	0.971029	-1.7627939	0.6953047	-0.5465266	0.0	0.0	7.0	QTinterval
CD4+T_naive	1501.0	1000.0	0.978022	-1.8381879	0.47152847	-0.01523953	2.0	4.0	10.0	QTinterval
CD4+T_reg	67.0	1000.0	0.45454547	0.090689726	0.72927076	-0.47215933	0.0	0.0	0.0	QTinterval
CD8+T_cytox	1383.0	1000.0	0.977023	-1.7150549	0.07692308	1.4972128	0.0	0.0	4.0	QTinterval
CD8+T_em	1507.0	1000.0	0.994006	-2.3348064	0.12787212	1.1477019	0.0	0.0	5.0	QTinterval
CD8+T_te	1506.0	1000.0	0.995005	-2.2354455	0.2907093	0.3392025	0.0	1.0	4.0	QTinterval
CD8+T_trans	1504.0	1000.0	0.982018	-2.0673845	0.30669332	0.34954843	0.0	0.0	5.0	QTinterval
DC	964.0	1000.0	0.5764236	-0.25651765	0.16083916	0.8862909	0.0	3.0	8.0	QTinterval
EC10_CMC-like	1517.0	1000.0	0.6753247	-0.48470762	0.004995005	3.323945	3.0	11.0	22.0	QTinterval
EC1_cap	1506.0	1000.0	0.76623374	-0.73848104	0.48151848	-0.028045109	2.0	4.0	20.0	QTinterval
EC2_cap	1505.0	1000.0	0.7982018	-0.79916286	0.28771228	0.45943573	0.0	0.0	11.0	QTinterval
EC3_cap	1498.0	1000.0	0.8761239	-1.1228375	0.068931065	1.5682714	1.0	5.0	11.0	QTinterval
EC4_immune	1500.0	1000.0	0.6193806	-0.3283148	0.013986014	2.4843006	0.0	5.0	16.0	QTinterval
EC5_art	1503.0	1000.0	0.86213785	-1.0384997	0.49050948	-0.0764057	0.0	1.0	7.0	QTinterval
EC6_ven	1505.0	1000.0	0.989011	-1.938238	0.44555444	-0.07682205	1.0	1.0	4.0	QTinterval
EC7_endocardial	1508.0	1000.0	0.982018	-1.8217287	0.23076923	0.5794087	0.0	3.0	6.0	QTinterval
EC8_ln	1175.0	1000.0	0.98301697	-1.9090786	0.34465533	0.20495814	1.0	2.0	7.0	QTinterval
EC9_FB-like	25.0	1000.0	0.97902095	-1.8836755	0.030969031	1.4258898	0.0	0.0	0.0	QTinterval
FB1	1517.0	1000.0	0.988012	-2.0538673	0.04095904	1.6230304	1.0	2.0	8.0	QTinterval
FB2	1508.0	1000.0	1.0	-2.90195	0.003996004	3.189128	0.0	0.0	1.0	QTinterval
FB3	1509.0	1000.0	0.996004	-2.2845254	0.001998002	3.936946	0.0	0.0	4.0	QTinterval
FB4_activated	1504.0	1000.0	0.98101896	-1.8800075	0.12987013	1.0772862	0.0	0.0	2.0	QTinterval
FB5	1509.0	1000.0	0.988012	-2.0126543	0.024975024	2.170899	0.0	1.0	10.0	QTinterval
FB6	1499.0	1000.0	1.0	-2.8585868	0.000999001	5.0367637	0.0	0.0	3.0	QTinterval
ILC	172.0	1000.0	0.995005	-2.3640864	0.21778221	0.8100668	0.0	0.0	2.0	QTinterval
LYVE1+IGF1+MP	1505.0	1000.0	0.27072927	0.548595	0.34665334	0.23235634	2.0	5.0	32.0	QTinterval
LYVE1+MP_cycling	1507.0	1000.0	0.47352648	-0.009142741	0.13286713	1.1281223	0.0	2.0	22.0	QTinterval
LYVE1+TIMD4+MP	1512.0	1000.0	0.43756244	0.10347127	0.962038	-1.582835	1.0	2.0	11.0	QTinterval
MAIT-like	605.0	1000.0	0.8761239	-1.1279039	0.74025977	-0.6311642	2.0	2.0	4.0	QTinterval
Mast	1504.0	1000.0	0.46453547	0.014932968	0.02997003	1.8954196	1.0	3.0	20.0	QTinterval
Meso	871.0	1000.0	0.86613387	-0.9973863	0.25174826	0.41006002	0.0	0.0	3.0	QTinterval
MoMP	1505.0	1000.0	0.53446555	-0.15537947	0.5224775	-0.15275657	2.0	6.0	21.0	QTinterval
NC1_glial	1501.0	1000.0	0.026973028	2.0778654	0.015984016	2.3668306	10.0	26.0	67.0	QTinterval
NC2_glial_NGF+	727.0	1000.0	0.45054945	0.11117798	0.001998002	3.0942292	1.0	4.0	10.0	QTinterval
NC3_glial	20.0	1000.0	0.04195804	1.814522	0.86613387	-1.1497343	0.0	0.0	2.0	QTinterval
NC4_glial	13.0	1000.0	0.027972028	2.0862823	0.93106896	-1.5906899	0.0	0.0	2.0	QTinterval
NC5_glial	86.0	1000.0	0.34565434	0.29368013	0.83716285	-0.9217115	0.0	0.0	0.0	QTinterval
NC6_schwann	18.0	1000.0	0.4845155	-0.046851408	0.67632365	-0.4293588	0.0	0.0	0.0	QTinterval
NK_CD16hi	1515.0	1000.0	0.6863137	-0.53547347	0.04095904	2.2768433	0.0	0.0	9.0	QTinterval
NK_CD56hi	1505.0	1000.0	0.7742258	-0.7605515	0.22877122	0.5910341	0.0	3.0	16.0	QTinterval
Neut	126.0	1000.0	0.6343656	-0.41365665	0.977023	-2.0900831	0.0	0.0	0.0	QTinterval
PC1_vent	1515.0	1000.0	0.9330669	-1.512332	0.013986014	2.8648365	0.0	2.0	11.0	QTinterval
PC2_atria	1504.0	1000.0	0.9120879	-1.3230871	0.11888112	1.1645527	1.0	1.0	10.0	QTinterval
PC3_str	1508.0	1000.0	0.8251748	-0.92025226	0.025974026	2.0743217	2.0	4.0	12.0	QTinterval
PC4_CMC-like	780.0	1000.0	0.07992008	1.441843	0.007992008	2.4207757	1.0	8.0	24.0	QTinterval
Purkinje	110.0	1000.0	0.000999001	6.265649	0.04195804	1.5226601	19.0	36.0	56.0	QTinterval
SAN_P_cell	245.0	1000.0	0.001998002	3.9381835	0.123876125	1.1825927	7.0	19.0	52.0	QTinterval
SMC1_basic	1501.0	1000.0	0.24475524	0.6714748	0.030969031	2.3002515	2.0	7.0	25.0	QTinterval
SMC2_art	1504.0	1000.0	0.21878122	0.716767	0.30669332	0.22947751	3.0	5.0	27.0	QTinterval
T/NK_cycling	217.0	1000.0	0.26573426	0.5791164	0.114885114	1.2647902	0.0	1.0	5.0	QTinterval
aCM1	1501.0	1000.0	0.000999001	4.7313986	0.04195804	1.8472048	50.0	110.0	270.0	QTinterval
aCM2	1503.0	1000.0	0.000999001	3.9457119	0.11988012	1.1840564	36.0	102.0	267.0	QTinterval
aCM3	1502.0	1000.0	0.000999001	5.0430846	0.038961038	1.8242112	71.0	163.0	346.0	QTinterval
aCM4	1501.0	1000.0	0.000999001	4.7757807	0.24675325	0.4775595	60.0	153.0	329.0	QTinterval
aCM5	55.0	1000.0	0.000999001	3.1789966	0.014985015	1.6208754	1.0	3.0	9.0	QTinterval
gdT	21.0	1000.0	0.3216783	0.4614136	0.57042956	0.16716829	0.0	0.0	0.0	QTinterval
unclassified	1500.0	1000.0	0.000999001	12.216899	0.000999001	7.8144703	63.0	104.0	186.0	QTinterval
vCM1	1503.0	1000.0	0.000999001	7.042963	0.011988012	2.798115	239.0	443.0	705.0	QTinterval
vCM2	1505.0	1000.0	0.000999001	6.0587883	0.08091908	1.3741429	169.0	330.0	609.0	QTinterval
vCM3_stressed	1505.0	1000.0	0.000999001	6.9804354	0.053946055	1.6998148	245.0	432.0	737.0	QTinterval
vCM4	1504.0	1000.0	0.000999001	6.847277	0.001998002	3.8768876	309.0	562.0	886.0	QTinterval
vCM5	233.0	1000.0	0.000999001	6.4973803	0.38961038	0.31896922	23.0	41.0	74.0	QTinterval
AVN_P_cell	155.0	1000.0	0.0009990009712055326	4.291627883911133	0.03396603465080261	1.8840988874435425	1.0	5.0	13.0	ReactionTime
AVN_bundle_cell	38.0	1000.0	0.001998001942411065	3.4100899696350098	0.8971028923988342	-1.2368804216384888	0.0	0.0	6.0	ReactionTime
Adip1	1508.0	1000.0	0.7222777009010315	-0.6604518890380859	0.07492507249116898	1.420235276222229	0.0	1.0	3.0	ReactionTime
Adip2	1507.0	1000.0	0.9060938954353333	-1.2731415033340454	0.0279720276594162	2.2550296783447266	0.0	0.0	4.0	ReactionTime
Adip3	393.0	1000.0	0.9440559148788452	-1.3933683633804321	0.36763235926628113	0.2913731336593628	0.0	0.0	0.0	ReactionTime
Adip4	63.0	1000.0	0.8251748085021973	-0.9040418863296509	0.5484515428543091	-0.003557678544893861	0.0	0.0	0.0	ReactionTime
B	1183.0	1000.0	0.6383616328239441	-0.43453410267829895	0.030969031155109406	2.5230937004089355	0.0	0.0	3.0	ReactionTime
B_plasma	374.0	1000.0	0.4445554316043854	-0.18658627569675446	0.1488511562347412	0.9664521813392639	0.0	0.0	1.0	ReactionTime
CD14+Mo	1505.0	1000.0	0.5554445385932922	-0.2805232107639313	0.11288711428642273	1.243664026260376	0.0	1.0	5.0	ReactionTime
CD16+Mo	1502.0	1000.0	0.6963037252426147	-0.5402514338493347	0.02997002936899662	2.5475711822509766	0.0	1.0	7.0	ReactionTime
CD4+T_Tfh	79.0	1000.0	0.18581418693065643	0.8852783441543579	0.8461538553237915	-0.9162731170654297	0.0	2.0	3.0	ReactionTime
CD4+T_Th1	68.0	1000.0	0.7082917094230652	-0.5672327280044556	0.5514485239982605	0.05394550412893295	0.0	0.0	1.0	ReactionTime
CD4+T_Th17	7.0	1000.0	0.6523476243019104	-0.40287351608276367	0.5004994869232178	0.12041515856981277	0.0	0.0	0.0	ReactionTime
CD4+T_Th2	120.0	1000.0	0.9270729422569275	-1.402632713317871	0.026973027735948563	1.6838287115097046	0.0	0.0	0.0	ReactionTime
CD4+T_act	1503.0	1000.0	0.10689310729503632	1.2606748342514038	0.01598401553928852	2.732454299926758	0.0	2.0	14.0	ReactionTime
CD4+T_naive	1501.0	1000.0	0.2717282772064209	0.6252481937408447	0.009990010410547256	3.619553804397583	0.0	1.0	13.0	ReactionTime
CD4+T_reg	67.0	1000.0	0.43056944012641907	0.14071524143218994	0.41558441519737244	0.3164162039756775	0.0	0.0	0.0	ReactionTime
CD8+T_cytox	1383.0	1000.0	0.8451548218727112	-1.0602949857711792	0.001998001942411065	4.472739219665527	0.0	1.0	6.0	ReactionTime
CD8+T_em	1507.0	1000.0	0.3046953082084656	0.496867299079895	0.00399600388482213	3.2662274837493896	0.0	1.0	10.0	ReactionTime
CD8+T_te	1506.0	1000.0	0.3646353781223297	0.32331934571266174	0.00399600388482213	4.284979820251465	0.0	1.0	7.0	ReactionTime
CD8+T_trans	1504.0	1000.0	0.27072927355766296	0.6075413823127747	0.0009990009712055326	5.263257026672363	0.0	2.0	9.0	ReactionTime
DC	964.0	1000.0	0.8121877908706665	-0.8695999383926392	0.06193806231021881	1.67075514793396	0.0	0.0	2.0	ReactionTime
EC10_CMC-like	1517.0	1000.0	0.7672327756881714	-0.7725942134857178	0.00399600388482213	3.5676560401916504	0.0	1.0	7.0	ReactionTime
EC1_cap	1506.0	1000.0	0.8661338686943054	-1.079712986946106	0.0009990009712055326	5.099725723266602	0.0	1.0	5.0	ReactionTime
EC2_cap	1505.0	1000.0	0.9340659379959106	-1.4440842866897583	0.0009990009712055326	4.956816673278809	0.0	1.0	1.0	ReactionTime
EC3_cap	1498.0	1000.0	0.8861138820648193	-1.2322107553482056	0.00699300691485405	3.2741434574127197	0.0	1.0	2.0	ReactionTime
EC4_immune	1500.0	1000.0	0.863136887550354	-1.0319652557373047	0.030969031155109406	2.136577606201172	0.0	0.0	1.0	ReactionTime
EC5_art	1503.0	1000.0	0.9050949215888977	-1.2303799390792847	0.018981019034981728	2.737415075302124	0.0	2.0	3.0	ReactionTime
EC6_ven	1505.0	1000.0	0.4445554316043854	0.021394476294517517	0.0559440553188324	1.9924471378326416	0.0	0.0	3.0	ReactionTime
EC7_endocardial	1508.0	1000.0	0.17882117629051208	0.8929882645606995	0.037962038069963455	2.0151538848876953	0.0	1.0	6.0	ReactionTime
EC8_ln	1175.0	1000.0	0.8881118893623352	-1.094214916229248	0.009990010410547256	3.0570077896118164	0.0	0.0	1.0	ReactionTime
EC9_FB-like	25.0	1000.0	0.8361638188362122	-0.983402669429779	0.8681318759918213	-1.1029821634292603	0.0	0.0	0.0	ReactionTime
FB1	1517.0	1000.0	0.8041958212852478	-0.8999376893043518	0.11688311398029327	1.1629667282104492	0.0	0.0	3.0	ReactionTime
FB2	1508.0	1000.0	0.9340659379959106	-1.4384108781814575	0.004995005205273628	2.6390182971954346	0.0	0.0	1.0	ReactionTime
FB3	1509.0	1000.0	0.991008996963501	-2.2040441036224365	0.05794205889105797	1.620019793510437	0.0	0.0	0.0	ReactionTime
FB4_activated	1504.0	1000.0	0.6503496766090393	-0.4491526186466217	0.037962038069963455	1.8841239213943481	0.0	0.0	3.0	ReactionTime
FB5	1509.0	1000.0	0.9080919027328491	-1.281419038772583	0.06593406945466995	1.5206290483474731	0.0	0.0	3.0	ReactionTime
FB6	1499.0	1000.0	0.9070929288864136	-1.2752697467803955	0.0559440553188324	1.6893532276153564	0.0	0.0	4.0	ReactionTime
ILC	172.0	1000.0	0.6943057179450989	-0.5195474624633789	0.2407592386007309	0.6686013340950012	0.0	0.0	0.0	ReactionTime
LYVE1+IGF1+MP	1505.0	1000.0	0.34065935015678406	0.36112871766090393	0.07592407613992691	1.6079601049423218	0.0	0.0	7.0	ReactionTime
LYVE1+MP_cycling	1507.0	1000.0	0.1458541452884674	1.0898164510726929	0.20379620790481567	0.758560061454773	0.0	1.0	11.0	ReactionTime
LYVE1+TIMD4+MP	1512.0	1000.0	0.4345654249191284	0.08864334225654602	0.12087912112474442	1.1872857809066772	0.0	1.0	5.0	ReactionTime
MAIT-like	605.0	1000.0	0.3056943118572235	0.45194104313850403	0.00699300691485405	2.7290945053100586	0.0	0.0	4.0	ReactionTime
Mast	1504.0	1000.0	0.01498501468449831	2.4497623443603516	0.030969031155109406	1.8617479801177979	0.0	10.0	41.0	ReactionTime
Meso	871.0	1000.0	0.2687312662601471	0.40497952699661255	0.07992008328437805	1.5238597393035889	0.0	2.0	2.0	ReactionTime
MoMP	1505.0	1000.0	0.6633366346359253	-0.47755566239356995	0.16383616626262665	0.9397138357162476	0.0	2.0	3.0	ReactionTime
NC1_glial	1501.0	1000.0	0.0009990009712055326	6.827714443206787	0.0009990009712055326	4.490837574005127	38.0	128.0	281.0	ReactionTime
NC2_glial_NGF+	727.0	1000.0	0.0009990009712055326	4.85145378112793	0.0009990009712055326	4.3645710945129395	2.0	14.0	62.0	ReactionTime
NC3_glial	20.0	1000.0	0.0729270726442337	1.576256513595581	0.14085914194583893	1.1151880025863647	0.0	0.0	0.0	ReactionTime
NC4_glial	13.0	1000.0	0.001998001942411065	3.7713541984558105	0.5374625325202942	0.027635324746370316	0.0	1.0	2.0	ReactionTime
NC5_glial	86.0	1000.0	0.0009990009712055326	5.5872578620910645	0.08191808313131332	1.4004355669021606	3.0	10.0	22.0	ReactionTime
NC6_schwann	18.0	1000.0	0.019980020821094513	2.193120002746582	0.4365634322166443	0.3258083164691925	0.0	1.0	1.0	ReactionTime
NK_CD16hi	1515.0	1000.0	0.6463536620140076	-0.39501503109931946	0.00399600388482213	4.2280802726745605	0.0	2.0	6.0	ReactionTime
NK_CD56hi	1505.0	1000.0	0.42657342553138733	0.12334543466567993	0.00699300691485405	3.836254358291626	0.0	2.0	7.0	ReactionTime
Neut	126.0	1000.0	0.1008991003036499	1.314207673072815	0.22477522492408752	0.7455951571464539	0.0	0.0	0.0	ReactionTime
PC1_vent	1515.0	1000.0	0.25074926018714905	0.6318163871765137	0.039960041642189026	1.9522579908370972	0.0	2.0	8.0	ReactionTime
PC2_atria	1504.0	1000.0	0.6373626589775085	-0.3563704490661621	0.037962038069963455	1.99554443359375	0.0	2.0	6.0	ReactionTime
PC3_str	1508.0	1000.0	0.09690310060977936	1.2635468244552612	0.15484514832496643	0.9920372366905212	0.0	1.0	14.0	ReactionTime
PC4_CMC-like	780.0	1000.0	0.10689310729503632	1.2760789394378662	0.2407592386007309	0.7033121585845947	0.0	2.0	7.0	ReactionTime
Purkinje	110.0	1000.0	0.00799200776964426	2.532620429992676	0.2527472674846649	0.687263548374176	0.0	0.0	4.0	ReactionTime
SAN_P_cell	245.0	1000.0	0.0009990009712055326	6.851095199584961	0.37462538480758667	0.30897054076194763	15.0	47.0	87.0	ReactionTime
SMC1_basic	1501.0	1000.0	0.07992008328437805	1.4133576154708862	0.16183815896511078	0.8131189346313477	0.0	4.0	16.0	ReactionTime
SMC2_art	1504.0	1000.0	0.12787212431430817	1.2177517414093018	0.12187812477350235	1.1882411241531372	0.0	1.0	13.0	ReactionTime
T/NK_cycling	217.0	1000.0	0.2467532455921173	0.5714179873466492	0.049950048327445984	1.8177474737167358	0.0	0.0	3.0	ReactionTime
aCM1	1501.0	1000.0	0.0009990009712055326	5.130494117736816	0.0009990009712055326	4.465760707855225	10.0	63.0	177.0	ReactionTime
aCM2	1503.0	1000.0	0.0009990009712055326	4.680483818054199	0.12687312066555023	1.0916352272033691	9.0	68.0	208.0	ReactionTime
aCM3	1502.0	1000.0	0.001998001942411065	3.716488838195801	0.12987013161182404	1.1038174629211426	4.0	22.0	111.0	ReactionTime
aCM4	1501.0	1000.0	0.001998001942411065	4.108277797698975	0.07692307978868484	1.4826152324676514	6.0	45.0	127.0	ReactionTime
aCM5	55.0	1000.0	0.0009990009712055326	4.453841209411621	0.6153846383094788	-0.21869920194149017	0.0	2.0	6.0	ReactionTime
gdT	21.0	1000.0	0.7842158079147339	-0.8344197869300842	0.512487530708313	0.30224597454071045	0.0	0.0	0.0	ReactionTime
unclassified	1500.0	1000.0	0.00399600388482213	3.726842164993286	0.004995005205273628	3.2741832733154297	1.0	7.0	23.0	ReactionTime
vCM1	1503.0	1000.0	0.023976024240255356	2.071780204772949	0.8331668376922607	-0.908896267414093	0.0	8.0	28.0	ReactionTime
vCM2	1505.0	1000.0	0.025974025949835777	1.9940108060836792	0.6303696036338806	-0.3609488606452942	0.0	4.0	25.0	ReactionTime
vCM3_stressed	1505.0	1000.0	0.13486513495445251	1.136565089225769	0.8321678042411804	-0.9157925248146057	0.0	1.0	11.0	ReactionTime
vCM4	1504.0	1000.0	0.08891108632087708	1.4169337749481201	0.1818181872367859	0.8599770069122314	0.0	2.0	13.0	ReactionTime
vCM5	233.0	1000.0	0.06893106549978256	1.5671929121017456	0.4705294668674469	0.18919382989406586	0.0	1.0	2.0	ReactionTime
AVN_P_cell	155.0	1000.0	0.000999001	10.234893	0.021978023	2.0195117	116.0	129.0	137.0	RestingHeartRate
AVN_bundle_cell	38.0	1000.0	0.000999001	7.036418	0.024975024	1.5496967	22.0	29.0	32.0	RestingHeartRate
Adip1	1508.0	1000.0	0.08191808	1.4286635	0.001998002	4.5463085	28.0	54.0	106.0	RestingHeartRate
Adip2	1507.0	1000.0	0.85014987	-1.0076979	0.004995005	3.4440496	8.0	14.0	18.0	RestingHeartRate
Adip3	393.0	1000.0	0.08291708	1.5079719	0.045954045	1.791834	9.0	14.0	33.0	RestingHeartRate
Adip4	63.0	1000.0	0.001998002	3.6282089	0.14585415	1.0459954	4.0	7.0	11.0	RestingHeartRate
B	1183.0	1000.0	1.0	-2.9756145	0.005994006	3.4696002	0.0	0.0	2.0	RestingHeartRate
B_plasma	374.0	1000.0	0.9050949	-0.93718237	0.014985015	2.715702	1.0	3.0	6.0	RestingHeartRate
CD14+Mo	1505.0	1000.0	0.97002995	-1.5675985	0.10489511	1.3220932	2.0	2.0	8.0	RestingHeartRate
CD16+Mo	1502.0	1000.0	1.0	-3.0325558	0.023976024	2.6098413	0.0	3.0	10.0	RestingHeartRate
CD4+T_Tfh	79.0	1000.0	1.0	-3.7371678	0.989011	-3.021261	0.0	0.0	0.0	RestingHeartRate
CD4+T_Th1	68.0	1000.0	0.975025	-1.801253	0.96503496	-2.2390733	0.0	0.0	0.0	RestingHeartRate
CD4+T_Th17	7.0	1000.0	0.93806195	-1.4834778	0.116883114	0.91363907	0.0	0.0	0.0	RestingHeartRate
CD4+T_Th2	120.0	1000.0	0.999001	-2.8905232	0.975025	-2.3307083	0.0	1.0	2.0	RestingHeartRate
CD4+T_act	1503.0	1000.0	0.999001	-2.5794022	0.015984016	2.526281	1.0	5.0	13.0	RestingHeartRate
CD4+T_naive	1501.0	1000.0	0.999001	-2.6868062	0.011988012	2.8802586	4.0	12.0	18.0	RestingHeartRate
CD4+T_reg	67.0	1000.0	1.0	-4.6042876	0.8101898	-0.7178678	0.0	1.0	1.0	RestingHeartRate
CD8+T_cytox	1383.0	1000.0	1.0	-3.194582	0.038961038	2.2357035	1.0	2.0	5.0	RestingHeartRate
CD8+T_em	1507.0	1000.0	1.0	-4.288921	0.007992008	3.011938	0.0	3.0	5.0	RestingHeartRate
CD8+T_te	1506.0	1000.0	1.0	-3.6991513	0.10989011	1.3798025	0.0	1.0	6.0	RestingHeartRate
CD8+T_trans	1504.0	1000.0	1.0	-3.9136934	0.006993007	3.1290975	4.0	5.0	9.0	RestingHeartRate
DC	964.0	1000.0	0.999001	-3.074972	0.000999001	4.3003044	0.0	0.0	2.0	RestingHeartRate
EC10_CMC-like	1517.0	1000.0	0.008991009	2.466129	0.000999001	4.995249	37.0	73.0	126.0	RestingHeartRate
EC1_cap	1506.0	1000.0	0.36263737	0.304798	0.28971028	0.4207584	14.0	26.0	52.0	RestingHeartRate
EC2_cap	1505.0	1000.0	0.5974026	-0.3018497	0.2937063	0.4097257	9.0	18.0	35.0	RestingHeartRate
EC3_cap	1498.0	1000.0	0.62237763	-0.39042115	0.015984016	2.7368305	10.0	21.0	39.0	RestingHeartRate
EC4_immune	1500.0	1000.0	0.04995005	1.7230952	0.07692308	1.5463798	28.0	53.0	105.0	RestingHeartRate
EC5_art	1503.0	1000.0	0.5584416	-0.20298333	0.04295704	2.0529048	9.0	23.0	36.0	RestingHeartRate
EC6_ven	1505.0	1000.0	0.5814186	-0.2600088	0.04995005	1.9580638	8.0	21.0	39.0	RestingHeartRate
EC7_endocardial	1508.0	1000.0	0.060939062	1.6312039	0.24975026	0.5637424	17.0	44.0	99.0	RestingHeartRate
EC8_ln	1175.0	1000.0	0.37862137	0.21186106	0.07992008	1.4283226	13.0	22.0	40.0	RestingHeartRate
EC9_FB-like	25.0	1000.0	0.31568432	0.4723409	0.99000996	-2.5453236	0.0	0.0	0.0	RestingHeartRate
FB1	1517.0	1000.0	0.34265736	0.39004508	0.012987013	2.5484502	8.0	23.0	52.0	RestingHeartRate
FB2	1508.0	1000.0	0.42057943	0.18191412	0.022977022	2.2808006	9.0	24.0	44.0	RestingHeartRate
FB3	1509.0	1000.0	0.27072927	0.58242744	0.000999001	3.558881	6.0	20.0	54.0	RestingHeartRate
FB4_activated	1504.0	1000.0	0.011988012	2.2331536	0.12087912	1.1386602	34.0	64.0	133.0	RestingHeartRate
FB5	1509.0	1000.0	0.35964036	0.3216588	0.08191808	1.4034994	9.0	19.0	46.0	RestingHeartRate
FB6	1499.0	1000.0	0.36663336	0.33621284	0.000999001	5.277784	15.0	29.0	62.0	RestingHeartRate
ILC	172.0	1000.0	0.995005	-2.5374644	0.24375625	0.69742185	1.0	1.0	3.0	RestingHeartRate
LYVE1+IGF1+MP	1505.0	1000.0	1.0	-2.8227768	0.017982017	2.7703395	1.0	2.0	8.0	RestingHeartRate
LYVE1+MP_cycling	1507.0	1000.0	0.97402596	-1.7097045	0.000999001	3.9297166	2.0	7.0	15.0	RestingHeartRate
LYVE1+TIMD4+MP	1512.0	1000.0	1.0	-3.0608902	0.000999001	4.164113	2.0	2.0	5.0	RestingHeartRate
MAIT-like	605.0	1000.0	0.999001	-2.5672512	0.09090909	1.3910184	2.0	4.0	6.0	RestingHeartRate
Mast	1504.0	1000.0	0.997003	-2.494246	0.006993007	2.6741877	0.0	1.0	3.0	RestingHeartRate
Meso	871.0	1000.0	0.08291708	1.4377096	0.018981019	3.0633922	11.0	26.0	59.0	RestingHeartRate
MoMP	1505.0	1000.0	0.987013	-1.9412167	0.023976024	2.4767485	1.0	8.0	17.0	RestingHeartRate
NC1_glial	1501.0	1000.0	0.044955045	1.908683	0.068931065	1.5144447	33.0	70.0	137.0	RestingHeartRate
NC2_glial_NGF+	727.0	1000.0	0.1028971	1.228668	0.001998002	4.0375986	16.0	26.0	45.0	RestingHeartRate
NC3_glial	20.0	1000.0	0.051948052	1.7580316	0.2947053	0.63620114	1.0	1.0	2.0	RestingHeartRate
NC4_glial	13.0	1000.0	0.000999001	5.011326	0.46953046	0.3131344	2.0	3.0	3.0	RestingHeartRate
NC5_glial	86.0	1000.0	0.22677323	0.74902946	0.28871128	0.5899147	0.0	0.0	3.0	RestingHeartRate
NC6_schwann	18.0	1000.0	0.2027972	0.7456515	0.02997003	1.8790901	0.0	0.0	1.0	RestingHeartRate
NK_CD16hi	1515.0	1000.0	0.94905096	-1.4728855	0.011988012	3.1371686	7.0	19.0	27.0	RestingHeartRate
NK_CD56hi	1505.0	1000.0	1.0	-3.4598153	0.08291708	1.6200482	1.0	3.0	7.0	RestingHeartRate
Neut	126.0	1000.0	0.8981019	-1.1614995	0.09190809	1.3660272	0.0	0.0	0.0	RestingHeartRate
PC1_vent	1515.0	1000.0	0.56643355	-0.18397868	0.010989011	3.218347	10.0	24.0	48.0	RestingHeartRate
PC2_atria	1504.0	1000.0	0.3866134	0.24407329	0.06793207	1.5623378	16.0	29.0	57.0	RestingHeartRate
PC3_str	1508.0	1000.0	0.114885114	1.2110822	0.002997003	3.1841214	27.0	53.0	84.0	RestingHeartRate
PC4_CMC-like	780.0	1000.0	0.022977022	2.1136177	0.000999001	3.4230697	17.0	26.0	64.0	RestingHeartRate
Purkinje	110.0	1000.0	0.000999001	7.7652526	0.03196803	1.6439508	66.0	79.0	87.0	RestingHeartRate
SAN_P_cell	245.0	1000.0	0.000999001	9.356997	0.01998002	2.0095246	172.0	192.0	204.0	RestingHeartRate
SMC1_basic	1501.0	1000.0	0.001998002	3.5888247	0.008991009	3.2912471	68.0	117.0	184.0	RestingHeartRate
SMC2_art	1504.0	1000.0	0.001998002	4.2672195	0.14785215	1.073333	113.0	178.0	285.0	RestingHeartRate
T/NK_cycling	217.0	1000.0	0.8091908	-0.8960362	0.022977022	2.145954	0.0	0.0	1.0	RestingHeartRate
aCM1	1501.0	1000.0	0.000999001	8.500823	0.01998002	2.3104243	602.0	779.0	1034.0	RestingHeartRate
aCM2	1503.0	1000.0	0.000999001	8.029025	0.000999001	5.1609597	809.0	996.0	1183.0	RestingHeartRate
aCM3	1502.0	1000.0	0.000999001	9.241784	0.000999001	5.057719	848.0	1022.0	1204.0	RestingHeartRate
aCM4	1501.0	1000.0	0.000999001	8.839025	0.06993007	1.5944614	819.0	1015.0	1176.0	RestingHeartRate
aCM5	55.0	1000.0	0.000999001	5.0416226	0.75724274	-0.59731287	16.0	27.0	33.0	RestingHeartRate
gdT	21.0	1000.0	0.999001	-2.4345706	0.7022977	-0.15754008	0.0	0.0	0.0	RestingHeartRate
unclassified	1500.0	1000.0	0.000999001	15.860995	0.000999001	7.34554	190.0	253.0	319.0	RestingHeartRate
vCM1	1503.0	1000.0	0.000999001	7.734895	0.008991009	2.4884892	635.0	842.0	1042.0	RestingHeartRate
vCM2	1505.0	1000.0	0.000999001	7.3537345	0.000999001	4.308493	653.0	846.0	1063.0	RestingHeartRate
vCM3_stressed	1505.0	1000.0	0.000999001	7.7390614	0.1878122	0.7936203	670.0	864.0	1087.0	RestingHeartRate
vCM4	1504.0	1000.0	0.000999001	8.157488	0.008991009	3.0092175	998.0	1174.0	1312.0	RestingHeartRate
vCM5	233.0	1000.0	0.000999001	7.3203692	0.008991009	2.1275604	82.0	111.0	143.0	RestingHeartRate
AVN_P_cell	155.0	1000.0	0.994006	-2.3645551	0.06593407	1.5423678	0.0	0.0	0.0	RheumatoidArthritis
AVN_bundle_cell	38.0	1000.0	0.985015	-2.0187454	0.032967035	1.4797283	0.0	0.0	1.0	RheumatoidArthritis
Adip1	1508.0	1000.0	0.999001	-2.3227925	0.22877122	0.6343322	1.0	1.0	4.0	RheumatoidArthritis
Adip2	1507.0	1000.0	0.977023	-1.800691	0.026973028	2.4452872	0.0	2.0	6.0	RheumatoidArthritis
Adip3	393.0	1000.0	0.997003	-2.307793	0.16083916	0.9698059	0.0	0.0	1.0	RheumatoidArthritis
Adip4	63.0	1000.0	0.994006	-2.400545	0.85514486	-1.0394988	0.0	0.0	0.0	RheumatoidArthritis
B	1183.0	1000.0	0.000999001	11.589377	0.000999001	5.674417	593.0	695.0	801.0	RheumatoidArthritis
B_plasma	374.0	1000.0	0.15184815	0.8745688	0.007992008	3.0874312	9.0	11.0	27.0	RheumatoidArthritis
CD14+Mo	1505.0	1000.0	0.002997003	4.663146	0.005994006	3.8141387	156.0	214.0	297.0	RheumatoidArthritis
CD16+Mo	1502.0	1000.0	0.000999001	9.652773	0.000999001	5.4703293	426.0	516.0	620.0	RheumatoidArthritis
CD4+T_Tfh	79.0	1000.0	0.000999001	6.64637	0.8961039	-1.2077409	8.0	15.0	24.0	RheumatoidArthritis
CD4+T_Th1	68.0	1000.0	0.000999001	8.605767	0.8361638	-0.95252615	19.0	24.0	30.0	RheumatoidArthritis
CD4+T_Th17	7.0	1000.0	0.000999001	4.3259115	0.65534467	0.11820743	1.0	1.0	2.0	RheumatoidArthritis
CD4+T_Th2	120.0	1000.0	0.000999001	10.100813	0.027972028	1.6284884	51.0	61.0	71.0	RheumatoidArthritis
CD4+T_act	1503.0	1000.0	0.000999001	9.052779	0.000999001	4.367424	275.0	382.0	521.0	RheumatoidArthritis
CD4+T_naive	1501.0	1000.0	0.000999001	10.895247	0.001998002	4.138233	299.0	389.0	523.0	RheumatoidArthritis
CD4+T_reg	67.0	1000.0	0.000999001	8.8562975	0.82817185	-0.83570546	15.0	20.0	25.0	RheumatoidArthritis
CD8+T_cytox	1383.0	1000.0	0.000999001	10.346597	0.000999001	6.077552	535.0	670.0	792.0	RheumatoidArthritis
CD8+T_em	1507.0	1000.0	0.000999001	8.640458	0.000999001	6.902579	212.0	315.0	453.0	RheumatoidArthritis
CD8+T_te	1506.0	1000.0	0.000999001	11.382133	0.000999001	5.23913	470.0	577.0	722.0	RheumatoidArthritis
CD8+T_trans	1504.0	1000.0	0.000999001	8.950564	0.002997003	4.828528	281.0	381.0	514.0	RheumatoidArthritis
DC	964.0	1000.0	0.000999001	15.493018	0.000999001	8.648065	260.0	305.0	367.0	RheumatoidArthritis
EC10_CMC-like	1517.0	1000.0	0.000999001	5.9084296	0.000999001	5.5368247	95.0	129.0	190.0	RheumatoidArthritis
EC1_cap	1506.0	1000.0	0.000999001	4.9215126	0.005994006	3.8832123	124.0	200.0	310.0	RheumatoidArthritis
EC2_cap	1505.0	1000.0	0.000999001	6.285658	0.000999001	5.1709595	205.0	302.0	417.0	RheumatoidArthritis
EC3_cap	1498.0	1000.0	0.000999001	9.171537	0.000999001	5.4445777	368.0	478.0	595.0	RheumatoidArthritis
EC4_immune	1500.0	1000.0	0.000999001	6.2696047	0.002997003	4.515357	138.0	200.0	302.0	RheumatoidArthritis
EC5_art	1503.0	1000.0	0.000999001	7.804677	0.001998002	5.2840085	249.0	339.0	447.0	RheumatoidArthritis
EC6_ven	1505.0	1000.0	0.000999001	9.226456	0.000999001	5.798106	283.0	337.0	408.0	RheumatoidArthritis
EC7_endocardial	1508.0	1000.0	0.8011988	-0.8382657	0.013986014	2.7607107	16.0	23.0	34.0	RheumatoidArthritis
EC8_ln	1175.0	1000.0	0.02097902	2.5539007	0.002997003	5.1159153	38.0	77.0	130.0	RheumatoidArthritis
EC9_FB-like	25.0	1000.0	0.47452548	0.028294088	0.41558442	0.39179662	0.0	1.0	1.0	RheumatoidArthritis
FB1	1517.0	1000.0	1.0	-3.9432526	0.07692308	1.3131645	1.0	3.0	6.0	RheumatoidArthritis
FB2	1508.0	1000.0	1.0	-3.6012056	0.050949052	1.6691275	1.0	2.0	3.0	RheumatoidArthritis
FB3	1509.0	1000.0	0.987013	-1.9392487	0.18281718	0.77049226	4.0	8.0	12.0	RheumatoidArthritis
FB4_activated	1504.0	1000.0	1.0	-3.7751486	0.44655344	0.03749071	0.0	1.0	2.0	RheumatoidArthritis
FB5	1509.0	1000.0	1.0	-2.9091127	0.27772227	0.47406945	2.0	4.0	6.0	RheumatoidArthritis
FB6	1499.0	1000.0	0.999001	-2.8861122	0.000999001	4.3086286	15.0	20.0	28.0	RheumatoidArthritis
ILC	172.0	1000.0	0.000999001	8.156853	0.011988012	2.1311395	31.0	51.0	62.0	RheumatoidArthritis
LYVE1+IGF1+MP	1505.0	1000.0	0.000999001	5.4281087	0.001998002	4.7586784	139.0	172.0	232.0	RheumatoidArthritis
LYVE1+MP_cycling	1507.0	1000.0	0.000999001	6.39114	0.000999001	6.4007955	158.0	222.0	309.0	RheumatoidArthritis
LYVE1+TIMD4+MP	1512.0	1000.0	0.000999001	4.3504257	0.000999001	5.9889646	118.0	170.0	258.0	RheumatoidArthritis
MAIT-like	605.0	1000.0	0.000999001	11.162822	0.033966035	1.9034922	184.0	225.0	281.0	RheumatoidArthritis
Mast	1504.0	1000.0	0.8981019	-1.2235175	0.032967035	1.9001551	1.0	8.0	17.0	RheumatoidArthritis
Meso	871.0	1000.0	0.15684316	0.88715404	0.002997003	4.4440346	9.0	22.0	44.0	RheumatoidArthritis
MoMP	1505.0	1000.0	0.000999001	8.7768135	0.000999001	6.5063324	214.0	271.0	350.0	RheumatoidArthritis
NC1_glial	1501.0	1000.0	1.0	-2.582167	0.24875125	0.6115251	0.0	1.0	5.0	RheumatoidArthritis
NC2_glial_NGF+	727.0	1000.0	1.0	-3.6807063	0.1878122	0.8605195	1.0	1.0	3.0	RheumatoidArthritis
NC3_glial	20.0	1000.0	0.46253747	0.041647896	0.36663336	0.41790563	0.0	0.0	0.0	RheumatoidArthritis
NC4_glial	13.0	1000.0	1.0	-3.5962949	0.75024974	-0.649417	0.0	0.0	0.0	RheumatoidArthritis
NC5_glial	86.0	1000.0	0.976024	-1.8854293	0.07192807	1.4120637	0.0	0.0	0.0	RheumatoidArthritis
NC6_schwann	18.0	1000.0	0.997003	-2.359706	0.5974026	-0.25442293	0.0	0.0	0.0	RheumatoidArthritis
NK_CD16hi	1515.0	1000.0	0.000999001	10.111851	0.000999001	5.4836493	574.0	694.0	854.0	RheumatoidArthritis
NK_CD56hi	1505.0	1000.0	0.000999001	7.9042406	0.000999001	5.3280444	244.0	330.0	477.0	RheumatoidArthritis
Neut	126.0	1000.0	0.02997003	2.0875564	0.48351648	0.022938995	5.0	10.0	18.0	RheumatoidArthritis
PC1_vent	1515.0	1000.0	1.0	-2.647102	0.003996004	3.5543463	1.0	3.0	16.0	RheumatoidArthritis
PC2_atria	1504.0	1000.0	1.0	-3.5858467	0.000999001	4.366799	3.0	6.0	12.0	RheumatoidArthritis
PC3_str	1508.0	1000.0	1.0	-2.7505171	0.000999001	5.158483	3.0	6.0	7.0	RheumatoidArthritis
PC4_CMC-like	780.0	1000.0	1.0	-3.5447006	0.000999001	3.1123643	1.0	1.0	3.0	RheumatoidArthritis
Purkinje	110.0	1000.0	1.0	-3.1807566	0.72927076	-0.53004026	0.0	0.0	0.0	RheumatoidArthritis
SAN_P_cell	245.0	1000.0	1.0	-3.1783266	0.001998002	3.1493084	0.0	0.0	0.0	RheumatoidArthritis
SMC1_basic	1501.0	1000.0	0.991009	-2.0214472	0.000999001	4.415578	3.0	10.0	21.0	RheumatoidArthritis
SMC2_art	1504.0	1000.0	0.9120879	-1.1666499	0.06393606	1.7760922	4.0	7.0	22.0	RheumatoidArthritis
T/NK_cycling	217.0	1000.0	0.000999001	12.13365	0.000999001	3.7732852	117.0	129.0	139.0	RheumatoidArthritis
aCM1	1501.0	1000.0	1.0	-4.5624404	0.7822178	-0.75981617	0.0	0.0	0.0	RheumatoidArthritis
aCM2	1503.0	1000.0	1.0	-4.377788	0.08091908	1.4280744	1.0	1.0	1.0	RheumatoidArthritis
aCM3	1502.0	1000.0	1.0	-4.1397657	0.2907093	0.46963194	0.0	0.0	0.0	RheumatoidArthritis
aCM4	1501.0	1000.0	1.0	-3.218824	0.8921079	-1.057807	3.0	5.0	6.0	RheumatoidArthritis
aCM5	55.0	1000.0	1.0	-3.4173484	0.3996004	0.35265753	0.0	0.0	0.0	RheumatoidArthritis
gdT	21.0	1000.0	0.000999001	5.666625	0.43956044	0.38951027	13.0	14.0	15.0	RheumatoidArthritis
unclassified	1500.0	1000.0	0.000999001	19.976263	0.000999001	5.830015	187.0	229.0	271.0	RheumatoidArthritis
vCM1	1503.0	1000.0	1.0	-3.8698246	0.8031968	-0.8326423	0.0	0.0	0.0	RheumatoidArthritis
vCM2	1505.0	1000.0	1.0	-3.7747924	0.18481518	0.8514871	0.0	0.0	1.0	RheumatoidArthritis
vCM3_stressed	1505.0	1000.0	1.0	-3.4814456	0.982018	-1.7985029	0.0	1.0	2.0	RheumatoidArthritis
vCM4	1504.0	1000.0	1.0	-2.9897842	0.33266732	0.34396586	0.0	0.0	1.0	RheumatoidArthritis
vCM5	233.0	1000.0	1.0	-3.9550421	0.7032967	-0.52349496	0.0	0.0	0.0	RheumatoidArthritis
AVN_P_cell	155.0	1000.0	0.8251748	-0.9226206	0.011988012	2.5399094	0.0	0.0	1.0	RheumatoidArthritis_noMHC
AVN_bundle_cell	38.0	1000.0	0.8841159	-1.1083705	0.068931065	1.2721843	0.0	0.0	1.0	RheumatoidArthritis_noMHC
Adip1	1508.0	1000.0	0.4115884	0.15968378	0.08991009	1.3404703	3.0	5.0	14.0	RheumatoidArthritis_noMHC
Adip2	1507.0	1000.0	0.36063936	0.29733175	0.032967035	2.126594	3.0	5.0	23.0	RheumatoidArthritis_noMHC
Adip3	393.0	1000.0	0.64235765	-0.3971283	0.26773226	0.56774634	0.0	0.0	3.0	RheumatoidArthritis_noMHC
Adip4	63.0	1000.0	0.8471528	-1.0000578	0.9030969	-1.2973207	0.0	0.0	0.0	RheumatoidArthritis_noMHC
B	1183.0	1000.0	0.000999001	5.6914606	0.012987013	3.3725796	165.0	289.0	441.0	RheumatoidArthritis_noMHC
B_plasma	374.0	1000.0	0.22277722	0.5683065	0.033966035	2.0593038	2.0	4.0	13.0	RheumatoidArthritis_noMHC
CD14+Mo	1505.0	1000.0	0.064935066	1.605315	0.103896104	1.2898351	12.0	27.0	71.0	RheumatoidArthritis_noMHC
CD16+Mo	1502.0	1000.0	0.013986014	2.8461983	0.14985014	0.9693292	27.0	56.0	137.0	RheumatoidArthritis_noMHC
CD4+T_Tfh	79.0	1000.0	0.000999001	7.386971	0.8851149	-1.2602298	11.0	16.0	26.0	RheumatoidArthritis_noMHC
CD4+T_Th1	68.0	1000.0	0.000999001	5.731881	0.54545456	0.04817872	12.0	18.0	22.0	RheumatoidArthritis_noMHC
CD4+T_Th17	7.0	1000.0	0.008991009	2.8435545	0.9100899	-1.6731684	0.0	2.0	3.0	RheumatoidArthritis_noMHC
CD4+T_Th2	120.0	1000.0	0.000999001	7.9769263	0.14585415	1.0480852	30.0	41.0	60.0	RheumatoidArthritis_noMHC
CD4+T_act	1503.0	1000.0	0.000999001	9.907397	0.006993007	3.2934523	232.0	378.0	574.0	RheumatoidArthritis_noMHC
CD4+T_naive	1501.0	1000.0	0.000999001	9.722091	0.004995005	3.4467201	222.0	326.0	508.0	RheumatoidArthritis_noMHC
CD4+T_reg	67.0	1000.0	0.000999001	8.733652	0.94705296	-1.9163369	14.0	18.0	31.0	RheumatoidArthritis_noMHC
CD8+T_cytox	1383.0	1000.0	0.000999001	6.281252	0.007992008	3.4290195	138.0	227.0	372.0	RheumatoidArthritis_noMHC
CD8+T_em	1507.0	1000.0	0.000999001	7.7390275	0.001998002	4.564115	135.0	250.0	434.0	RheumatoidArthritis_noMHC
CD8+T_te	1506.0	1000.0	0.000999001	7.1860857	0.04895105	2.0235457	164.0	282.0	483.0	RheumatoidArthritis_noMHC
CD8+T_trans	1504.0	1000.0	0.000999001	7.2448344	0.024975024	2.6189635	140.0	225.0	400.0	RheumatoidArthritis_noMHC
DC	964.0	1000.0	0.000999001	4.4131007	0.001998002	3.450024	30.0	63.0	120.0	RheumatoidArthritis_noMHC
EC10_CMC-like	1517.0	1000.0	0.7912088	-0.8452223	0.0939061	1.3541353	0.0	3.0	16.0	RheumatoidArthritis_noMHC
EC1_cap	1506.0	1000.0	0.8541458	-1.0201688	0.16783217	0.83720845	0.0	1.0	8.0	RheumatoidArthritis_noMHC
EC2_cap	1505.0	1000.0	0.83916086	-0.95227396	0.36763236	0.22445977	1.0	2.0	9.0	RheumatoidArthritis_noMHC
EC3_cap	1498.0	1000.0	0.6013986	-0.32757196	0.3856144	0.1405226	0.0	3.0	12.0	RheumatoidArthritis_noMHC
EC4_immune	1500.0	1000.0	0.7742258	-0.79201996	0.033966035	2.1346827	3.0	5.0	11.0	RheumatoidArthritis_noMHC
EC5_art	1503.0	1000.0	0.7202797	-0.60532635	0.54645354	-0.24121484	0.0	1.0	3.0	RheumatoidArthritis_noMHC
EC6_ven	1505.0	1000.0	0.7222777	-0.6148618	0.37662336	0.04074914	0.0	3.0	8.0	RheumatoidArthritis_noMHC
EC7_endocardial	1508.0	1000.0	0.8871129	-1.1730788	0.4885115	-0.07622175	0.0	2.0	9.0	RheumatoidArthritis_noMHC
EC8_ln	1175.0	1000.0	0.075924076	1.4962864	0.015984016	3.1844783	4.0	11.0	54.0	RheumatoidArthritis_noMHC
EC9_FB-like	25.0	1000.0	0.9170829	-1.3440292	0.09290709	1.0358678	0.0	0.0	0.0	RheumatoidArthritis_noMHC
FB1	1517.0	1000.0	1.0	-3.6796553	0.064935066	1.514416	0.0	1.0	2.0	RheumatoidArthritis_noMHC
FB2	1508.0	1000.0	1.0	-3.3719094	0.8591409	-1.0898175	0.0	0.0	0.0	RheumatoidArthritis_noMHC
FB3	1509.0	1000.0	0.991009	-2.042543	0.57342654	-0.21676913	1.0	3.0	6.0	RheumatoidArthritis_noMHC
FB4_activated	1504.0	1000.0	1.0	-3.5088234	0.73226774	-0.60149276	0.0	0.0	0.0	RheumatoidArthritis_noMHC
FB5	1509.0	1000.0	0.999001	-3.3392472	0.82417583	-0.8381226	0.0	0.0	0.0	RheumatoidArthritis_noMHC
FB6	1499.0	1000.0	0.998002	-2.4922607	0.000999001	4.3532906	7.0	14.0	23.0	RheumatoidArthritis_noMHC
ILC	172.0	1000.0	0.000999001	7.8814955	0.25174826	0.6506686	33.0	47.0	67.0	RheumatoidArthritis_noMHC
LYVE1+IGF1+MP	1505.0	1000.0	0.03696304	1.9659427	0.18281718	0.810912	11.0	32.0	77.0	RheumatoidArthritis_noMHC
LYVE1+MP_cycling	1507.0	1000.0	0.004995005	3.058895	0.00999001	2.6860335	26.0	54.0	151.0	RheumatoidArthritis_noMHC
LYVE1+TIMD4+MP	1512.0	1000.0	0.000999001	3.5732749	0.014985015	2.4827847	30.0	85.0	194.0	RheumatoidArthritis_noMHC
MAIT-like	605.0	1000.0	0.000999001	8.417085	0.077922076	1.3644537	96.0	155.0	239.0	RheumatoidArthritis_noMHC
Mast	1504.0	1000.0	0.2967033	0.52280825	0.01998002	2.10283	5.0	7.0	23.0	RheumatoidArthritis_noMHC
Meso	871.0	1000.0	0.8221778	-0.8854257	0.1008991	1.3410734	0.0	1.0	3.0	RheumatoidArthritis_noMHC
MoMP	1505.0	1000.0	0.004995005	3.1802444	0.10689311	1.2929541	22.0	66.0	176.0	RheumatoidArthritis_noMHC
NC1_glial	1501.0	1000.0	0.984016	-1.8039982	0.34165835	0.27209178	0.0	0.0	2.0	RheumatoidArthritis_noMHC
NC2_glial_NGF+	727.0	1000.0	0.999001	-2.8790603	0.17382617	0.87321705	0.0	0.0	3.0	RheumatoidArthritis_noMHC
NC3_glial	20.0	1000.0	0.992008	-1.8921902	0.26973027	0.70254076	0.0	0.0	0.0	RheumatoidArthritis_noMHC
NC4_glial	13.0	1000.0	0.995005	-2.4541428	0.4115884	0.2821877	0.0	0.0	0.0	RheumatoidArthritis_noMHC
NC5_glial	86.0	1000.0	0.8651349	-1.0825733	0.28871128	0.5659362	0.0	0.0	1.0	RheumatoidArthritis_noMHC
NC6_schwann	18.0	1000.0	0.995005	-2.0346467	0.5264735	0.022171084	0.0	0.0	0.0	RheumatoidArthritis_noMHC
NK_CD16hi	1515.0	1000.0	0.000999001	6.1508203	0.07292707	1.5431293	196.0	348.0	574.0	RheumatoidArthritis_noMHC
NK_CD56hi	1505.0	1000.0	0.000999001	6.501938	0.061938062	1.9072514	157.0	286.0	493.0	RheumatoidArthritis_noMHC
Neut	126.0	1000.0	0.018981019	2.4839747	0.7422577	-0.5911542	3.0	9.0	21.0	RheumatoidArthritis_noMHC
PC1_vent	1515.0	1000.0	0.996004	-2.461647	0.3006993	0.3865285	0.0	0.0	2.0	RheumatoidArthritis_noMHC
PC2_atria	1504.0	1000.0	0.999001	-2.9025388	0.08691309	1.4144953	0.0	0.0	0.0	RheumatoidArthritis_noMHC
PC3_str	1508.0	1000.0	0.997003	-2.5644383	0.22477522	0.71445197	0.0	0.0	2.0	RheumatoidArthritis_noMHC
PC4_CMC-like	780.0	1000.0	0.999001	-2.8098986	0.2017982	0.8401196	0.0	0.0	2.0	RheumatoidArthritis_noMHC
Purkinje	110.0	1000.0	0.8251748	-0.89712167	0.28871128	0.61119515	0.0	0.0	0.0	RheumatoidArthritis_noMHC
SAN_P_cell	245.0	1000.0	0.8651349	-1.0419104	0.004995005	2.9780247	0.0	0.0	1.0	RheumatoidArthritis_noMHC
SMC1_basic	1501.0	1000.0	0.998002	-2.5083485	0.18881118	0.67320734	0.0	0.0	2.0	RheumatoidArthritis_noMHC
SMC2_art	1504.0	1000.0	0.977023	-1.6035788	0.12887113	1.2015291	0.0	0.0	2.0	RheumatoidArthritis_noMHC
T/NK_cycling	217.0	1000.0	0.000999001	6.6221323	0.08191808	1.4762802	51.0	82.0	105.0	RheumatoidArthritis_noMHC
aCM1	1501.0	1000.0	0.999001	-2.7129805	0.85014987	-0.9937379	0.0	0.0	3.0	RheumatoidArthritis_noMHC
aCM2	1503.0	1000.0	0.998002	-2.5801375	0.11588412	1.1466948	0.0	1.0	2.0	RheumatoidArthritis_noMHC
aCM3	1502.0	1000.0	0.998002	-2.6141815	0.3846154	0.25924426	0.0	0.0	3.0	RheumatoidArthritis_noMHC
aCM4	1501.0	1000.0	0.99000996	-1.8891721	0.33066934	0.29979694	1.0	1.0	6.0	RheumatoidArthritis_noMHC
aCM5	55.0	1000.0	0.999001	-2.7269738	0.7082917	-0.42330638	0.0	0.0	0.0	RheumatoidArthritis_noMHC
gdT	21.0	1000.0	0.000999001	5.099658	0.2977023	0.6351789	5.0	5.0	9.0	RheumatoidArthritis_noMHC
unclassified	1500.0	1000.0	0.000999001	8.754252	0.000999001	3.7776814	54.0	90.0	132.0	RheumatoidArthritis_noMHC
vCM1	1503.0	1000.0	0.995005	-2.358858	0.64735264	-0.38864797	0.0	0.0	0.0	RheumatoidArthritis_noMHC
vCM2	1505.0	1000.0	0.994006	-2.4444458	0.14085914	1.054342	0.0	0.0	0.0	RheumatoidArthritis_noMHC
vCM3_stressed	1505.0	1000.0	0.994006	-2.3834226	0.75924075	-0.70752835	0.0	0.0	2.0	RheumatoidArthritis_noMHC
vCM4	1504.0	1000.0	0.986014	-1.8878807	0.24975026	0.54780364	0.0	0.0	1.0	RheumatoidArthritis_noMHC
vCM5	233.0	1000.0	1.0	-3.1218956	0.85814184	-1.0576105	0.0	0.0	0.0	RheumatoidArthritis_noMHC
