trait	cell_state	rank	n_states	auc	z	n_cells	n_strata
AVblock	SAN_P_cell	1	75	0.8539701527084563	18.907254435705674	245	6
AVblock	aCM2	2	75	0.8415091357357298	43.410943071468544	1500	39
AVblock	vCM4	3	75	0.8368834991500449	42.54458580438778	1503	67
AVblock	vCM3_stressed	4	75	0.8242731809048044	40.42513253578783	1505	64
AVblock	vCM2	5	75	0.8190116510049438	40.44912562954442	1504	66
AVblock	vCM1	6	75	0.8167621285093187	40.80400570806541	1502	66
AVblock	Purkinje	7	75	0.8120660232726205	11.063194325898566	110	12
AVblock	aCM3	8	75	0.8078721233441432	38.44829830930043	1481	38
AVblock	aCM1	9	75	0.8024325862174891	36.41091538328041	1480	39
AVblock	aCM4	10	75	0.7964811506469238	38.218991578758676	1490	39
AVblock	vCM5	11	75	0.7924717697474932	15.29890181919914	233	46
AVblock	AVN_P_cell	12	75	0.7896329003939281	12.260407048452167	155	3
AVblock	aCM5	13	75	0.7757052190912143	7.050180776440187	55	16
AVblock	Meso	14	75	0.7619150272405639	25.685427421740023	871	45
AVblock	AVN_bundle_cell	15	75	0.6932962456658556	4.0503760905333985	37	3
AVblock	NC4_glial	16	75	0.6789680145429714	2.2284656035967316	13	9
AVblock	NC1_glial	17	75	0.6401321311486552	18.52223961305893	1499	108
AVblock	CD4+T_Th17	18	75	0.6327947143924402	1.2156397375903392	7	6
AVblock	NC5_glial	19	75	0.6261261291209795	3.9494042399279228	86	9
AVblock	NC3_glial	20	75	0.5476239247599589	0.7363774504036835	20	12
AVblock	SMC2_art	21	75	0.5317121274223299	4.138750119559221	1498	104
AVblock	LYVE1+MP_cycling	22	75	0.5159753020547808	2.1018054025422908	1507	97
AVblock	Neut	23	75	0.5073293944467889	0.2769087630614917	124	20
AVblock	NC6_schwann	24	75	0.5026774346508438	0.039237131606921716	18	9
AVblock	PC4_CMC-like	25	75	0.4981890968672656	-0.16944862368263666	780	75
AVblock	EC2_cap	26	75	0.4943884562328068	-0.7309737324978093	1504	106
AVblock	CD8+T_em	27	75	0.4888577980248516	-1.4613688033882173	1506	90
AVblock	EC1_cap	28	75	0.48856151116005725	-1.4856013766916412	1504	108
AVblock	B_plasma	29	75	0.48018153590671253	-1.315586430576701	374	57
AVblock	CD4+T_act	30	75	0.47958547441956817	-2.6892431410856887	1503	90
AVblock	EC3_cap	31	75	0.4792085145861738	-2.7013104963594574	1497	105
AVblock	CD8+T_trans	32	75	0.47740260058167844	-2.980412271002301	1504	94
AVblock	CD4+T_naive	33	75	0.476333447347488	-3.1171670145995733	1500	94
AVblock	EC4_immune	34	75	0.4757768405697144	-3.1421180258975987	1499	110
AVblock	CD4+T_reg	35	75	0.47274909254413394	-0.764461409393541	66	34
AVblock	MAIT-like	36	75	0.4610122113788113	-3.292637441197602	605	79
AVblock	NC2_glial_NGF+	37	75	0.4570967092023315	-3.9539611445017155	727	90
AVblock	NK_CD56hi	38	75	0.4559805496040709	-5.795286055520355	1505	85
AVblock	EC5_art	39	75	0.45257800070672183	-6.164296085162754	1497	109
AVblock	CD8+T_cytox	40	75	0.45230290921618443	-5.9275327734627	1383	96
AVblock	PC3_str	41	75	0.4517006787072229	-6.3213046917713385	1506	107
AVblock	CD8+T_te	42	75	0.4511025936974021	-6.371169881249961	1505	83
AVblock	T/NK_cycling	43	75	0.4500813113794134	-2.5241609696216902	217	33
AVblock	SMC1_basic	44	75	0.4484432294675179	-6.77798579703121	1498	109
AVblock	CD4+T_Th1	45	75	0.4479899722452408	-1.4816220346809263	68	26
AVblock	FB3	46	75	0.4451888154622976	-7.139294085680702	1506	104
AVblock	CD4+T_Tfh	47	75	0.4339995970937321	-2.0236005173453857	79	23
AVblock	PC1_vent	48	75	0.43206970952508605	-8.89723662140687	1514	104
AVblock	CD4+T_Th2	49	75	0.43090709307259345	-2.6122995143386447	120	34
AVblock	gdT	50	75	0.43066452753311046	-1.098822882854215	21	14
AVblock	NK_CD16hi	51	75	0.4295509225500917	-9.235004509786435	1514	96
AVblock	FB1	52	75	0.42930175790544906	-9.226949688948226	1516	104
AVblock	CD14+Mo	53	75	0.42798274257664615	-9.392976628855175	1503	89
AVblock	LYVE1+IGF1+MP	54	75	0.4249601463227119	-9.871122866443292	1504	104
AVblock	EC10_CMC-like	55	75	0.42168202879517797	-9.999985116114859	1512	103
AVblock	PC2_atria	56	75	0.4210411875243837	-10.37664249084854	1501	110
AVblock	FB5	57	75	0.41835321540576553	-10.740826206458916	1508	105
AVblock	ILC	58	75	0.4088062551499532	-4.112179128271691	171	57
AVblock	B	59	75	0.40827855479814545	-10.527736904038916	1183	79
AVblock	LYVE1+TIMD4+MP	60	75	0.40221719908127473	-12.815716607605482	1511	98
AVblock	MoMP	61	75	0.40194858802894196	-12.765016540458605	1505	103
AVblock	CD16+Mo	62	75	0.40135660963062414	-12.980545171546165	1500	105
AVblock	FB4_activated	63	75	0.3945766463337002	-13.653305904180186	1501	108
AVblock	FB2	64	75	0.39406268984613896	-13.788219032812565	1504	103
AVblock	FB6	65	75	0.38865349810243804	-14.502899064585172	1498	96
AVblock	Adip4	66	75	0.38652265689464643	-3.1071054984048456	63	19
AVblock	Adip3	67	75	0.3810220774522996	-8.025297310249469	392	43
AVblock	DC	68	75	0.3806293401492386	-12.671517635515395	964	93
AVblock	Adip1	69	75	0.3736305126094969	-16.549731608730838	1507	87
AVblock	EC9_FB-like	70	75	0.3730546265905094	-2.192403889519174	25	16
AVblock	EC6_ven	71	75	0.3709496980813071	-16.962554728360573	1497	109
AVblock	Mast	72	75	0.35784371854820035	-18.35304705587622	1504	74
AVblock	EC7_endocardial	73	75	0.352988107284458	-18.9118305602902	1504	84
AVblock	EC8_ln	74	75	0.30909256762925236	-22.109652268190718	1175	84
AVblock	Adip2	75	75	0.23062998979053045	-34.0606081114673	1507	69
AVblock_lenadj	SAN_P_cell	1	75	0.849754246142376	18.682062516239817	245	6
AVblock_lenadj	vCM4	2	75	0.8332303015877508	42.08322816134048	1503	67
AVblock_lenadj	aCM2	3	75	0.8304606436567558	42.00651370054515	1500	39
AVblock_lenadj	vCM3_stressed	4	75	0.8202518915690322	39.923823257266136	1505	64
AVblock_lenadj	vCM1	5	75	0.8135617203114538	40.39174217457935	1502	66
AVblock_lenadj	vCM2	6	75	0.8114879094498066	39.495151796898334	1504	66
AVblock_lenadj	Purkinje	7	75	0.7963051526979934	10.504448544849183	110	12
AVblock_lenadj	aCM3	8	75	0.7940117718536829	36.71736235125239	1481	38
AVblock_lenadj	aCM1	9	75	0.7900027788365663	34.914447458187844	1480	39
AVblock_lenadj	aCM4	10	75	0.7880876122421809	37.13699168464438	1490	39
AVblock_lenadj	AVN_P_cell	11	75	0.785895004956866	12.102178754979288	155	3
AVblock_lenadj	vCM5	12	75	0.7858123974656271	14.950556805231718	233	46
AVblock_lenadj	Meso	13	75	0.7719211559560266	26.66670633345952	871	45
AVblock_lenadj	aCM5	14	75	0.7634386033515242	6.736505689820483	55	16
AVblock_lenadj	AVN_bundle_cell	15	75	0.6898266844979767	3.977674070115931	37	3
AVblock_lenadj	NC4_glial	16	75	0.6714096137660391	2.1343502601784916	13	9
AVblock_lenadj	CD4+T_Th17	17	75	0.6465742386834225	1.3417813341881242	7	6
AVblock_lenadj	NC1_glial	18	75	0.643243498871343	18.93349075162062	1499	108
AVblock_lenadj	NC5_glial	19	75	0.626936340471616	3.9747744956056477	86	9
AVblock_lenadj	NC3_glial	20	75	0.5462659189679607	0.7153794993153292	20	12
AVblock_lenadj	SMC2_art	21	75	0.5424559677159841	5.540928841525889	1498	104
AVblock_lenadj	LYVE1+MP_cycling	22	75	0.5082709982850147	1.088181545503833	1507	97
AVblock_lenadj	NC6_schwann	23	75	0.5014545486804595	0.021316045187461045	18	9
AVblock_lenadj	PC4_CMC-like	24	75	0.5012791193215593	0.11968890254049003	780	75
AVblock_lenadj	EC2_cap	25	75	0.4969693276722091	-0.39478296086272874	1504	106
AVblock_lenadj	CD8+T_em	26	75	0.49259501776890025	-0.9712092857685608	1506	90
AVblock_lenadj	EC1_cap	27	75	0.4898502631537718	-1.3182215975208984	1504	108
AVblock_lenadj	CD4+T_act	28	75	0.48551963335995524	-1.907525429073566	1503	90
AVblock_lenadj	EC3_cap	29	75	0.4854795900354786	-1.8865480300181174	1497	105
AVblock_lenadj	B_plasma	30	75	0.48238860261534483	-1.1690772460310832	374	57
AVblock_lenadj	CD8+T_trans	31	75	0.48201079061284413	-2.3726296734675913	1504	94
AVblock_lenadj	CD4+T_naive	32	75	0.4808346500288737	-2.5243049813978957	1500	94
AVblock_lenadj	CD4+T_reg	33	75	0.4782276836365783	-0.6107721616206454	66	34
AVblock_lenadj	EC4_immune	34	75	0.47668852311583315	-3.0238587141715727	1499	110
AVblock_lenadj	T/NK_cycling	35	75	0.4692153694459456	-1.5566387069856094	217	33
AVblock_lenadj	Neut	36	75	0.46868630228555785	-1.1830496180740024	124	20
AVblock_lenadj	MAIT-like	37	75	0.46513254699963863	-2.944662554310495	605	79
AVblock_lenadj	CD8+T_cytox	38	75	0.46216281753515714	-4.702197459639354	1383	96
AVblock_lenadj	PC3_str	39	75	0.4601242117965334	-5.218851948885494	1506	107
AVblock_lenadj	SMC1_basic	40	75	0.45959449169551697	-5.31196889527962	1498	109
AVblock_lenadj	EC5_art	41	75	0.4590920882874737	-5.317542148786078	1497	109
AVblock_lenadj	CD8+T_te	42	75	0.4575206170518862	-5.534922722449724	1505	83
AVblock_lenadj	NC2_glial_NGF+	43	75	0.45666146223312304	-3.9940734429412132	727	90
AVblock_lenadj	NK_CD56hi	44	75	0.45650910889212976	-5.7256997193881976	1505	85
AVblock_lenadj	FB3	45	75	0.4496004955198793	-6.564661707113111	1506	104
AVblock_lenadj	CD4+T_Th1	46	75	0.4466754163778517	-1.5190701004294507	68	26
AVblock_lenadj	gdT	47	75	0.4439257876952218	-0.8886595190930517	21	14
AVblock_lenadj	PC1_vent	48	75	0.44073650574968276	-7.7620944599255175	1514	104
AVblock_lenadj	CD4+T_Tfh	49	75	0.4376746745254082	-1.9109210750306818	79	23
AVblock_lenadj	CD4+T_Th2	50	75	0.43591884629553646	-2.422812617745414	120	34
AVblock_lenadj	NK_CD16hi	51	75	0.4337651486851203	-8.682571479135031	1514	96
AVblock_lenadj	PC2_atria	52	75	0.43031785093223957	-9.157518029966068	1501	110
AVblock_lenadj	FB1	53	75	0.4258899674681015	-9.672228351924522	1516	104
AVblock_lenadj	EC10_CMC-like	54	75	0.42422117668605075	-9.675775477819489	1512	103
AVblock_lenadj	LYVE1+IGF1+MP	55	75	0.4198627201795516	-10.541664149454688	1504	104
AVblock_lenadj	FB5	56	75	0.4164999400455651	-10.98462893127598	1508	105
AVblock_lenadj	ILC	57	75	0.41320828899385803	-3.9136792012797987	171	57
AVblock_lenadj	CD14+Mo	58	75	0.4108629138846934	-11.625860197972704	1503	89
AVblock_lenadj	B	59	75	0.409650085774734	-10.370313334823583	1183	79
AVblock_lenadj	FB4_activated	60	75	0.4022601509739292	-12.658220511608693	1501	108
AVblock_lenadj	LYVE1+TIMD4+MP	61	75	0.3933584105579435	-13.976776856800884	1511	98
AVblock_lenadj	FB2	62	75	0.3929178076264941	-13.937230620782005	1504	103
AVblock_lenadj	MoMP	63	75	0.3914258246866742	-14.134943249469456	1505	103
AVblock_lenadj	FB6	64	75	0.38956278801463157	-14.384463913123296	1498	96
AVblock_lenadj	CD16+Mo	65	75	0.38896912872766604	-14.610621498205262	1500	105
AVblock_lenadj	Adip4	66	75	0.3879793883656645	-3.067218960357355	63	19
AVblock_lenadj	Adip3	67	75	0.3844797854271822	-7.79206803614336	392	43
AVblock_lenadj	EC9_FB-like	68	75	0.3786570486501403	-2.0956475321634613	25	16
AVblock_lenadj	Adip1	69	75	0.3780463397929866	-15.971421478442352	1507	87
AVblock_lenadj	EC6_ven	70	75	0.3752851037510857	-16.39270285781169	1497	109
AVblock_lenadj	DC	71	75	0.3710261329956294	-13.690923986762865	964	93
AVblock_lenadj	Mast	72	75	0.3608488948107813	-17.96506461292627	1504	74
AVblock_lenadj	EC7_endocardial	73	75	0.348594736476789	-19.47700037593176	1504	84
AVblock_lenadj	EC8_ln	74	75	0.29845393000481313	-23.34174981181514	1175	84
AVblock_lenadj	Adip2	75	75	0.23536551641405556	-33.46182238769694	1507	69
AtrialFibrillation	vCM4	1	75	0.9321533759384452	54.5760965724242	1503	67
AtrialFibrillation	SAN_P_cell	2	75	0.9243543412031078	22.666813680846662	245	6
AtrialFibrillation	vCM3_stressed	3	75	0.9122967637281862	51.39848837107883	1505	64
AtrialFibrillation	aCM2	4	75	0.8996547745300533	50.80212752724197	1500	39
AtrialFibrillation	Purkinje	5	75	0.895995237087176	14.03860700400086	110	12
AtrialFibrillation	aCM4	6	75	0.8897484858850401	50.2419599605964	1490	39
AtrialFibrillation	vCM2	7	75	0.8885766323538328	49.26962689065525	1504	66
AtrialFibrillation	AVN_P_cell	8	75	0.886883488844651	16.377107183297632	155	3
AtrialFibrillation	aCM3	9	75	0.8852001111792491	48.10532575188805	1481	38
AtrialFibrillation	vCM1	10	75	0.8831700243161115	49.358400049058375	1502	66
AtrialFibrillation	vCM5	11	75	0.8687070995521173	19.286694647348508	233	46
AtrialFibrillation	aCM1	12	75	0.8682241726650236	44.331794270816204	1480	39
AtrialFibrillation	aCM5	13	75	0.8524678712362028	9.013112694396067	55	16
AtrialFibrillation	AVN_bundle_cell	14	75	0.7557526932967097	5.359103537940563	37	3
AtrialFibrillation	NC4_glial	15	75	0.7265987873270245	2.821552245883351	13	9
AtrialFibrillation	SMC2_art	16	75	0.6675598839965536	21.868242413649963	1498	104
AtrialFibrillation	SMC1_basic	17	75	0.6621211318968407	21.31349031458637	1498	109
AtrialFibrillation	Neut	18	75	0.6037108744847955	3.9182568461970653	124	20
AtrialFibrillation	NC5_glial	19	75	0.5630722422781282	1.9749895030558493	86	9
AtrialFibrillation	B	20	75	0.562553767250083	7.1798869121181355	1183	79
AtrialFibrillation	PC4_CMC-like	21	75	0.5588533813252319	5.50698945976783	780	75
AtrialFibrillation	NC1_glial	22	75	0.5551328064085324	7.287286951740833	1499	108
AtrialFibrillation	PC3_str	23	75	0.5120497815823287	1.5770478510344017	1506	107
AtrialFibrillation	NC3_glial	24	75	0.4978289158547036	-0.03357004731515474	20	12
AtrialFibrillation	EC4_immune	25	75	0.48792240269088116	-1.566650969859324	1499	110
AtrialFibrillation	CD4+T_act	26	75	0.47601178799903604	-3.1600114504908134	1503	90
AtrialFibrillation	CD4+T_Th1	27	75	0.4753924024486721	-0.701002485992168	68	26
AtrialFibrillation	CD4+T_naive	28	75	0.474669818458013	-3.336286764524638	1500	94
AtrialFibrillation	Adip4	29	75	0.4728677411938298	-0.7429041623095398	63	19
AtrialFibrillation	PC2_atria	30	75	0.47197484800765355	-3.68302123421723	1501	110
AtrialFibrillation	EC10_CMC-like	31	75	0.4697197772800721	-3.866312825188164	1512	103
AtrialFibrillation	EC1_cap	32	75	0.46587488671581057	-4.432081543649399	1504	108
AtrialFibrillation	PC1_vent	33	75	0.46384755439846326	-4.735102127646553	1514	104
AtrialFibrillation	CD4+T_reg	34	75	0.45443948324922384	-1.2780953039602012	66	34
AtrialFibrillation	CD4+T_Tfh	35	75	0.4526406182944883	-1.4520588526790597	79	23
AtrialFibrillation	EC9_FB-like	36	75	0.4448630842548139	-0.9522394183355057	25	16
AtrialFibrillation	NK_CD16hi	37	75	0.44474981529102453	-7.242617269427253	1514	96
AtrialFibrillation	EC5_art	38	75	0.4445453778716854	-7.208441550000244	1497	109
AtrialFibrillation	MAIT-like	39	75	0.4442452319149514	-4.708659901329959	605	79
AtrialFibrillation	CD8+T_trans	40	75	0.4415896165685963	-7.703852125203351	1504	94
AtrialFibrillation	LYVE1+IGF1+MP	41	75	0.4362655369065069	-8.383954461428806	1504	104
AtrialFibrillation	Meso	42	75	0.4360726690509875	-6.269211952654677	871	45
AtrialFibrillation	CD8+T_em	43	75	0.4339250152946497	-8.666143509884254	1506	90
AtrialFibrillation	gdT	44	75	0.4326927629452441	-1.066679574337324	21	14
AtrialFibrillation	EC3_cap	45	75	0.4291233484534476	-9.208569708164902	1497	105
AtrialFibrillation	B_plasma	46	75	0.42840182272344784	-4.752819897428916	374	57
AtrialFibrillation	CD8+T_te	47	75	0.41772673819326994	-10.71993316805804	1505	83
AtrialFibrillation	ILC	48	75	0.4172968466455241	-3.729314786071688	171	57
AtrialFibrillation	CD4+T_Th2	49	75	0.41411372564709964	-3.2472316299582595	120	34
AtrialFibrillation	NK_CD56hi	50	75	0.4107021814417858	-11.756312221623388	1505	85
AtrialFibrillation	CD8+T_cytox	51	75	0.4089436305778863	-11.315986050982593	1383	96
AtrialFibrillation	EC2_cap	52	75	0.40849424840971754	-11.919768170751762	1504	106
AtrialFibrillation	CD14+Mo	53	75	0.4079393462334704	-12.007171616975826	1503	89
AtrialFibrillation	Mast	54	75	0.40650739505017786	-12.070336678033646	1504	74
AtrialFibrillation	NC6_schwann	55	75	0.4043357274864522	-1.4019358603249155	18	9
AtrialFibrillation	FB4_activated	56	75	0.3980103436752901	-13.208610127042498	1501	108
AtrialFibrillation	T/NK_cycling	57	75	0.3866506578498877	-5.731560529609236	217	33
AtrialFibrillation	MoMP	58	75	0.38477411522206834	-15.00090917113391	1505	103
AtrialFibrillation	EC6_ven	59	75	0.3804617296838596	-15.71227980271296	1497	109
AtrialFibrillation	NC2_glial_NGF+	60	75	0.37760177560075403	-11.280202857001415	727	90
AtrialFibrillation	LYVE1+TIMD4+MP	61	75	0.37734367828013377	-16.075717248063263	1511	98
AtrialFibrillation	FB3	62	75	0.37557786534850696	-16.206294710419133	1506	104
AtrialFibrillation	Adip1	63	75	0.3677932246922712	-17.314200550940342	1507	87
AtrialFibrillation	LYVE1+MP_cycling	64	75	0.36601782728767945	-17.627488574892833	1507	97
AtrialFibrillation	CD16+Mo	65	75	0.36486473105168143	-17.782534200053853	1500	105
AtrialFibrillation	FB2	66	75	0.34970377450294654	-19.561732065393898	1504	103
AtrialFibrillation	FB5	67	75	0.3483844803044875	-19.945377583999154	1508	105
AtrialFibrillation	FB1	68	75	0.3470639027573968	-19.95995420924828	1516	104
AtrialFibrillation	EC7_endocardial	69	75	0.339228557979817	-20.681879637468157	1504	84
AtrialFibrillation	FB6	70	75	0.32678289452024406	-22.561554734280442	1498	96
AtrialFibrillation	DC	71	75	0.32646099955811236	-18.4216331492036	964	93
AtrialFibrillation	Adip3	72	75	0.3224170227310785	-11.97832471188929	392	43
AtrialFibrillation	EC8_ln	73	75	0.3058805569947295	-22.481646366739565	1175	84
AtrialFibrillation	CD4+T_Th17	74	75	0.2738871786436559	-2.069899634763515	7	6
AtrialFibrillation	Adip2	75	75	0.15513090260518791	-43.607123031200764	1507	69
AtrialFibrillation_lenadj	vCM4	1	75	0.9366894176271888	55.148947469918234	1503	67
AtrialFibrillation_lenadj	SAN_P_cell	2	75	0.9200366177381704	22.43618322935255	245	6
AtrialFibrillation_lenadj	vCM3_stressed	3	75	0.913945663398812	51.60404649814094	1505	64
AtrialFibrillation_lenadj	aCM4	4	75	0.9016895425135639	51.78126571993803	1490	39
AtrialFibrillation_lenadj	Purkinje	5	75	0.8985930599015106	14.130703600476961	110	12
AtrialFibrillation_lenadj	aCM2	6	75	0.8908429170919092	49.68200802948076	1500	39
AtrialFibrillation_lenadj	vCM2	7	75	0.8900459255290746	49.45592611842566	1504	66
AtrialFibrillation_lenadj	vCM1	8	75	0.8821029442584606	49.22094314735028	1502	66
AtrialFibrillation_lenadj	AVN_P_cell	9	75	0.8817434337633837	16.15952427934546	155	3
AtrialFibrillation_lenadj	aCM3	10	75	0.8801997818357484	47.480864686185186	1481	38
AtrialFibrillation_lenadj	vCM5	11	75	0.8697567408716622	19.34160032083268	233	46
AtrialFibrillation_lenadj	aCM1	12	75	0.8587526548242966	43.191485156103454	1480	39
AtrialFibrillation_lenadj	aCM5	13	75	0.8586474861308366	9.1711343752317	55	16
AtrialFibrillation_lenadj	AVN_bundle_cell	14	75	0.751489716890664	5.26977610351432	37	3
AtrialFibrillation_lenadj	NC4_glial	15	75	0.6879879196874532	2.340779239156212	13	9
AtrialFibrillation_lenadj	SMC2_art	16	75	0.6749686652776207	22.835162545006803	1498	104
AtrialFibrillation_lenadj	SMC1_basic	17	75	0.6579856546698133	20.76981378831757	1498	109
AtrialFibrillation_lenadj	Neut	18	75	0.5648682338713124	2.4507594090747444	124	20
AtrialFibrillation_lenadj	PC4_CMC-like	19	75	0.5530445112655036	4.963445733447213	780	75
AtrialFibrillation_lenadj	B	20	75	0.5328226564883445	3.76736641295259	1183	79
AtrialFibrillation_lenadj	NC5_glial	21	75	0.5268062524436639	0.8393877445968058	86	9
AtrialFibrillation_lenadj	NC1_glial	22	75	0.5175255445740713	2.3164732691172385	1499	108
AtrialFibrillation_lenadj	PC3_str	23	75	0.513730615542533	1.7970315550355314	1506	107
AtrialFibrillation_lenadj	EC4_immune	24	75	0.5099199558745852	1.2867715402422748	1499	110
AtrialFibrillation_lenadj	NC3_glial	25	75	0.4989604531224217	-0.016073830183980287	20	12
AtrialFibrillation_lenadj	EC10_CMC-like	26	75	0.4927451571324799	-0.9263304396026856	1512	103
AtrialFibrillation_lenadj	Adip4	27	75	0.4901716138421396	-0.26910951416251033	63	19
AtrialFibrillation_lenadj	EC1_cap	28	75	0.4850766130079687	-1.9382109446875402	1504	108
AtrialFibrillation_lenadj	CD4+T_act	29	75	0.4800589752936647	-2.6268679968313857	1503	90
AtrialFibrillation_lenadj	CD4+T_Th1	30	75	0.47936687690063573	-0.5877806866869927	68	26
AtrialFibrillation_lenadj	EC5_art	31	75	0.4754578841900411	-3.190183262273048	1497	109
AtrialFibrillation_lenadj	PC2_atria	32	75	0.47285374737100777	-3.56751766731926	1501	110
AtrialFibrillation_lenadj	CD4+T_naive	33	75	0.4716417204400449	-3.7351233588176873	1500	94
AtrialFibrillation_lenadj	EC3_cap	34	75	0.4713628470667553	-3.72065007692918	1497	105
AtrialFibrillation_lenadj	CD4+T_Tfh	35	75	0.4590916539878683	-1.2542673454805917	79	23
AtrialFibrillation_lenadj	NK_CD16hi	36	75	0.4585940003821663	-5.427815480973505	1514	96
AtrialFibrillation_lenadj	PC1_vent	37	75	0.45827187846237466	-5.465381768449588	1514	104
AtrialFibrillation_lenadj	CD8+T_trans	38	75	0.4490357519448519	-6.72176773415865	1504	94
AtrialFibrillation_lenadj	CD4+T_reg	39	75	0.44792638819400216	-1.4608051764109702	66	34
AtrialFibrillation_lenadj	MAIT-like	40	75	0.4466545892534576	-4.505182339186875	605	79
AtrialFibrillation_lenadj	B_plasma	41	75	0.44420622068249155	-3.703694627151567	374	57
AtrialFibrillation_lenadj	CD8+T_em	42	75	0.43999870849075173	-7.869541027005948	1506	90
AtrialFibrillation_lenadj	EC9_FB-like	43	75	0.4373088169075799	-1.0827050246803644	25	16
AtrialFibrillation_lenadj	CD8+T_te	44	75	0.43403991971815536	-8.594379715273146	1505	83
AtrialFibrillation_lenadj	EC2_cap	45	75	0.433793915630771	-8.62417021290544	1504	106
AtrialFibrillation_lenadj	gdT	46	75	0.42898134758371187	-1.1254977806887076	21	14
AtrialFibrillation_lenadj	T/NK_cycling	47	75	0.425020243636734	-3.791385145599509	217	33
AtrialFibrillation_lenadj	NC6_schwann	48	75	0.4212029774264374	-1.1547505534740239	18	9
AtrialFibrillation_lenadj	Meso	49	75	0.4211785433282491	-7.729845919678987	871	45
AtrialFibrillation_lenadj	NK_CD56hi	50	75	0.4201587423188987	-10.511329040520785	1505	85
AtrialFibrillation_lenadj	CD8+T_cytox	51	75	0.41799800860539144	-10.190757622594493	1383	96
AtrialFibrillation_lenadj	ILC	52	75	0.4179350777238096	-3.700535174888313	171	57
AtrialFibrillation_lenadj	LYVE1+IGF1+MP	53	75	0.41513889458607506	-11.163060121698841	1504	104
AtrialFibrillation_lenadj	CD4+T_Th2	54	75	0.4147144233503218	-3.224520147865894	120	34
AtrialFibrillation_lenadj	EC6_ven	55	75	0.4020523624030385	-12.87437641408127	1497	109
AtrialFibrillation_lenadj	Mast	56	75	0.39946184056918915	-12.979951023623922	1504	74
AtrialFibrillation_lenadj	FB4_activated	57	75	0.39515712608263853	-13.578128371804173	1501	108
AtrialFibrillation_lenadj	Adip1	58	75	0.3838850748667497	-15.206763012220543	1507	87
AtrialFibrillation_lenadj	CD14+Mo	59	75	0.37126257366896726	-16.790803760797242	1503	89
AtrialFibrillation_lenadj	FB3	60	75	0.3701995595300413	-16.9068325156976	1506	104
AtrialFibrillation_lenadj	MoMP	61	75	0.3696233491815376	-16.97334154329677	1505	103
AtrialFibrillation_lenadj	LYVE1+TIMD4+MP	62	75	0.3625519579829162	-18.014365902908708	1511	98
AtrialFibrillation_lenadj	LYVE1+MP_cycling	63	75	0.3538970131778412	-19.222174703011767	1507	97
AtrialFibrillation_lenadj	NC2_glial_NGF+	64	75	0.34923418718312815	-13.89455574884545	727	90
AtrialFibrillation_lenadj	EC7_endocardial	65	75	0.3481288427922278	-19.536933638872476	1504	84
AtrialFibrillation_lenadj	CD16+Mo	66	75	0.3443215913073365	-20.48581875280827	1500	105
AtrialFibrillation_lenadj	FB5	67	75	0.34104780644787225	-20.910534255128358	1508	105
AtrialFibrillation_lenadj	FB2	68	75	0.3362640337681283	-21.310974978270824	1504	103
AtrialFibrillation_lenadj	Adip3	69	75	0.33465190925848937	-11.153057302296785	392	43
AtrialFibrillation_lenadj	FB1	70	75	0.33011887720640076	-22.17147876212019	1516	104
AtrialFibrillation_lenadj	FB6	71	75	0.31717213594570126	-23.813357522561315	1498	96
AtrialFibrillation_lenadj	DC	72	75	0.3126141819796897	-19.891510197383695	964	93
AtrialFibrillation_lenadj	EC8_ln	73	75	0.31085832647443545	-21.905153608438887	1175	84
AtrialFibrillation_lenadj	CD4+T_Th17	74	75	0.28828334194263733	-1.9381131532371265	7	6
AtrialFibrillation_lenadj	Adip2	75	75	0.16164695379461597	-42.78319810420245	1507	69
AtrialFlutter	vCM4	1	75	0.9069962385321908	51.39903389742374	1503	67
AtrialFlutter	SAN_P_cell	2	75	0.8923824042588213	20.95903820321804	245	6
AtrialFlutter	AVN_P_cell	3	75	0.8901049207494713	16.5134731361236	155	3
AtrialFlutter	aCM4	4	75	0.8876300397402825	49.96887388011588	1490	39
AtrialFlutter	vCM3_stressed	5	75	0.8741586777296098	46.64404899113418	1505	64
AtrialFlutter	Purkinje	6	75	0.8717095108011275	13.177642691287387	110	12
AtrialFlutter	aCM2	7	75	0.8670006559222343	46.651298352850745	1500	39
AtrialFlutter	vCM2	8	75	0.8562902431892848	45.175869790163254	1504	66
AtrialFlutter	aCM3	9	75	0.849328809157447	43.62557452954174	1481	38
AtrialFlutter	vCM1	10	75	0.8472205253859468	44.72753219104859	1502	66
AtrialFlutter	vCM5	11	75	0.8323695722482571	17.38591542665932	233	46
AtrialFlutter	aCM5	12	75	0.8321792518570452	8.494303384949786	55	16
AtrialFlutter	aCM1	13	75	0.8237920988068218	38.98246170785215	1480	39
AtrialFlutter	AVN_bundle_cell	14	75	0.7474466651842585	5.185057024217131	37	3
AtrialFlutter	SMC1_basic	15	75	0.6789698124963283	23.528526606087485	1498	109
AtrialFlutter	NC4_glial	16	75	0.6667914478134587	2.076845996060078	13	9
AtrialFlutter	NC3_glial	17	75	0.6645970509635576	2.5450560268484335	20	12
AtrialFlutter	SMC2_art	18	75	0.6584870414305719	20.68414562460076	1498	104
AtrialFlutter	NC5_glial	19	75	0.622579545123087	3.8383495839565014	86	9
AtrialFlutter	NC1_glial	20	75	0.5962084879047781	12.71654581412169	1499	108
AtrialFlutter	PC4_CMC-like	21	75	0.565285260834759	6.108829012022694	780	75
AtrialFlutter	PC3_str	22	75	0.5492956741429869	6.451705073766613	1506	107
AtrialFlutter	T/NK_cycling	23	75	0.5261228650490949	1.3209144349282174	217	33
AtrialFlutter	Meso	24	75	0.5253748128161005	2.4884517692433086	871	45
AtrialFlutter	PC2_atria	25	75	0.5178103850001173	2.340612681170438	1501	110
AtrialFlutter	Adip4	26	75	0.5096642163352538	0.2646144057599491	63	19
AtrialFlutter	EC4_immune	27	75	0.4940172325858427	-0.7760573673669329	1499	110
AtrialFlutter	PC1_vent	28	75	0.4913859726028548	-1.1282307123945996	1514	104
AtrialFlutter	EC3_cap	29	75	0.4859423755130271	-1.8264211442674017	1497	105
AtrialFlutter	EC1_cap	30	75	0.48589171027429656	-1.8323482177191417	1504	108
AtrialFlutter	LYVE1+MP_cycling	31	75	0.4818696855140335	-2.3853316078609903	1507	97
AtrialFlutter	EC5_art	32	75	0.4750625973737645	-3.2415658486338805	1497	109
AtrialFlutter	B_plasma	33	75	0.4673841100455122	-2.16510331190803	374	57
AtrialFlutter	EC2_cap	34	75	0.4637533681002112	-4.7215769687414735	1504	106
AtrialFlutter	EC6_ven	35	75	0.4593004323582016	-5.349608898858524	1497	109
AtrialFlutter	Neut	36	75	0.45344480653906216	-1.7588821462602884	124	20
AtrialFlutter	EC10_CMC-like	37	75	0.4480237638324353	-6.63655582583982	1512	103
AtrialFlutter	CD4+T_reg	38	75	0.43273614420759543	-1.886932465775072	66	34
AtrialFlutter	LYVE1+IGF1+MP	39	75	0.4318052116991669	-8.970688256717063	1504	104
AtrialFlutter	EC9_FB-like	40	75	0.4222308668293604	-1.3431080272445592	25	16
AtrialFlutter	NC2_glial_NGF+	41	75	0.4168872054711169	-7.65966325818574	727	90
AtrialFlutter	CD16+Mo	42	75	0.4159080342767638	-11.065714140067309	1500	105
AtrialFlutter	EC8_ln	43	75	0.41535465132317134	-9.803071583561888	1175	84
AtrialFlutter	CD8+T_em	44	75	0.4151850825189267	-11.124001767804492	1506	90
AtrialFlutter	LYVE1+TIMD4+MP	45	75	0.4098168805150255	-11.819678831555432	1511	98
AtrialFlutter	CD4+T_naive	46	75	0.40954242434823346	-11.914340680809056	1500	94
AtrialFlutter	CD4+T_Th1	47	75	0.40836611650820487	-2.6103962402212932	68	26
AtrialFlutter	CD8+T_trans	48	75	0.40818767550258467	-12.109295122671597	1504	94
AtrialFlutter	CD4+T_act	49	75	0.40615553444144714	-12.362304690249434	1503	90
AtrialFlutter	MoMP	50	75	0.4037973754238442	-12.524328505464412	1505	103
AtrialFlutter	CD14+Mo	51	75	0.39982128417440466	-13.065984045004711	1503	89
AtrialFlutter	MAIT-like	52	75	0.3925911398775942	-9.071005226574586	605	79
AtrialFlutter	NK_CD56hi	53	75	0.3917981005640675	-14.245088326679028	1505	85
AtrialFlutter	NK_CD16hi	54	75	0.391157626212019	-14.267891776192055	1514	96
AtrialFlutter	CD8+T_te	55	75	0.39097733110866434	-14.205292201297372	1505	83
AtrialFlutter	FB3	56	75	0.3861368504041852	-14.830960457116477	1506	104
AtrialFlutter	EC7_endocardial	57	75	0.38507684384766844	-14.783887320001119	1504	84
AtrialFlutter	B	58	75	0.3781509214162734	-13.985770050896411	1183	79
AtrialFlutter	ILC	59	75	0.3766833610895317	-5.56068960135464	171	57
AtrialFlutter	FB5	60	75	0.3765558818845271	-16.23936356437373	1508	105
AtrialFlutter	CD4+T_Tfh	61	75	0.37354226482761743	-3.877248123478602	79	23
AtrialFlutter	Mast	62	75	0.3726241059480779	-16.444829264276155	1504	74
AtrialFlutter	DC	63	75	0.36779181113391674	-14.034255979405469	964	93
AtrialFlutter	CD4+T_Th2	64	75	0.36603327278951736	-5.065081670353988	120	34
AtrialFlutter	FB2	65	75	0.3646039487077672	-17.622407145167543	1504	103
AtrialFlutter	FB4_activated	66	75	0.3630147213099242	-17.74086907010293	1501	108
AtrialFlutter	CD8+T_cytox	67	75	0.3562721868197115	-17.861704122494753	1383	96
AtrialFlutter	Adip1	68	75	0.35419987548934556	-19.094426819303607	1507	87
AtrialFlutter	CD4+T_Th17	69	75	0.3503460654110075	-1.3699737267817138	7	6
AtrialFlutter	gdT	70	75	0.33463854338981364	-2.620634806406601	21	14
AtrialFlutter	FB1	71	75	0.31819875020488214	-23.727195126068683	1516	104
AtrialFlutter	NC6_schwann	72	75	0.30663245873945144	-2.8337526977757483	18	9
AtrialFlutter	Adip3	73	75	0.29789418149379177	-13.632439085439305	392	43
AtrialFlutter	FB6	74	75	0.29097319083738055	-27.225774168161404	1498	96
AtrialFlutter	Adip2	75	75	0.18355322481663758	-40.01325013603611	1507	69
AtrialFlutter_lenadj	vCM4	1	75	0.9116408042185284	51.98559015163342	1503	67
AtrialFlutter_lenadj	SAN_P_cell	2	75	0.8960630676860031	21.155640203068685	245	6
AtrialFlutter_lenadj	aCM4	3	75	0.8926456184840071	50.61542547825534	1490	39
AtrialFlutter_lenadj	AVN_P_cell	4	75	0.890709111581312	16.539049047987323	155	3
AtrialFlutter_lenadj	vCM3_stressed	5	75	0.8774059722746028	47.048869124571695	1505	64
AtrialFlutter_lenadj	Purkinje	6	75	0.8766333738592181	13.352200796891154	110	12
AtrialFlutter_lenadj	aCM2	7	75	0.871559566739731	47.23080442533071	1500	39
AtrialFlutter_lenadj	vCM2	8	75	0.863401734062095	46.07757224153607	1504	66
AtrialFlutter_lenadj	aCM3	9	75	0.8514954588887513	43.8961543868413	1481	38
AtrialFlutter_lenadj	vCM1	10	75	0.8511082328698403	45.22833081590517	1502	66
AtrialFlutter_lenadj	vCM5	11	75	0.8390222988935133	17.733912814111857	233	46
AtrialFlutter_lenadj	aCM5	12	75	0.834618904240207	8.556688821067603	55	16
AtrialFlutter_lenadj	aCM1	13	75	0.8286926146707677	39.572451929105085	1480	39
AtrialFlutter_lenadj	AVN_bundle_cell	14	75	0.7440870019779389	5.114657832157054	37	3
AtrialFlutter_lenadj	SMC1_basic	15	75	0.678696704716601	23.492622094751116	1498	109
AtrialFlutter_lenadj	NC4_glial	16	75	0.6760311590676016	2.191896603117459	13	9
AtrialFlutter_lenadj	NC3_glial	17	75	0.6646676812200217	2.546148136086354	20	12
AtrialFlutter_lenadj	SMC2_art	18	75	0.6606462451017016	20.9659433208899	1498	104
AtrialFlutter_lenadj	NC5_glial	19	75	0.6302976552695901	4.080027792502744	86	9
AtrialFlutter_lenadj	NC1_glial	20	75	0.5998716387883714	13.200729975516628	1499	108
AtrialFlutter_lenadj	PC4_CMC-like	21	75	0.5578524448711895	5.413330499514609	780	75
AtrialFlutter_lenadj	PC3_str	22	75	0.5494495637824123	6.47184579777008	1506	107
AtrialFlutter_lenadj	T/NK_cycling	23	75	0.5448346655403064	2.2670850531160056	217	33
AtrialFlutter_lenadj	Meso	24	75	0.5177680194714656	1.7424703705267721	871	45
AtrialFlutter_lenadj	PC2_atria	25	75	0.5144720909188703	1.901899342857314	1501	110
AtrialFlutter_lenadj	Adip4	26	75	0.5034000471825572	0.09309616357471	63	19
AtrialFlutter_lenadj	EC4_immune	27	75	0.5010964653496862	0.14222849624290268	1499	110
AtrialFlutter_lenadj	EC3_cap	28	75	0.49640757301137345	-0.46674205996506646	1497	105
AtrialFlutter_lenadj	EC1_cap	29	75	0.4884401395155776	-1.5013648122864198	1504	108
AtrialFlutter_lenadj	PC1_vent	30	75	0.4835869600352495	-2.149714055718947	1514	104
AtrialFlutter_lenadj	EC5_art	31	75	0.48093512712310316	-2.4782068025512	1497	109
AtrialFlutter_lenadj	LYVE1+MP_cycling	32	75	0.4789956888205169	-2.763451643188523	1507	97
AtrialFlutter_lenadj	EC2_cap	33	75	0.47236128554006246	-3.600288104021664	1504	106
AtrialFlutter_lenadj	B_plasma	34	75	0.4702696264244848	-1.9735573790085736	374	57
AtrialFlutter_lenadj	EC6_ven	35	75	0.457586222312387	-5.5749270987055555	1497	109
AtrialFlutter_lenadj	EC10_CMC-like	36	75	0.4478265996133404	-6.661730625774607	1512	103
AtrialFlutter_lenadj	CD4+T_reg	37	75	0.4286266109701257	-2.0022159503986097	66	34
AtrialFlutter_lenadj	Neut	38	75	0.42798481786983084	-2.7207752495909316	124	20
AtrialFlutter_lenadj	LYVE1+IGF1+MP	39	75	0.42326254386678724	-10.094434101735338	1504	104
AtrialFlutter_lenadj	CD8+T_em	40	75	0.42276056377250393	-10.130430479173967	1506	90
AtrialFlutter_lenadj	CD8+T_trans	41	75	0.4171276979738451	-10.930179234903635	1504	94
AtrialFlutter_lenadj	NC2_glial_NGF+	42	75	0.41648755402099297	-7.696495078676784	727	90
AtrialFlutter_lenadj	CD4+T_naive	43	75	0.4156497006112781	-11.109939617598483	1500	94
AtrialFlutter_lenadj	CD4+T_act	44	75	0.41194634055649293	-11.599471110556971	1503	90
AtrialFlutter_lenadj	EC9_FB-like	45	75	0.4118060775736149	-1.5231488424225097	25	16
AtrialFlutter_lenadj	CD16+Mo	46	75	0.41054538505434995	-11.771388490979636	1500	105
AtrialFlutter_lenadj	EC8_ln	47	75	0.4069328773756537	-10.778426451356196	1175	84
AtrialFlutter_lenadj	LYVE1+TIMD4+MP	48	75	0.40471593604414896	-12.48822440557944	1511	98
AtrialFlutter_lenadj	MAIT-like	49	75	0.4000884954268985	-8.437830725926094	605	79
AtrialFlutter_lenadj	CD4+T_Th1	50	75	0.3969668594143314	-2.9351295891230405	68	26
AtrialFlutter_lenadj	MoMP	51	75	0.39684149588966083	-13.429893407818874	1505	103
AtrialFlutter_lenadj	NK_CD16hi	52	75	0.3962686966329377	-13.597893529294097	1514	96
AtrialFlutter_lenadj	CD8+T_te	53	75	0.39468731162582926	-13.721894043433746	1505	83
AtrialFlutter_lenadj	NK_CD56hi	54	75	0.3927680740704856	-14.117388551115964	1505	85
AtrialFlutter_lenadj	CD14+Mo	55	75	0.38738443239386006	-14.688082168298536	1503	89
AtrialFlutter_lenadj	ILC	56	75	0.38204172025743754	-5.3190663105436595	171	57
AtrialFlutter_lenadj	FB3	57	75	0.380301170186998	-15.591072423531491	1506	104
AtrialFlutter_lenadj	FB5	58	75	0.37564272849263	-16.359491037010308	1508	105
AtrialFlutter_lenadj	B	59	75	0.3751480942493598	-14.330432897322297	1183	79
AtrialFlutter_lenadj	CD4+T_Th2	60	75	0.37291754442569286	-4.8047976520443925	120	34
AtrialFlutter_lenadj	CD4+T_Tfh	61	75	0.37227730447776897	-3.9160323475993253	79	23
AtrialFlutter_lenadj	Mast	62	75	0.3695321832400019	-16.844011082869894	1504	74
AtrialFlutter_lenadj	EC7_endocardial	63	75	0.36768443091559444	-17.021273427548408	1504	84
AtrialFlutter_lenadj	DC	64	75	0.36360660726755706	-14.4785266625625	964	93
AtrialFlutter_lenadj	CD8+T_cytox	65	75	0.36237203153940867	-17.10364888485108	1383	96
AtrialFlutter_lenadj	Adip1	66	75	0.3621643040659055	-18.051381080329747	1507	87
AtrialFlutter_lenadj	FB4_activated	67	75	0.3595361576889101	-18.191375448179187	1501	108
AtrialFlutter_lenadj	FB2	68	75	0.3541312225320754	-18.985479722443518	1504	103
AtrialFlutter_lenadj	CD4+T_Th17	69	75	0.34729432661265247	-1.3979101922427046	7	6
AtrialFlutter_lenadj	gdT	70	75	0.33720734059924995	-2.5799247188466077	21	14
AtrialFlutter_lenadj	NC6_schwann	71	75	0.31713255889007974	-2.679876370162594	18	9
AtrialFlutter_lenadj	FB1	72	75	0.310048649916165	-24.790878791969487	1516	104
AtrialFlutter_lenadj	Adip3	73	75	0.30252318885582247	-13.320203340049343	392	43
AtrialFlutter_lenadj	FB6	74	75	0.28322372797790824	-28.235142902161474	1498	96
AtrialFlutter_lenadj	Adip2	75	75	0.1821395879989175	-40.19199805835628	1507	69
Brugada	Purkinje	1	75	0.7973401313162054	10.541140041912374	110	12
Brugada	vCM4	2	75	0.7890720664362946	36.50654117871472	1503	67
Brugada	vCM3_stressed	3	75	0.7637785021477641	32.883634963772536	1505	64
Brugada	SAN_P_cell	4	75	0.7598786841909397	13.881374931805418	245	6
Brugada	Neut	5	75	0.7554632026664494	9.651547610332702	124	20
Brugada	vCM1	6	75	0.7459743208081742	31.685408977162474	1502	66
Brugada	vCM2	7	75	0.7337455944998172	29.6378044108776	1504	66
Brugada	aCM3	8	75	0.7258373825662605	28.20347279247872	1481	38
Brugada	vCM5	9	75	0.7136930786403082	11.178068339323861	233	46
Brugada	aCM2	10	75	0.7003927137514712	25.472925255311285	1500	39
Brugada	aCM4	11	75	0.6966246782145983	25.34662626768187	1490	39
Brugada	aCM1	12	75	0.6794089688725401	21.599672397477516	1480	39
Brugada	AVN_P_cell	13	75	0.679276466926077	7.588925345610204	155	3
Brugada	AVN_bundle_cell	14	75	0.6735323691685801	3.636239061927052	37	3
Brugada	CD14+Mo	15	75	0.6607847281090289	20.97062908862166	1503	89
Brugada	aCM5	16	75	0.6498149568124258	3.8309848903975285	55	16
Brugada	B	17	75	0.6321513527485073	15.168259398740846	1183	79
Brugada	NC4_glial	18	75	0.6189198986623762	1.4807612657997278	13	9
Brugada	Adip4	19	75	0.5913733472767241	2.5018794233451795	63	19
Brugada	CD16+Mo	20	75	0.5826226496209127	10.872365919106198	1500	105
Brugada	NC5_glial	21	75	0.5453024178096294	1.4185606283430774	86	9
Brugada	Meso	22	75	0.5442429223677187	4.338805540767838	871	45
Brugada	Adip1	23	75	0.5427290788652508	5.595929853881302	1507	87
Brugada	PC4_CMC-like	24	75	0.540777455067084	3.815600908461538	780	75
Brugada	PC3_str	25	75	0.5301280143470132	3.943085603441109	1506	107
Brugada	FB1	26	75	0.5118255214313676	1.5433692275810658	1516	104
Brugada	PC2_atria	27	75	0.5101521495062419	1.3341794618865468	1501	110
Brugada	FB4_activated	28	75	0.5097912565221092	1.2680588867036842	1501	108
Brugada	PC1_vent	29	75	0.5059469643455964	0.7789095054934392	1514	104
Brugada	FB2	30	75	0.5012329700028199	0.16047661050746384	1504	103
Brugada	LYVE1+MP_cycling	31	75	0.5010672962867074	0.14041982391463223	1507	97
Brugada	SMC2_art	32	75	0.49753798481178046	-0.32131763091444715	1498	104
Brugada	FB3	33	75	0.49623515611698304	-0.49038034653390283	1506	104
Brugada	LYVE1+IGF1+MP	34	75	0.48325396171630464	-2.2028587920148364	1504	104
Brugada	DC	35	75	0.4774942199192488	-2.3890492818822526	964	93
Brugada	Adip3	36	75	0.4770024134599016	-1.5512329132195608	392	43
Brugada	SMC1_basic	37	75	0.4738805385270209	-3.433832977929075	1498	109
Brugada	FB5	38	75	0.47038565461509213	-3.895836664948147	1508	105
Brugada	NC1_glial	39	75	0.4597423361979313	-5.321135767305712	1499	108
Brugada	ILC	40	75	0.45477966057055025	-2.039110646030775	171	57
Brugada	LYVE1+TIMD4+MP	41	75	0.4512484053954183	-6.389534915659586	1511	98
Brugada	MAIT-like	42	75	0.4509377170943856	-4.14345915371715	605	79
Brugada	FB6	43	75	0.4491883456208549	-6.618225828443964	1498	96
Brugada	CD4+T_Tfh	44	75	0.44553487532769787	-1.669923964262417	79	23
Brugada	gdT	45	75	0.44404631214176743	-0.8867494575459735	21	14
Brugada	Mast	46	75	0.44298702298822007	-7.360644490743605	1504	74
Brugada	NK_CD56hi	47	75	0.44147797862056504	-7.704590843152995	1505	85
Brugada	MoMP	48	75	0.44065570931282233	-7.7258535800301145	1505	103
Brugada	CD4+T_naive	49	75	0.4339040234197601	-8.705627770075823	1500	94
Brugada	EC9_FB-like	50	75	0.42848297684434783	-1.23513126569418	25	16
Brugada	NC2_glial_NGF+	51	75	0.42708123904132633	-6.720182582159271	727	90
Brugada	EC7_endocardial	52	75	0.4255456251206562	-9.577922548857961	1504	84
Brugada	EC10_CMC-like	53	75	0.4244080853957212	-9.651910146708085	1512	103
Brugada	NK_CD16hi	54	75	0.42018927062276334	-10.462201527794258	1514	96
Brugada	CD4+T_act	55	75	0.41413001826763013	-11.31181121447562	1503	90
Brugada	EC4_immune	56	75	0.41384876455759245	-11.17514627338373	1499	110
Brugada	CD4+T_Th1	57	75	0.4136778162090888	-2.4590805871025023	68	26
Brugada	CD4+T_reg	58	75	0.4130919884027073	-2.4380039872380603	66	34
Brugada	T/NK_cycling	59	75	0.41176848174360176	-4.4614664532957535	217	33
Brugada	EC1_cap	60	75	0.4026082612549649	-12.648987395326248	1504	108
Brugada	NC3_glial	61	75	0.4013520213125185	-1.5253288635807782	20	12
Brugada	CD8+T_em	62	75	0.3898967905332512	-14.440717896381608	1506	90
Brugada	CD8+T_te	63	75	0.3878453051747656	-14.61338479365006	1505	83
Brugada	CD8+T_trans	64	75	0.3831794749813113	-15.407672353144312	1504	94
Brugada	EC5_art	65	75	0.38167552733551585	-15.380774629803726	1497	109
Brugada	Adip2	66	75	0.3753081807110681	-15.766711328419827	1507	69
Brugada	EC8_ln	67	75	0.37448457142182906	-14.536377372500402	1175	84
Brugada	CD8+T_cytox	68	75	0.37401186884122556	-15.657113761838827	1383	96
Brugada	CD4+T_Th2	69	75	0.36008726025494153	-5.289891514766001	120	34
Brugada	EC3_cap	70	75	0.3439280860466245	-20.277468923350693	1497	105
Brugada	EC6_ven	71	75	0.342437552376028	-20.710231601317385	1497	109
Brugada	EC2_cap	72	75	0.3143611378690611	-24.181782692640336	1504	106
Brugada	B_plasma	73	75	0.2983197645796738	-13.387908355842914	374	57
Brugada	CD4+T_Th17	74	75	0.2937169868590471	-1.88837205690988	7	6
Brugada	NC6_schwann	75	75	0.2820050933916204	-3.1946605447628063	18	9
Brugada_lenadj	Purkinje	1	75	0.7901697319024291	10.28693895562617	110	12
Brugada_lenadj	vCM4	2	75	0.790082948036525	36.63420412180216	1503	67
Brugada_lenadj	vCM3_stressed	3	75	0.7638540107924546	32.8930481596486	1505	64
Brugada_lenadj	SAN_P_cell	4	75	0.7513498306296005	13.425807695146524	245	6
Brugada_lenadj	Neut	5	75	0.7484207518439221	9.385479743424305	124	20
Brugada_lenadj	vCM1	6	75	0.7453608288530865	31.60638144519377	1502	66
Brugada_lenadj	vCM2	7	75	0.731479694891621	29.35049936221514	1504	66
Brugada_lenadj	aCM3	8	75	0.7241803178821032	27.996531947681706	1481	38
Brugada_lenadj	vCM5	9	75	0.7116387146748508	11.070606642642629	233	46
Brugada_lenadj	aCM2	10	75	0.70094697247375	25.54337986785885	1500	39
Brugada_lenadj	aCM4	11	75	0.6961563908328116	25.286259962903646	1490	39
Brugada_lenadj	AVN_P_cell	12	75	0.682574107853389	7.728517291185073	155	3
Brugada_lenadj	aCM1	13	75	0.6781115990954584	21.443477518595724	1480	39
Brugada_lenadj	CD14+Mo	14	75	0.6656039191896181	21.59918050545587	1503	89
Brugada_lenadj	AVN_bundle_cell	15	75	0.6654045398298851	3.4659265682312665	37	3
Brugada_lenadj	aCM5	16	75	0.6444006037621709	3.692532060532384	55	16
Brugada_lenadj	B	17	75	0.6344165504473341	15.428257541556842	1183	79
Brugada_lenadj	NC4_glial	18	75	0.6227649614378521	1.5286390397175964	13	9
Brugada_lenadj	Adip4	19	75	0.5878503425056975	2.4054165771468736	63	19
Brugada_lenadj	CD16+Mo	20	75	0.5875028760091773	11.514557948830907	1500	105
Brugada_lenadj	NC5_glial	21	75	0.5498058012786713	1.5595756732874568	86	9
Brugada_lenadj	Meso	22	75	0.5441460077381898	4.3293013374042575	871	45
Brugada_lenadj	PC4_CMC-like	23	75	0.5376024148018866	3.518508152173549	780	75
Brugada_lenadj	Adip1	24	75	0.5290593134767614	3.80569588992822	1507	87
Brugada_lenadj	PC3_str	25	75	0.5260751266396134	3.4126529308015052	1506	107
Brugada_lenadj	FB1	26	75	0.5111353195228916	1.4532897843581076	1516	104
Brugada_lenadj	FB4_activated	27	75	0.5088602682747314	1.147487240170031	1501	108
Brugada_lenadj	PC2_atria	28	75	0.5075699062027671	0.9948251232834313	1501	110
Brugada_lenadj	LYVE1+MP_cycling	29	75	0.503871175571867	0.5093147975067491	1507	97
Brugada_lenadj	PC1_vent	30	75	0.5035634654648268	0.4667283948164858	1514	104
Brugada_lenadj	FB3	31	75	0.5004419358398355	0.057563250168729825	1506	104
Brugada_lenadj	FB2	32	75	0.49881957609313504	-0.1536374989678421	1504	103
Brugada_lenadj	SMC2_art	33	75	0.49595378664788037	-0.5280713517521621	1498	104
Brugada_lenadj	LYVE1+IGF1+MP	34	75	0.48777321144984725	-1.6083737657541646	1504	104
Brugada_lenadj	DC	35	75	0.4840552886483545	-1.6925741328579127	964	93
Brugada_lenadj	Adip3	36	75	0.47420736558033194	-1.7397644470504325	392	43
Brugada_lenadj	SMC1_basic	37	75	0.4733317059105089	-3.5059860558128086	1498	109
Brugada_lenadj	FB5	38	75	0.4675686306538586	-4.266422780952759	1508	105
Brugada_lenadj	NC1_glial	39	75	0.4619944159747766	-5.0234627003757435	1499	108
Brugada_lenadj	ILC	40	75	0.4581529364796463	-1.8870002703674391	171	57
Brugada_lenadj	LYVE1+TIMD4+MP	41	75	0.45445325246296253	-5.9694977373167575	1511	98
Brugada_lenadj	MAIT-like	42	75	0.4487551788813263	-4.327781150201418	605	79
Brugada_lenadj	FB6	43	75	0.44873536708828765	-6.677226352252883	1498	96
Brugada_lenadj	gdT	44	75	0.44862799320939106	-0.8141393516373576	21	14
Brugada_lenadj	NK_CD56hi	45	75	0.44449028460439755	-7.308012178357158	1505	85
Brugada_lenadj	Mast	46	75	0.4433459020694115	-7.314311507092008	1504	74
Brugada_lenadj	CD4+T_Tfh	47	75	0.44280010166921296	-1.753773291636854	79	23
Brugada_lenadj	MoMP	48	75	0.44055477599961873	-7.738993782569024	1505	103
Brugada_lenadj	EC9_FB-like	49	75	0.4342513700779312	-1.1355085112611412	25	16
Brugada_lenadj	CD4+T_naive	50	75	0.43229109804875626	-8.91806926239307	1500	94
Brugada_lenadj	NC2_glial_NGF+	51	75	0.4291163752254403	-6.532624722467209	727	90
Brugada_lenadj	NK_CD16hi	52	75	0.4240080053539005	-9.961612538693533	1514	96
Brugada_lenadj	EC10_CMC-like	53	75	0.4233586447567784	-9.785907371204985	1512	103
Brugada_lenadj	EC7_endocardial	54	75	0.4213559531315453	-10.116888242705425	1504	84
Brugada_lenadj	T/NK_cycling	55	75	0.41563600187265637	-4.2659035563377685	217	33
Brugada_lenadj	CD4+T_Th1	56	75	0.4144025001548412	-2.438436343125762	68	26
Brugada_lenadj	EC4_immune	57	75	0.41421318981154936	-11.127874687575677	1499	110
Brugada_lenadj	CD4+T_act	58	75	0.41270795015849965	-11.499142871709976	1503	90
Brugada_lenadj	CD4+T_reg	59	75	0.4085347844098225	-2.5658458432546634	66	34
Brugada_lenadj	EC1_cap	60	75	0.4019136050319117	-12.73920755077995	1504	108
Brugada_lenadj	NC3_glial	61	75	0.40189600065350284	-1.5169176685311185	20	12
Brugada_lenadj	CD8+T_em	62	75	0.3908731528430002	-14.31266193190944	1506	90
Brugada_lenadj	CD8+T_te	63	75	0.3867397998483493	-14.757428471460669	1505	83
Brugada_lenadj	EC5_art	64	75	0.38656377638697925	-14.745360371858075	1497	109
Brugada_lenadj	CD8+T_trans	65	75	0.38365582234668855	-15.344846029338285	1504	94
Brugada_lenadj	EC8_ln	66	75	0.38243930206839327	-13.615112410217016	1175	84
Brugada_lenadj	CD8+T_cytox	67	75	0.3737786520330103	-15.686096667322193	1383	96
Brugada_lenadj	Adip2	68	75	0.3683129306879437	-16.651228760386687	1507	69
Brugada_lenadj	CD4+T_Th2	69	75	0.36169850076308063	-5.2289729200205715	120	34
Brugada_lenadj	EC3_cap	70	75	0.34762830355321106	-19.796722300855503	1497	105
Brugada_lenadj	EC6_ven	71	75	0.34161822361048183	-20.817925336391784	1497	109
Brugada_lenadj	EC2_cap	72	75	0.31405547693372204	-24.221598850912127	1504	106
Brugada_lenadj	B_plasma	73	75	0.30084517187981	-13.220267131977137	374	57
Brugada_lenadj	CD4+T_Th17	74	75	0.28740848793242546	-1.9461218100896942	7	6
Brugada_lenadj	NC6_schwann	75	75	0.2699341466657046	-3.3715572339707482	18	9
BundleBranchBlock	vCM4	1	75	0.8047974708641108	38.492482371073166	1503	67
BundleBranchBlock	SAN_P_cell	2	75	0.7880689190641393	15.38715144790871	245	6
BundleBranchBlock	Purkinje	3	75	0.7825066236304594	10.015270623828513	110	12
BundleBranchBlock	vCM2	4	75	0.7572542168341978	32.61858337360626	1504	66
BundleBranchBlock	vCM1	5	75	0.7551865788632839	32.87209449425327	1502	66
BundleBranchBlock	AVN_P_cell	6	75	0.7544938981029599	10.772943190659047	155	3
BundleBranchBlock	aCM3	7	75	0.7524071535185964	31.52161172785504	1481	38
BundleBranchBlock	AVN_bundle_cell	8	75	0.75214448997305	5.28349637639642	37	3
BundleBranchBlock	vCM3_stressed	9	75	0.7505328637636013	31.23238312201727	1505	64
BundleBranchBlock	aCM4	10	75	0.7471052070445441	31.854004230945996	1490	39
BundleBranchBlock	aCM2	11	75	0.7395427168264156	30.449478960303185	1500	39
BundleBranchBlock	aCM1	12	75	0.7258695622683295	27.193225512731285	1480	39
BundleBranchBlock	vCM5	13	75	0.7173193920690814	11.367757119066061	233	46
BundleBranchBlock	aCM5	14	75	0.697407035332593	5.047983096669082	55	16
BundleBranchBlock	SMC2_art	15	75	0.618621334011192	15.48127168457955	1498	104
BundleBranchBlock	NC6_schwann	16	75	0.5962562933527277	1.4106117768682456	18	9
BundleBranchBlock	NC4_glial	17	75	0.5892682912486898	1.1115467590539514	13	9
BundleBranchBlock	Adip4	18	75	0.5769170878753263	2.106054831023263	63	19
BundleBranchBlock	NC3_glial	19	75	0.5428147056396692	0.6620156557367938	20	12
BundleBranchBlock	CD4+T_Th17	20	75	0.5372990431419384	0.34144581149095854	7	6
BundleBranchBlock	PC4_CMC-like	21	75	0.5370975464160368	3.4712669433111327	780	75
BundleBranchBlock	SMC1_basic	22	75	0.5369051330124518	4.851786968276998	1498	109
BundleBranchBlock	T/NK_cycling	23	75	0.5299621760420556	1.5150509242163985	217	33
BundleBranchBlock	Mast	24	75	0.5126352740054823	1.6312735252935944	1504	74
BundleBranchBlock	NC1_glial	25	75	0.5095101626901043	1.2570244287401895	1499	108
BundleBranchBlock	CD16+Mo	26	75	0.5022171034308456	0.2917500212261319	1500	105
BundleBranchBlock	CD14+Mo	27	75	0.49733607966461096	-0.3474464641765811	1503	89
BundleBranchBlock	B	28	75	0.4957235587442245	-0.4908475692603899	1183	79
BundleBranchBlock	PC2_atria	29	75	0.49280120637176617	-0.9460540945781123	1501	110
BundleBranchBlock	CD4+T_reg	30	75	0.4927298216041955	-0.20394810088435453	66	34
BundleBranchBlock	CD8+T_trans	31	75	0.49010873034708646	-1.3045776154859123	1504	94
BundleBranchBlock	PC3_str	32	75	0.4891189350902347	-1.4240888862315357	1506	107
BundleBranchBlock	B_plasma	33	75	0.48001180525691534	-1.3268534661388378	374	57
BundleBranchBlock	PC1_vent	34	75	0.4794960873280855	-2.6855201329377008	1514	104
BundleBranchBlock	CD8+T_cytox	35	75	0.47673035234809447	-2.891824151472171	1383	96
BundleBranchBlock	CD4+T_Th1	36	75	0.47639839000870055	-0.6723446790288433	68	26
BundleBranchBlock	FB5	37	75	0.47481872247448703	-3.312656179937854	1508	105
BundleBranchBlock	NK_CD16hi	38	75	0.46587415334320004	-4.473477285773017	1514	96
BundleBranchBlock	Meso	39	75	0.46547928738812766	-3.3853699334501863	871	45
BundleBranchBlock	NC5_glial	40	75	0.4652544241859871	-1.0879928322146035	86	9
BundleBranchBlock	CD4+T_act	41	75	0.45308798059379846	-6.179806918635075	1503	90
BundleBranchBlock	FB3	42	75	0.4500012950997101	-6.512456557854525	1506	104
BundleBranchBlock	CD8+T_em	43	75	0.44914954339515806	-6.669352349392498	1506	90
BundleBranchBlock	CD8+T_te	44	75	0.44840850619638994	-6.7222005481462626	1505	83
BundleBranchBlock	Adip3	45	75	0.44727928473070194	-3.556117012175071	392	43
BundleBranchBlock	gdT	46	75	0.4431910706536999	-0.9003032545277939	21	14
BundleBranchBlock	Adip1	47	75	0.44191225431242415	-7.607347475541326	1507	87
BundleBranchBlock	FB2	48	75	0.4407790547894081	-7.707873295139291	1504	103
BundleBranchBlock	CD4+T_naive	49	75	0.4399033788226401	-7.915441170223384	1500	94
BundleBranchBlock	FB1	50	75	0.43912408112968737	-7.945021319393716	1516	104
BundleBranchBlock	NC2_glial_NGF+	51	75	0.4387803291022906	-5.64199611517635	727	90
BundleBranchBlock	EC6_ven	52	75	0.4384518530421616	-8.089975735657578	1497	109
BundleBranchBlock	MAIT-like	53	75	0.43777324238767834	-5.255239119853687	605	79
BundleBranchBlock	FB4_activated	54	75	0.43071799164097396	-8.972665172234338	1501	108
BundleBranchBlock	EC7_endocardial	55	75	0.429222044716133	-9.104982413377071	1504	84
BundleBranchBlock	LYVE1+MP_cycling	56	75	0.42254408917760594	-10.190558605220435	1507	97
BundleBranchBlock	EC5_art	57	75	0.4215376666063546	-10.199170464745412	1497	109
BundleBranchBlock	EC10_CMC-like	58	75	0.41656196255038774	-10.653737830259102	1512	103
BundleBranchBlock	EC8_ln	59	75	0.41640353375846256	-9.68159686868823	1175	84
BundleBranchBlock	EC2_cap	60	75	0.41583743948175483	-10.963225727341959	1504	106
BundleBranchBlock	MoMP	61	75	0.4151561190505347	-11.045568053587084	1505	103
BundleBranchBlock	FB6	62	75	0.4139413392253463	-11.209153853763818	1498	96
BundleBranchBlock	EC4_immune	63	75	0.4087345126440616	-11.838543761755732	1499	110
BundleBranchBlock	EC1_cap	64	75	0.40717457492866604	-12.055926373456984	1504	108
BundleBranchBlock	LYVE1+TIMD4+MP	65	75	0.40566432041353934	-12.363926214087774	1511	98
BundleBranchBlock	CD4+T_Th2	66	75	0.4035781668388484	-3.6455653574275253	120	34
BundleBranchBlock	DC	67	75	0.4029295526337442	-10.304289908648242	964	93
BundleBranchBlock	NK_CD56hi	68	75	0.40193114088784887	-12.911044699140525	1505	85
BundleBranchBlock	LYVE1+IGF1+MP	69	75	0.399578555593921	-13.209946016434403	1504	104
BundleBranchBlock	EC3_cap	70	75	0.3963165697842812	-13.470953746961232	1497	105
BundleBranchBlock	CD4+T_Tfh	71	75	0.3828997333342811	-3.5903441459677383	79	23
BundleBranchBlock	Neut	72	75	0.37550337948139867	-4.7035543581972385	124	20
BundleBranchBlock	Adip2	73	75	0.36924266488030205	-16.5336681160183	1507	69
BundleBranchBlock	ILC	74	75	0.35563974393314673	-6.509604720435658	171	57
BundleBranchBlock	EC9_FB-like	75	75	0.3443396871886535	-2.6883238521070316	25	16
BundleBranchBlock_lenadj	vCM4	1	75	0.8226206275773701	40.74334601386202	1503	67
BundleBranchBlock_lenadj	SAN_P_cell	2	75	0.7952580830744056	15.77115939909344	245	6
BundleBranchBlock_lenadj	Purkinje	3	75	0.7928437724839272	10.381737582782739	110	12
BundleBranchBlock_lenadj	vCM2	4	75	0.770888963449858	34.34740292313203	1504	66
BundleBranchBlock_lenadj	aCM4	5	75	0.766440862927641	34.34653796455225	1490	39
BundleBranchBlock_lenadj	vCM1	6	75	0.7656801293892687	34.22383088261247	1502	66
BundleBranchBlock_lenadj	AVN_P_cell	7	75	0.7631622339869261	11.139881222303876	155	3
BundleBranchBlock_lenadj	aCM3	8	75	0.7607316137628308	32.56120351439843	1481	38
BundleBranchBlock_lenadj	vCM3_stressed	9	75	0.7575893162056486	32.112067419085236	1505	64
BundleBranchBlock_lenadj	aCM2	10	75	0.7554760728639915	32.47484794609775	1500	39
BundleBranchBlock_lenadj	AVN_bundle_cell	11	75	0.7455405532003182	5.145115894584547	37	3
BundleBranchBlock_lenadj	aCM1	12	75	0.737239001992772	28.562032072036015	1480	39
BundleBranchBlock_lenadj	vCM5	13	75	0.7233361767359364	11.682489026234245	233	46
BundleBranchBlock_lenadj	aCM5	14	75	0.7048948066411628	5.239456226964068	55	16
BundleBranchBlock_lenadj	SMC2_art	15	75	0.6236911788813184	16.142937197679395	1498	104
BundleBranchBlock_lenadj	NC6_schwann	16	75	0.5933235944182027	1.3676338113663895	18	9
BundleBranchBlock_lenadj	CD14+Mo	17	75	0.5884320503451762	11.53390467580652	1503	89
BundleBranchBlock_lenadj	Adip4	18	75	0.5806649623134137	2.20867479863302	63	19
BundleBranchBlock_lenadj	NC4_glial	19	75	0.5611985671972002	0.7620294740187704	13	9
BundleBranchBlock_lenadj	CD16+Mo	20	75	0.5408546048562153	5.376082896339819	1500	105
BundleBranchBlock_lenadj	NC3_glial	21	75	0.5254054871958798	0.392828352175096	20	12
BundleBranchBlock_lenadj	SMC1_basic	22	75	0.5199198533662004	2.6187924844902084	1498	109
BundleBranchBlock_lenadj	CD4+T_Th17	23	75	0.5177106584915534	0.1621282920764329	7	6
BundleBranchBlock_lenadj	PC4_CMC-like	24	75	0.515723172006406	1.471238195047789	780	75
BundleBranchBlock_lenadj	Mast	25	75	0.513689048662033	1.7673208083292586	1504	74
BundleBranchBlock_lenadj	T/NK_cycling	26	75	0.5083774697520167	0.423610530576036	217	33
BundleBranchBlock_lenadj	CD4+T_reg	27	75	0.5025004026405002	0.07014303394130718	66	34
BundleBranchBlock_lenadj	B	28	75	0.5003972001546063	0.045590414725101266	1183	79
BundleBranchBlock_lenadj	CD8+T_trans	29	75	0.48567442292304414	-1.8894265184661527	1504	94
BundleBranchBlock_lenadj	B_plasma	30	75	0.4803275652301535	-1.305892733048932	374	57
BundleBranchBlock_lenadj	NC1_glial	31	75	0.4773859955304712	-2.9890504480450732	1499	108
BundleBranchBlock_lenadj	CD4+T_Th1	32	75	0.4753320731824306	-0.7027211001529038	68	26
BundleBranchBlock_lenadj	FB5	33	75	0.4641945807944652	-4.710286961664553	1508	105
BundleBranchBlock_lenadj	PC2_atria	34	75	0.4627915821169571	-4.889871540832325	1501	110
BundleBranchBlock_lenadj	PC3_str	35	75	0.4627128068074276	-4.880062554966861	1506	107
BundleBranchBlock_lenadj	CD8+T_cytox	36	75	0.4585477869796096	-5.151453624804635	1383	96
BundleBranchBlock_lenadj	PC1_vent	37	75	0.453052544069869	-6.148989225030641	1514	104
BundleBranchBlock_lenadj	NK_CD16hi	38	75	0.44902007470256466	-6.6828389678366635	1514	96
BundleBranchBlock_lenadj	CD4+T_act	39	75	0.44809271909289633	-6.837841937685796	1503	90
BundleBranchBlock_lenadj	Neut	40	75	0.44709798081659846	-1.9986688943925524	124	20
BundleBranchBlock_lenadj	CD8+T_em	41	75	0.4462578182150146	-7.048620017996912	1506	90
BundleBranchBlock_lenadj	CD8+T_te	42	75	0.44300822213407	-7.425839652337751	1505	83
BundleBranchBlock_lenadj	DC	43	75	0.44263954070253775	-6.088967527512766	964	93
BundleBranchBlock_lenadj	Adip3	44	75	0.44048999661444577	-4.0140679873743155	392	43
BundleBranchBlock_lenadj	Adip1	45	75	0.4401823086187163	-7.8339064140932555	1507	87
BundleBranchBlock_lenadj	FB3	46	75	0.4394506687796807	-7.886702064900654	1506	104
BundleBranchBlock_lenadj	Meso	47	75	0.4391071409687885	-5.971628003275552	871	45
BundleBranchBlock_lenadj	EC6_ven	48	75	0.4345459393444658	-8.603374572207102	1497	109
BundleBranchBlock_lenadj	CD4+T_naive	49	75	0.4325627468419318	-8.882289879139606	1500	94
BundleBranchBlock_lenadj	MoMP	50	75	0.4321013123242126	-8.839524631350448	1505	103
BundleBranchBlock_lenadj	LYVE1+MP_cycling	51	75	0.4316229475301096	-8.996090202133312	1507	97
BundleBranchBlock_lenadj	EC7_endocardial	52	75	0.4269228625015797	-9.400752664787957	1504	84
BundleBranchBlock_lenadj	FB2	53	75	0.42677085591138586	-9.531103600919645	1504	103
BundleBranchBlock_lenadj	FB1	54	75	0.4263894458640781	-9.607040563744047	1516	104
BundleBranchBlock_lenadj	MAIT-like	55	75	0.4252881151321858	-6.309646125569588	605	79
BundleBranchBlock_lenadj	gdT	56	75	0.42331632228452903	-1.2152766371559043	21	14
BundleBranchBlock_lenadj	FB4_activated	57	75	0.4226774048742473	-10.013996025004516	1501	108
BundleBranchBlock_lenadj	EC5_art	58	75	0.4215892963903051	-10.192459206683155	1497	109
BundleBranchBlock_lenadj	EC10_CMC-like	59	75	0.4165642067568876	-10.653451280042715	1512	103
BundleBranchBlock_lenadj	EC8_ln	60	75	0.4160182518062162	-9.726217708660705	1175	84
BundleBranchBlock_lenadj	EC2_cap	61	75	0.41562149757449385	-10.991354860518452	1504	106
BundleBranchBlock_lenadj	LYVE1+TIMD4+MP	62	75	0.41539541992496576	-11.088538186263683	1511	98
BundleBranchBlock_lenadj	NC5_glial	63	75	0.41466396745464773	-2.672138525951011	86	9
BundleBranchBlock_lenadj	NC2_glial_NGF+	64	75	0.41270277750325257	-8.045299541307447	727	90
BundleBranchBlock_lenadj	LYVE1+IGF1+MP	65	75	0.4113894710367179	-11.656278308040271	1504	104
BundleBranchBlock_lenadj	EC4_immune	66	75	0.40911485830588307	-11.789207053077382	1499	110
BundleBranchBlock_lenadj	EC1_cap	67	75	0.4087497858326535	-11.851342051149366	1504	108
BundleBranchBlock_lenadj	EC3_cap	68	75	0.40664708254497073	-12.128773426613918	1497	105
BundleBranchBlock_lenadj	NK_CD56hi	69	75	0.39844146017026416	-13.370471107669879	1505	85
BundleBranchBlock_lenadj	FB6	70	75	0.3977510014360606	-13.317947850683192	1498	96
BundleBranchBlock_lenadj	CD4+T_Th2	71	75	0.38786903407247547	-4.239504181558835	120	34
BundleBranchBlock_lenadj	CD4+T_Tfh	72	75	0.37177976181303973	-3.931287218015456	79	23
BundleBranchBlock_lenadj	EC9_FB-like	73	75	0.3697413354224725	-2.2496259232870504	25	16
BundleBranchBlock_lenadj	ILC	74	75	0.36072191326645103	-6.280435596027834	171	57
BundleBranchBlock_lenadj	Adip2	75	75	0.3532223542922256	-18.55936325684018	1507	69
EducationalAttainment	SAN_P_cell	1	75	0.8518386485966072	18.7934005125285	245	6
EducationalAttainment	NC5_glial	2	75	0.8127010692494105	9.791650130949689	86	9
EducationalAttainment	NC6_schwann	3	75	0.8110139780531165	4.557831648520834	18	9
EducationalAttainment	NC1_glial	4	75	0.7989982839015315	39.520685319790296	1499	108
EducationalAttainment	NC4_glial	5	75	0.7590446990337798	3.2255607409235627	13	9
EducationalAttainment	aCM2	6	75	0.7516173274213295	31.98434341427078	1500	39
EducationalAttainment	aCM1	7	75	0.7151831262642832	25.906648156902467	1480	39
EducationalAttainment	NC2_glial_NGF+	8	75	0.6949068669784026	17.962588987953634	727	90
EducationalAttainment	aCM5	9	75	0.6755747862980853	4.489700946781247	55	16
EducationalAttainment	NC3_glial	10	75	0.6680511769402777	2.5984649067954493	20	12
EducationalAttainment	AVN_P_cell	11	75	0.6616095134918455	6.841068178433665	155	3
EducationalAttainment	vCM4	12	75	0.6498953637202296	18.930093577052485	1503	67
EducationalAttainment	aCM4	13	75	0.6466068038618508	18.898888478942588	1490	39
EducationalAttainment	aCM3	14	75	0.6455972796549012	18.182768807998936	1481	38
EducationalAttainment	vCM2	15	75	0.6389388520988288	17.61677062786379	1504	66
EducationalAttainment	AVN_bundle_cell	16	75	0.6368495584245529	2.867578609886961	37	3
EducationalAttainment	vCM5	17	75	0.635889059880735	7.108218982001285	233	46
EducationalAttainment	vCM1	18	75	0.6295636967432419	16.689867082117956	1502	66
EducationalAttainment	B	19	75	0.6143054917768856	13.119921316825266	1183	79
EducationalAttainment	Purkinje	20	75	0.6132055099176494	4.013299948028266	110	12
EducationalAttainment	SMC1_basic	21	75	0.5565861663759163	7.439182633884421	1498	109
EducationalAttainment	Meso	22	75	0.555405443497195	5.433489298838212	871	45
EducationalAttainment	vCM3_stressed	23	75	0.5506583062123861	6.315257823542998	1505	64
EducationalAttainment	LYVE1+MP_cycling	24	75	0.550315765932377	6.6198403202069835	1507	97
EducationalAttainment	Adip4	25	75	0.5416443422849575	1.1402572650199851	63	19
EducationalAttainment	Adip1	26	75	0.5403312524519223	5.28190322922396	1507	87
EducationalAttainment	PC4_CMC-like	27	75	0.5397175684594607	3.7164259036393745	780	75
EducationalAttainment	SMC2_art	28	75	0.5362716372048638	4.733811794428332	1498	104
EducationalAttainment	Mast	29	75	0.5268292085419662	3.4637774835829758	1504	74
EducationalAttainment	CD4+T_reg	30	75	0.5229835251127096	0.644749831870714	66	34
EducationalAttainment	DC	31	75	0.5130090188413646	1.3809424516476132	964	93
EducationalAttainment	FB5	32	75	0.5128742512425961	1.6936379775668244	1508	105
EducationalAttainment	B_plasma	33	75	0.512567195621096	0.8342337706743281	374	57
EducationalAttainment	PC3_str	34	75	0.5116549532093652	1.5253736167044563	1506	107
EducationalAttainment	PC1_vent	35	75	0.5033653275249931	0.4407770832284656	1514	104
EducationalAttainment	MAIT-like	36	75	0.5018366086142501	0.15510718873701335	605	79
EducationalAttainment	ILC	37	75	0.5006299950144386	0.028408224199471647	171	57
EducationalAttainment	EC8_ln	38	75	0.496648911909828	-0.3881011413421039	1175	84
EducationalAttainment	FB1	39	75	0.49277766684110336	-0.9425991753067422	1516	104
EducationalAttainment	CD4+T_act	40	75	0.48910146003921845	-1.4356847883584278	1503	90
EducationalAttainment	CD4+T_naive	41	75	0.48388364250392746	-2.122716338111045	1500	94
EducationalAttainment	gdT	42	75	0.4768299175180061	-0.36719756746436705	21	14
EducationalAttainment	Neut	43	75	0.4767560583551567	-0.8781695645220323	124	20
EducationalAttainment	CD4+T_Tfh	44	75	0.4757809656312764	-0.742565928692238	79	23
EducationalAttainment	T/NK_cycling	45	75	0.47032716280593445	-1.5004203750719225	217	33
EducationalAttainment	EC6_ven	46	75	0.4684674504442623	-4.144683039183664	1497	109
EducationalAttainment	PC2_atria	47	75	0.45951065337884167	-5.321046016308221	1501	110
EducationalAttainment	LYVE1+IGF1+MP	48	75	0.45328108129552575	-6.145643469702294	1504	104
EducationalAttainment	CD4+T_Th1	49	75	0.4529330201645971	-1.3408082525707694	68	26
EducationalAttainment	CD14+Mo	50	75	0.4524823191388259	-6.197576549779409	1503	89
EducationalAttainment	CD8+T_trans	51	75	0.44638048106646844	-7.071976258700309	1504	94
EducationalAttainment	EC10_CMC-like	52	75	0.44627678212417043	-6.8596181806483605	1512	103
EducationalAttainment	FB2	53	75	0.44392165919167076	-7.298849148982054	1504	103
EducationalAttainment	CD8+T_em	54	75	0.44144291639998134	-7.680124214345246	1506	90
EducationalAttainment	EC4_immune	55	75	0.437871182011498	-8.059067583285946	1499	110
EducationalAttainment	CD16+Mo	56	75	0.4371884002656369	-8.265417526667834	1500	105
EducationalAttainment	FB6	57	75	0.4362189892688259	-8.307486495825824	1498	96
EducationalAttainment	FB3	58	75	0.4308982224480044	-9.000679623109413	1506	104
EducationalAttainment	EC1_cap	59	75	0.4276814178794047	-9.392550594933342	1504	108
EducationalAttainment	MoMP	60	75	0.42331405436788255	-9.983511147229887	1505	103
EducationalAttainment	NK_CD56hi	61	75	0.4231312688901618	-10.119987448720794	1505	85
EducationalAttainment	FB4_activated	62	75	0.4199290178259681	-10.369937738185286	1501	108
EducationalAttainment	NK_CD16hi	63	75	0.41895127786868686	-10.624487097468407	1514	96
EducationalAttainment	CD8+T_cytox	64	75	0.413763396798903	-10.717011946566158	1383	96
EducationalAttainment	CD8+T_te	65	75	0.40883332241284376	-11.878715750738186	1505	83
EducationalAttainment	CD4+T_Th2	66	75	0.40713708346797045	-3.5110080403993877	120	34
EducationalAttainment	EC9_FB-like	67	75	0.403515301485927	-1.6663342871030866	25	16
EducationalAttainment	Adip2	68	75	0.3975369921089779	-12.955979602125726	1507	69
EducationalAttainment	EC7_endocardial	69	75	0.3924336545061122	-13.83749615349981	1504	84
EducationalAttainment	LYVE1+TIMD4+MP	70	75	0.3819012473758461	-15.47838813290755	1511	98
EducationalAttainment	EC2_cap	71	75	0.38141608628555174	-15.447037324883947	1504	106
EducationalAttainment	Adip3	72	75	0.371674501799009	-8.6558098636825	392	43
EducationalAttainment	EC5_art	73	75	0.33624318825821836	-21.286438542916386	1497	109
EducationalAttainment	CD4+T_Th17	74	75	0.33415694253928757	-1.518173458748724	7	6
EducationalAttainment	EC3_cap	75	75	0.3200187626933593	-23.38386102807626	1497	105
EducationalAttainment_lenadj	SAN_P_cell	1	75	0.7861752597360155	15.286001962683963	245	6
EducationalAttainment_lenadj	NC1_glial	2	75	0.784428554347425	37.594902705292284	1499	108
EducationalAttainment_lenadj	NC5_glial	3	75	0.7766901425084319	8.664035197027976	86	9
EducationalAttainment_lenadj	NC6_schwann	4	75	0.7639656093699672	3.868349635083125	18	9
EducationalAttainment_lenadj	NC4_glial	5	75	0.7127828012922253	2.6495189932546794	13	9
EducationalAttainment_lenadj	NC2_glial_NGF+	6	75	0.6823446147553663	16.804853619551196	727	90
EducationalAttainment_lenadj	NC3_glial	7	75	0.6794432615612378	2.774613224479226	20	12
EducationalAttainment_lenadj	aCM2	8	75	0.6756857725784292	22.33230175655071	1500	39
EducationalAttainment_lenadj	aCM1	9	75	0.6692044297600207	20.371112291576363	1480	39
EducationalAttainment_lenadj	aCM4	10	75	0.6679453427142482	21.649611197480656	1490	39
EducationalAttainment_lenadj	vCM4	11	75	0.6674995719969744	21.15330650210792	1503	67
EducationalAttainment_lenadj	aCM5	12	75	0.641234038568319	3.611558413640147	55	16
EducationalAttainment_lenadj	vCM5	13	75	0.6246397068385916	6.519776726976643	233	46
EducationalAttainment_lenadj	vCM2	14	75	0.6065901542755862	13.515113092527418	1504	66
EducationalAttainment_lenadj	vCM1	15	75	0.6011184151283447	13.025661898108234	1502	66
EducationalAttainment_lenadj	B	16	75	0.5971604915693679	11.152027646951138	1183	79
EducationalAttainment_lenadj	Adip1	17	75	0.5954623205843671	12.502035238425947	1507	87
EducationalAttainment_lenadj	Adip4	18	75	0.583779975372948	2.2939664871764864	63	19
EducationalAttainment_lenadj	Purkinje	19	75	0.5828617609893407	2.9375699231774304	110	12
EducationalAttainment_lenadj	AVN_P_cell	20	75	0.5817900491027832	3.4622423528167476	155	3
EducationalAttainment_lenadj	aCM3	21	75	0.5744283220442767	9.294905617096976	1481	38
EducationalAttainment_lenadj	T/NK_cycling	22	75	0.5650661812845714	3.290100757436817	217	33
EducationalAttainment_lenadj	SMC2_art	23	75	0.5593625660550677	7.747409187841376	1498	104
EducationalAttainment_lenadj	SMC1_basic	24	75	0.5577754784146943	7.595537270216716	1498	109
EducationalAttainment_lenadj	LYVE1+MP_cycling	25	75	0.5437752870051386	5.759336155882287	1507	97
EducationalAttainment_lenadj	AVN_bundle_cell	26	75	0.5417592231361622	0.875032820049427	37	3
EducationalAttainment_lenadj	Meso	27	75	0.5382851518240821	3.754540160861209	871	45
EducationalAttainment_lenadj	FB5	28	75	0.5377171553648377	4.961780341859798	1508	105
EducationalAttainment_lenadj	Mast	29	75	0.5294115697482376	3.797172506651536	1504	74
EducationalAttainment_lenadj	PC4_CMC-like	30	75	0.5280165202528145	2.621543202063634	780	75
EducationalAttainment_lenadj	CD4+T_reg	31	75	0.5263133421464332	0.7381601752416819	66	34
EducationalAttainment_lenadj	PC3_str	32	75	0.5252031242259089	3.2985272494990046	1506	107
EducationalAttainment_lenadj	EC6_ven	33	75	0.5241025469294741	3.168072955316848	1497	109
EducationalAttainment_lenadj	vCM3_stressed	34	75	0.5228898924607285	2.8535413686478255	1505	64
EducationalAttainment_lenadj	MAIT-like	35	75	0.5125777102097991	1.0622259180611735	605	79
EducationalAttainment_lenadj	ILC	36	75	0.5039834534594959	0.17962497539186234	171	57
EducationalAttainment_lenadj	EC8_ln	37	75	0.5019117211670551	0.22140306279560323	1175	84
EducationalAttainment_lenadj	PC1_vent	38	75	0.4993834348270292	-0.08075523007616181	1514	104
EducationalAttainment_lenadj	B_plasma	39	75	0.4958385277901187	-0.2762462491932532	374	57
EducationalAttainment_lenadj	gdT	40	75	0.49506198958655284	-0.07825718416585707	21	14
EducationalAttainment_lenadj	EC10_CMC-like	41	75	0.4943758059924405	-0.7181219776320223	1512	103
EducationalAttainment_lenadj	FB1	42	75	0.48166697733442215	-2.3926744537071403	1516	104
EducationalAttainment_lenadj	DC	43	75	0.48129998777205735	-1.985056755378372	964	93
EducationalAttainment_lenadj	CD4+T_naive	44	75	0.48125196471582493	-2.4693396640586363	1500	94
EducationalAttainment_lenadj	CD4+T_act	45	75	0.47980640106888167	-2.660140065728455	1503	90
EducationalAttainment_lenadj	EC4_immune	46	75	0.4737975282259154	-3.3988654172620962	1499	110
EducationalAttainment_lenadj	Adip2	47	75	0.4733368688072867	-3.371431221587875	1507	69
EducationalAttainment_lenadj	PC2_atria	48	75	0.4618953331806824	-5.007655161215408	1501	110
EducationalAttainment_lenadj	FB3	49	75	0.45919171367442196	-5.315381516897554	1506	104
EducationalAttainment_lenadj	CD8+T_trans	50	75	0.4556615213611608	-5.847882907518478	1504	94
EducationalAttainment_lenadj	CD4+T_Tfh	51	75	0.4555776916079096	-1.3620069315572847	79	23
EducationalAttainment_lenadj	FB2	52	75	0.44996248433319624	-6.512608493359368	1504	103
EducationalAttainment_lenadj	CD4+T_Th1	53	75	0.4499596730552062	-1.4255106990835975	68	26
EducationalAttainment_lenadj	EC1_cap	54	75	0.44769474629301337	-6.793271209389315	1504	108
EducationalAttainment_lenadj	FB4_activated	55	75	0.4452099664183213	-7.095819502753063	1501	108
EducationalAttainment_lenadj	CD8+T_em	56	75	0.4410199089271351	-7.735604264500161	1506	90
EducationalAttainment_lenadj	FB6	57	75	0.4369159134827357	-8.216712009355676	1498	96
EducationalAttainment_lenadj	Adip3	58	75	0.4357775851893799	-4.3319295025575855	392	43
EducationalAttainment_lenadj	CD8+T_cytox	59	75	0.42849243510399554	-8.88656787041196	1383	96
EducationalAttainment_lenadj	EC9_FB-like	60	75	0.42764124251692265	-1.2496683974054412	25	16
EducationalAttainment_lenadj	NK_CD16hi	61	75	0.42704772658047674	-9.56314260477727	1514	96
EducationalAttainment_lenadj	NK_CD56hi	62	75	0.42573971874292277	-9.776577594161857	1505	85
EducationalAttainment_lenadj	EC2_cap	63	75	0.41881303440552675	-10.57561728694318	1504	106
EducationalAttainment_lenadj	EC7_endocardial	64	75	0.41829506083900786	-10.510646021960552	1504	84
EducationalAttainment_lenadj	CD8+T_te	65	75	0.41653208625142957	-10.875592354218728	1505	83
EducationalAttainment_lenadj	LYVE1+IGF1+MP	66	75	0.413945740106337	-11.32001371223745	1504	104
EducationalAttainment_lenadj	CD4+T_Th2	67	75	0.40154703857061064	-3.7223592806337384	120	34
EducationalAttainment_lenadj	CD16+Mo	68	75	0.39227586207438736	-14.175486397752579	1500	105
EducationalAttainment_lenadj	CD14+Mo	69	75	0.3911544308964574	-14.196373526610763	1503	89
EducationalAttainment_lenadj	MoMP	70	75	0.3738806914177715	-16.41909104377354	1505	103
EducationalAttainment_lenadj	EC5_art	71	75	0.37049559321045455	-16.834033142446383	1497	109
EducationalAttainment_lenadj	EC3_cap	72	75	0.3612256466361715	-18.030102703384294	1497	105
EducationalAttainment_lenadj	CD4+T_Th17	73	75	0.34085712525894435	-1.4568381232242962	7	6
EducationalAttainment_lenadj	Neut	74	75	0.33795415047221583	-6.122185956528052	124	20
EducationalAttainment_lenadj	LYVE1+TIMD4+MP	75	75	0.33164957010630125	-22.064528526642256	1511	98
HRV_RMSSD	SAN_P_cell	1	75	0.9037235667845309	21.564824436406163	245	6
HRV_RMSSD	AVN_P_cell	2	75	0.8517462513571338	14.889718031135807	155	3
HRV_RMSSD	aCM2	3	75	0.8460149358476738	43.983697975168624	1500	39
HRV_RMSSD	aCM4	4	75	0.8107375036021085	40.05675911422969	1490	39
HRV_RMSSD	NC6_schwann	5	75	0.8008793869016082	4.409311763387971	18	9
HRV_RMSSD	vCM4	6	75	0.795221643986323	37.28316345436203	1503	67
HRV_RMSSD	AVN_bundle_cell	7	75	0.7681044771001583	5.617925790905632	37	3
HRV_RMSSD	aCM1	8	75	0.7546668245950613	30.66022850656448	1480	39
HRV_RMSSD	aCM5	9	75	0.7532587279029817	6.476191567257115	55	16
HRV_RMSSD	NC5_glial	10	75	0.7452097784753147	7.678286375167183	86	9
HRV_RMSSD	vCM2	11	75	0.7433965568309734	30.861499490819607	1504	66
HRV_RMSSD	aCM3	12	75	0.7358219073281259	29.450380054984194	1481	38
HRV_RMSSD	Purkinje	13	75	0.7318336592457703	8.218840348663926	110	12
HRV_RMSSD	vCM1	14	75	0.7167330467459055	27.918667291965036	1502	66
HRV_RMSSD	vCM5	15	75	0.6924359636036084	10.066130198467853	233	46
HRV_RMSSD	vCM3_stressed	16	75	0.6829368424703145	22.805605082438213	1505	64
HRV_RMSSD	NC4_glial	17	75	0.6657119053312555	2.0634037991660983	13	9
HRV_RMSSD	T/NK_cycling	18	75	0.6474497983392845	7.455865453026344	217	33
HRV_RMSSD	SMC1_basic	19	75	0.6469116197277923	19.313949683998707	1498	109
HRV_RMSSD	NC3_glial	20	75	0.6289066387981468	1.993198639060881	20	12
HRV_RMSSD	EC8_ln	21	75	0.5939694446333612	10.882927494639395	1175	84
HRV_RMSSD	NK_CD16hi	22	75	0.5653580326337625	8.56763137250063	1514	96
HRV_RMSSD	B_plasma	23	75	0.5550635094008594	3.6552179546667887	374	57
HRV_RMSSD	PC3_str	24	75	0.5517549861727773	6.773574206838024	1506	107
HRV_RMSSD	SMC2_art	25	75	0.5363623449572552	4.745650064250333	1498	104
HRV_RMSSD	NC1_glial	26	75	0.5328785491053373	4.345786791843985	1499	108
HRV_RMSSD	PC1_vent	27	75	0.5283167756220993	3.7088175437457114	1514	104
HRV_RMSSD	PC4_CMC-like	28	75	0.523489390512278	2.197933628530997	780	75
HRV_RMSSD	CD4+T_Th17	29	75	0.5232368672950731	0.21271674396260773	7	6
HRV_RMSSD	NK_CD56hi	30	75	0.508215030423978	1.081532159841751	1505	85
HRV_RMSSD	gdT	31	75	0.5025742699416601	0.04079681897156964	21	14
HRV_RMSSD	B	32	75	0.4977381857358182	-0.2596097940531275	1183	79
HRV_RMSSD	EC2_cap	33	75	0.4974601592850988	-0.3308460067932092	1504	106
HRV_RMSSD	EC1_cap	34	75	0.49034147640137943	-1.2544240900785804	1504	108
HRV_RMSSD	ILC	35	75	0.48966086610747805	-0.46622025082033725	171	57
HRV_RMSSD	EC4_immune	36	75	0.4896273410157336	-1.3454941278305323	1499	110
HRV_RMSSD	Meso	37	75	0.48543128294511295	-1.4287218587021757	871	45
HRV_RMSSD	LYVE1+MP_cycling	38	75	0.4837493877778319	-2.1380268395583273	1507	97
HRV_RMSSD	Mast	39	75	0.4829145801140419	-2.2058083676218967	1504	74
HRV_RMSSD	EC10_CMC-like	40	75	0.474959546228558	-3.197275940158225	1512	103
HRV_RMSSD	CD8+T_cytox	41	75	0.47423671504206977	-3.2017197156185855	1383	96
HRV_RMSSD	PC2_atria	42	75	0.47257862580088383	-3.603673709756925	1501	110
HRV_RMSSD	CD8+T_te	43	75	0.47026340109350845	-3.8745802211145635	1505	83
HRV_RMSSD	CD8+T_trans	44	75	0.4616721965382213	-5.055123983224054	1504	94
HRV_RMSSD	CD4+T_Th2	45	75	0.46157668648664835	-1.4527280395897784	120	34
HRV_RMSSD	MAIT-like	46	75	0.461050381056128	-3.2894138957466614	605	79
HRV_RMSSD	CD4+T_Th1	47	75	0.45952339371478945	-1.153066713289434	68	26
HRV_RMSSD	EC3_cap	48	75	0.45586160658729663	-5.734631414977671	1497	105
HRV_RMSSD	CD4+T_reg	49	75	0.45435606846384047	-1.2804353135360926	66	34
HRV_RMSSD	CD16+Mo	50	75	0.45201124288505506	-6.314870435052342	1500	105
HRV_RMSSD	CD8+T_em	51	75	0.4507399402549586	-6.460761950375974	1506	90
HRV_RMSSD	EC5_art	52	75	0.4491417231391068	-6.61097131339555	1497	109
HRV_RMSSD	CD4+T_act	53	75	0.4483220259098728	-6.807634927372066	1503	90
HRV_RMSSD	CD4+T_naive	54	75	0.4435293954472965	-7.437851570135657	1500	94
HRV_RMSSD	CD4+T_Tfh	55	75	0.4330537470767926	-2.0526006824857093	79	23
HRV_RMSSD	Adip4	56	75	0.42806093736802997	-1.9697522953666953	63	19
HRV_RMSSD	FB5	57	75	0.42800060918811006	-9.471688903913487	1508	105
HRV_RMSSD	NC2_glial_NGF+	58	75	0.4248310702846922	-6.92755781298391	727	90
HRV_RMSSD	Neut	59	75	0.41901968397902795	-3.0594831953026573	124	20
HRV_RMSSD	MoMP	60	75	0.4188438988149041	-10.565467168312324	1505	103
HRV_RMSSD	EC6_ven	61	75	0.4184507814829415	-10.718944950800381	1497	109
HRV_RMSSD	DC	62	75	0.4146501989292746	-9.060111679097234	964	93
HRV_RMSSD	EC9_FB-like	63	75	0.4119038805339901	-1.521459741158133	25	16
HRV_RMSSD	CD14+Mo	64	75	0.39949471734841807	-13.108577093865472	1503	89
HRV_RMSSD	FB4_activated	65	75	0.3852275958399056	-14.864094992805121	1501	108
HRV_RMSSD	LYVE1+TIMD4+MP	66	75	0.37491278824205254	-16.394317222083195	1511	98
HRV_RMSSD	LYVE1+IGF1+MP	67	75	0.3623483342781562	-18.107398116131407	1504	104
HRV_RMSSD	EC7_endocardial	68	75	0.3622124107611877	-17.725202314328133	1504	84
HRV_RMSSD	Adip1	69	75	0.35900897861685566	-18.464612077766713	1507	87
HRV_RMSSD	FB3	70	75	0.3467683918379317	-19.958800801655823	1506	104
HRV_RMSSD	FB1	71	75	0.34332543813579425	-20.44786768425812	1516	104
HRV_RMSSD	FB2	72	75	0.3358434501036107	-21.365715840386066	1504	103
HRV_RMSSD	Adip3	73	75	0.3167680592818272	-12.359358522231691	392	43
HRV_RMSSD	FB6	74	75	0.30428390436275493	-25.492051676244127	1498	96
HRV_RMSSD	Adip2	75	75	0.22203853146237454	-35.14695879688237	1507	69
HRV_RMSSD_lenadj	SAN_P_cell	1	75	0.9057144629578142	21.671167810883674	245	6
HRV_RMSSD_lenadj	AVN_P_cell	2	75	0.8539059719358352	14.98114084038774	155	3
HRV_RMSSD_lenadj	aCM2	3	75	0.8478538860412346	44.217456179006874	1500	39
HRV_RMSSD_lenadj	aCM4	4	75	0.8127388163607532	40.31474568539018	1490	39
HRV_RMSSD_lenadj	NC6_schwann	5	75	0.8005384891327423	4.404315992298923	18	9
HRV_RMSSD_lenadj	vCM4	6	75	0.7970862517882096	37.51864238645285	1503	67
HRV_RMSSD_lenadj	AVN_bundle_cell	7	75	0.768424815792723	5.624638245028926	37	3
HRV_RMSSD_lenadj	aCM1	8	75	0.7569939603938455	30.940400513538595	1480	39
HRV_RMSSD_lenadj	aCM5	9	75	0.7550921462634831	6.523074723560748	55	16
HRV_RMSSD_lenadj	vCM2	10	75	0.7475097475823707	31.383032070954044	1504	66
HRV_RMSSD_lenadj	NC5_glial	11	75	0.7460300904625762	7.703972913421655	86	9
HRV_RMSSD_lenadj	aCM3	12	75	0.7384231031168059	29.775227756548478	1481	38
HRV_RMSSD_lenadj	Purkinje	13	75	0.7333898693414622	8.274010259569367	110	12
HRV_RMSSD_lenadj	vCM1	14	75	0.7195339007466917	28.279461883077786	1502	66
HRV_RMSSD_lenadj	vCM5	15	75	0.694784499130251	10.188979711335481	233	46
HRV_RMSSD_lenadj	vCM3_stressed	16	75	0.6862106862280739	23.2137349420819	1505	64
HRV_RMSSD_lenadj	NC4_glial	17	75	0.6672521368566855	2.0825823824719545	13	9
HRV_RMSSD_lenadj	SMC1_basic	18	75	0.6461650732161858	19.21580386143784	1498	109
HRV_RMSSD_lenadj	T/NK_cycling	19	75	0.6443762175104729	7.300448454314078	217	33
HRV_RMSSD_lenadj	NC3_glial	20	75	0.6331565413509407	2.0589120892240995	20	12
HRV_RMSSD_lenadj	EC8_ln	21	75	0.5924521311770519	10.707202157578148	1175	84
HRV_RMSSD_lenadj	NK_CD16hi	22	75	0.5639669649303064	8.385279566347144	1514	96
HRV_RMSSD_lenadj	B_plasma	23	75	0.5550757086694337	3.6560277647572015	374	57
HRV_RMSSD_lenadj	PC3_str	24	75	0.5488954601182525	6.399325977651936	1506	107
HRV_RMSSD_lenadj	SMC2_art	25	75	0.5359801091818136	4.695764468741673	1498	104
HRV_RMSSD_lenadj	NC1_glial	26	75	0.5331794407120549	4.38555773082495	1499	108
HRV_RMSSD_lenadj	PC1_vent	27	75	0.5253594593618697	3.3214801373009024	1514	104
HRV_RMSSD_lenadj	PC4_CMC-like	28	75	0.5212020444663367	1.9839036054091204	780	75
HRV_RMSSD_lenadj	CD4+T_Th17	29	75	0.5203164243132523	0.185982196911461	7	6
HRV_RMSSD_lenadj	NK_CD56hi	30	75	0.50698331359231	0.9193731298058929	1505	85
HRV_RMSSD_lenadj	gdT	31	75	0.5025774544657615	0.04084728704843324	21	14
HRV_RMSSD_lenadj	EC2_cap	32	75	0.501127876043665	0.14691995565515684	1504	106
HRV_RMSSD_lenadj	B	33	75	0.4969009337529037	-0.355709114981964	1183	79
HRV_RMSSD_lenadj	EC1_cap	34	75	0.49336919334921187	-0.8611920356636626	1504	108
HRV_RMSSD_lenadj	EC4_immune	35	75	0.49221118013940396	-1.0103302731785684	1499	110
HRV_RMSSD_lenadj	ILC	36	75	0.48669682260458236	-0.599877201173002	171	57
HRV_RMSSD_lenadj	Mast	37	75	0.483242505847925	-2.163471607238679	1504	74
HRV_RMSSD_lenadj	Meso	38	75	0.4820087230598873	-1.7643647366794546	871	45
HRV_RMSSD_lenadj	LYVE1+MP_cycling	39	75	0.48131049302518275	-2.4589022852789784	1507	97
HRV_RMSSD_lenadj	EC10_CMC-like	40	75	0.4767969827399239	-2.9626639158322763	1512	103
HRV_RMSSD_lenadj	CD8+T_cytox	41	75	0.47354905633543315	-3.287178167141761	1383	96
HRV_RMSSD_lenadj	PC2_atria	42	75	0.4711447933574223	-3.792105706023017	1501	110
HRV_RMSSD_lenadj	CD8+T_te	43	75	0.46966606027840535	-3.9524117483427545	1505	83
HRV_RMSSD_lenadj	CD8+T_trans	44	75	0.46159155532873736	-5.065759899589695	1504	94
HRV_RMSSD_lenadj	MAIT-like	45	75	0.4607356233746793	-3.3159961401748532	605	79
HRV_RMSSD_lenadj	CD4+T_Th2	46	75	0.45929096426160265	-1.5391477796750137	120	34
HRV_RMSSD_lenadj	EC3_cap	47	75	0.4591447670831499	-5.308070458309188	1497	105
HRV_RMSSD_lenadj	CD4+T_Th1	48	75	0.45913061896448837	-1.1642557810487586	68	26
HRV_RMSSD_lenadj	CD4+T_reg	49	75	0.45303702123054224	-1.3174381439430078	66	34
HRV_RMSSD_lenadj	CD16+Mo	50	75	0.4517026528636046	-6.355477988157802	1500	105
HRV_RMSSD_lenadj	EC5_art	51	75	0.45116663869551504	-6.347756366257641	1497	109
HRV_RMSSD_lenadj	CD8+T_em	52	75	0.4497252811113459	-6.593840781818392	1506	90
HRV_RMSSD_lenadj	CD4+T_act	53	75	0.44726308325855657	-6.947131397698289	1503	90
HRV_RMSSD_lenadj	CD4+T_naive	54	75	0.44246614118584504	-7.577894826988141	1500	94
HRV_RMSSD_lenadj	CD4+T_Tfh	55	75	0.42970453991895824	-2.155288803146366	79	23
HRV_RMSSD_lenadj	Adip4	56	75	0.42721799110549274	-1.9928328759964125	63	19
HRV_RMSSD_lenadj	FB5	57	75	0.4268072974378268	-9.62867186636102	1508	105
HRV_RMSSD_lenadj	NC2_glial_NGF+	58	75	0.4229193795001029	-7.1037389623091425	727	90
HRV_RMSSD_lenadj	EC6_ven	59	75	0.4205274006439045	-10.445991182819393	1497	109
HRV_RMSSD_lenadj	MoMP	60	75	0.4177007603003111	-10.714288911451755	1505	103
HRV_RMSSD_lenadj	Neut	61	75	0.41599483230231493	-3.1737638418586642	124	20
HRV_RMSSD_lenadj	EC9_FB-like	62	75	0.4123094609057369	-1.5144551850987154	25	16
HRV_RMSSD_lenadj	DC	63	75	0.4120701631506387	-9.333989438591233	964	93
HRV_RMSSD_lenadj	CD14+Mo	64	75	0.398721336610351	-13.20944662788798	1503	89
HRV_RMSSD_lenadj	FB4_activated	65	75	0.38383941234802427	-15.043877680479635	1501	108
HRV_RMSSD_lenadj	LYVE1+TIMD4+MP	66	75	0.3744911990001196	-16.449572013300703	1511	98
HRV_RMSSD_lenadj	EC7_endocardial	67	75	0.36224528724400185	-17.72097303422763	1504	84
HRV_RMSSD_lenadj	LYVE1+IGF1+MP	68	75	0.3621071954291886	-18.139118743096766	1504	104
HRV_RMSSD_lenadj	Adip1	69	75	0.35875959699990273	-18.49727185121317	1507	87
HRV_RMSSD_lenadj	FB3	70	75	0.34475854660825306	-20.220588177396756	1506	104
HRV_RMSSD_lenadj	FB1	71	75	0.341925493233057	-20.630576911562255	1516	104
HRV_RMSSD_lenadj	FB2	72	75	0.33499988592899027	-21.475509524886913	1504	103
HRV_RMSSD_lenadj	Adip3	73	75	0.3178164207617939	-12.288644457090978	392	43
HRV_RMSSD_lenadj	FB6	74	75	0.30279756895313303	-25.68564709284462	1498	96
HRV_RMSSD_lenadj	Adip2	75	75	0.22086840483200026	-35.29491596764157	1507	69
HRV_RMSSDc	SAN_P_cell	1	75	0.8583654492358028	19.142028438900688	245	6
HRV_RMSSDc	aCM2	2	75	0.7928077131662784	37.22026041781911	1500	39
HRV_RMSSDc	NC6_schwann	3	75	0.7746888766546846	4.025496420934291	18	9
HRV_RMSSDc	AVN_P_cell	4	75	0.7735750242375727	11.580663491201662	155	3
HRV_RMSSDc	NC5_glial	5	75	0.7237477217123734	7.006242140020397	86	9
HRV_RMSSDc	AVN_bundle_cell	6	75	0.7188780640244508	4.586423674256985	37	3
HRV_RMSSDc	aCM5	7	75	0.7002784493282687	5.121409301005159	55	16
HRV_RMSSDc	aCM4	8	75	0.6989278571310558	25.64352600454673	1490	39
HRV_RMSSDc	aCM1	9	75	0.6808972862888769	21.778856129586128	1480	39
HRV_RMSSDc	aCM3	10	75	0.6736399833825185	21.684853461222126	1481	38
HRV_RMSSDc	T/NK_cycling	11	75	0.6657483272720179	8.381138808754086	217	33
HRV_RMSSDc	vCM2	12	75	0.6411275077041726	17.894281512690352	1504	66
HRV_RMSSDc	vCM4	13	75	0.6255087494399901	15.850339281155478	1503	67
HRV_RMSSDc	Purkinje	14	75	0.6152873039202265	4.087102572727586	110	12
HRV_RMSSDc	vCM1	15	75	0.6102693002769101	14.204441607643307	1502	66
HRV_RMSSDc	SMC1_basic	16	75	0.6097908766318448	14.433817222616925	1498	109
HRV_RMSSDc	CD4+T_Th17	17	75	0.6016024291785629	0.9300968860866088	7	6
HRV_RMSSDc	NK_CD16hi	18	75	0.5931006302474254	12.204343496339892	1514	96
HRV_RMSSDc	vCM5	19	75	0.5855975808135337	4.477522688626746	233	46
HRV_RMSSDc	EC8_ln	20	75	0.5833113804657797	9.64858009563578	1175	84
HRV_RMSSDc	EC2_cap	21	75	0.5801953497280258	10.446446922927	1504	106
HRV_RMSSDc	NC3_glial	22	75	0.5799531055331981	1.2362623261553274	20	12
HRV_RMSSDc	NC4_glial	23	75	0.5766552969387081	0.9544928628595196	13	9
HRV_RMSSDc	vCM3_stressed	24	75	0.5746843459258666	9.310435645580244	1505	64
HRV_RMSSDc	PC3_str	25	75	0.568455826566611	8.959341996371265	1506	107
HRV_RMSSDc	EC1_cap	26	75	0.566887069184482	8.687119728293787	1504	108
HRV_RMSSDc	EC3_cap	27	75	0.5663066101016462	8.614812182994804	1497	105
HRV_RMSSDc	EC4_immune	28	75	0.5606326986359395	7.864997788216076	1499	110
HRV_RMSSDc	gdT	29	75	0.5434498537299417	0.6885897194675965	21	14
HRV_RMSSDc	EC10_CMC-like	30	75	0.5403930561916227	5.157564151581973	1512	103
HRV_RMSSDc	PC1_vent	31	75	0.5356321865922944	4.666960692105964	1514	104
HRV_RMSSDc	CD8+T_cytox	32	75	0.5259552538807527	3.2255765601937076	1383	96
HRV_RMSSDc	SMC2_art	33	75	0.5246002532400914	3.210579337131528	1498	104
HRV_RMSSDc	EC5_art	34	75	0.5225517376244676	2.931457762722959	1497	109
HRV_RMSSDc	PC4_CMC-like	35	75	0.517008566674667	1.5915142901567234	780	75
HRV_RMSSDc	LYVE1+MP_cycling	36	75	0.5082053536772506	1.07954495191873	1507	97
HRV_RMSSDc	NK_CD56hi	37	75	0.5040104660150747	0.5279892766551063	1505	85
HRV_RMSSDc	EC6_ven	38	75	0.5026270498861993	0.3453031632336855	1497	109
HRV_RMSSDc	B	39	75	0.4927490258155469	-0.832262818623332	1183	79
HRV_RMSSDc	CD8+T_te	40	75	0.48125307371831727	-2.4426623234927387	1505	83
HRV_RMSSDc	ILC	41	75	0.48027705154973876	-0.8893625006682806	171	57
HRV_RMSSDc	NC1_glial	42	75	0.47235946561800923	-3.653441909858102	1499	108
HRV_RMSSDc	B_plasma	43	75	0.4685848850986642	-2.0853936351810196	374	57
HRV_RMSSDc	CD4+T_Tfh	44	75	0.46646558229005314	-1.0281795570717702	79	23
HRV_RMSSDc	CD8+T_trans	45	75	0.4663446842179462	-4.438861051416573	1504	94
HRV_RMSSDc	PC2_atria	46	75	0.4618427633394975	-5.014563806756972	1501	110
HRV_RMSSDc	MAIT-like	47	75	0.46150992402765356	-3.2506040927956588	605	79
HRV_RMSSDc	FB5	48	75	0.46040535523239323	-5.208768480827276	1508	105
HRV_RMSSDc	CD8+T_em	49	75	0.45774062045812547	-5.54257937980116	1506	90
HRV_RMSSDc	Mast	50	75	0.4553694884497807	-5.762009741980553	1504	74
HRV_RMSSDc	Neut	51	75	0.45434899276393775	-1.7247214675131826	124	20
HRV_RMSSDc	CD4+T_act	52	75	0.4478649827364507	-6.8678420683346335	1503	90
HRV_RMSSDc	EC9_FB-like	53	75	0.44672909842979547	-0.920012511397111	25	16
HRV_RMSSDc	CD4+T_naive	54	75	0.4466892276053484	-7.021664019740374	1500	94
HRV_RMSSDc	CD4+T_reg	55	75	0.4441979441043838	-1.5653980832053833	66	34
HRV_RMSSDc	CD4+T_Th1	56	75	0.4354414767298773	-1.839094011918165	68	26
HRV_RMSSDc	MoMP	57	75	0.43324538135129975	-8.690581747605906	1505	103
HRV_RMSSDc	EC7_endocardial	58	75	0.43128602586805737	-8.839468779726	1504	84
HRV_RMSSDc	Meso	59	75	0.42818762856362336	-7.042480433235784	871	45
HRV_RMSSDc	FB1	60	75	0.4273291319224834	-9.484400513193474	1516	104
HRV_RMSSDc	FB4_activated	61	75	0.4257097712413349	-9.621276345886308	1501	108
HRV_RMSSDc	CD16+Mo	62	75	0.4223089959768299	-10.22340760358352	1500	105
HRV_RMSSDc	LYVE1+TIMD4+MP	63	75	0.4185702056132958	-10.672440945345638	1511	98
HRV_RMSSDc	NC2_glial_NGF+	64	75	0.4169916722865785	-7.650035611412146	727	90
HRV_RMSSDc	CD4+T_Th2	65	75	0.40743806086110984	-3.4996285351377137	120	34
HRV_RMSSDc	FB2	66	75	0.40204919210510076	-12.748739719125226	1504	103
HRV_RMSSDc	DC	67	75	0.39279948559101907	-11.379623858727122	964	93
HRV_RMSSDc	LYVE1+IGF1+MP	68	75	0.3755715913385314	-16.367943829628242	1504	104
HRV_RMSSDc	FB3	69	75	0.37364820749732003	-16.457637479245637	1506	104
HRV_RMSSDc	FB6	70	75	0.3725067938107186	-16.60600979170932	1498	96
HRV_RMSSDc	Adip1	71	75	0.33181518923222464	-22.02599327059586	1507	87
HRV_RMSSDc	CD14+Mo	72	75	0.32579784732935596	-22.720620130155126	1503	89
HRV_RMSSDc	Adip4	73	75	0.32154439815974717	-4.886265103900164	63	19
HRV_RMSSDc	Adip3	74	75	0.29494433334780795	-13.831412204860827	392	43
HRV_RMSSDc	Adip2	75	75	0.2507056929985308	-31.522127086805007	1507	69
HRV_RMSSDc_lenadj	SAN_P_cell	1	75	0.8564581491500002	19.04015033496571	245	6
HRV_RMSSDc_lenadj	aCM2	2	75	0.7800684656654995	35.600910625497285	1500	39
HRV_RMSSDc_lenadj	AVN_P_cell	3	75	0.7776837923082164	11.754591138735003	155	3
HRV_RMSSDc_lenadj	NC6_schwann	4	75	0.7727993763960708	3.9978062697310954	18	9
HRV_RMSSDc_lenadj	AVN_bundle_cell	5	75	0.710666279460139	4.414351962541505	37	3
HRV_RMSSDc_lenadj	aCM5	6	75	0.6945561385929655	4.975081548212408	55	16
HRV_RMSSDc_lenadj	aCM4	7	75	0.6903269221768317	24.53479089653843	1490	39
HRV_RMSSDc_lenadj	NC5_glial	8	75	0.6838256637831103	5.756157435516025	86	9
HRV_RMSSDc_lenadj	T/NK_cycling	9	75	0.6686322722120399	8.52696678335235	217	33
HRV_RMSSDc_lenadj	aCM1	10	75	0.6673152960523916	20.143672886198534	1480	39
HRV_RMSSDc_lenadj	aCM3	11	75	0.6621901645850082	20.254954437132728	1481	38
HRV_RMSSDc_lenadj	vCM2	12	75	0.6354148849128787	17.169948729761142	1504	66
HRV_RMSSDc_lenadj	vCM4	13	75	0.6169937199054882	14.77498710281635	1503	67
HRV_RMSSDc_lenadj	SMC1_basic	14	75	0.6086924484729727	14.2894107676935	1498	109
HRV_RMSSDc_lenadj	vCM1	15	75	0.6025095659354912	13.204864272276913	1502	66
HRV_RMSSDc_lenadj	Purkinje	16	75	0.5957299520236277	3.3937660080384022	110	12
HRV_RMSSDc_lenadj	CD4+T_Th17	17	75	0.5912697193427201	0.8355083873582576	7	6
HRV_RMSSDc_lenadj	EC2_cap	18	75	0.5894467374548423	11.651555837338668	1504	106
HRV_RMSSDc_lenadj	EC8_ln	19	75	0.5841156171384904	9.741721535726153	1175	84
HRV_RMSSDc_lenadj	EC3_cap	20	75	0.5790783085687261	10.274160826864117	1497	105
HRV_RMSSDc_lenadj	vCM5	21	75	0.5778832896801999	4.073995938829694	233	46
HRV_RMSSDc_lenadj	EC1_cap	22	75	0.5728258379855148	9.458431676062569	1504	108
HRV_RMSSDc_lenadj	NC3_glial	23	75	0.5721445253632546	1.1155233827398459	20	12
HRV_RMSSDc_lenadj	vCM3_stressed	24	75	0.572081031906762	8.985896582679848	1505	64
HRV_RMSSDc_lenadj	NK_CD16hi	25	75	0.571096575441496	9.319883504499119	1514	96
HRV_RMSSDc_lenadj	EC4_immune	26	75	0.5667099075166865	8.653305672920235	1499	110
HRV_RMSSDc_lenadj	PC3_str	27	75	0.5666244768244912	8.719659131120066	1506	107
HRV_RMSSDc_lenadj	NC4_glial	28	75	0.5602656610732468	0.7504131569135946	13	9
HRV_RMSSDc_lenadj	EC10_CMC-like	29	75	0.5456117778908615	5.823913630695161	1512	103
HRV_RMSSDc_lenadj	EC5_art	30	75	0.5334415355074951	4.347002013470608	1497	109
HRV_RMSSDc_lenadj	PC1_vent	31	75	0.5327121322865117	4.284503706801292	1514	104
HRV_RMSSDc_lenadj	SMC2_art	32	75	0.5318437955623156	4.155934130043666	1498	104
HRV_RMSSDc_lenadj	gdT	33	75	0.515202927568788	0.24093474962526734	21	14
HRV_RMSSDc_lenadj	LYVE1+MP_cycling	34	75	0.5147749185855381	1.943875840263897	1507	97
HRV_RMSSDc_lenadj	PC4_CMC-like	35	75	0.5143683345239205	1.3444642431058769	780	75
HRV_RMSSDc_lenadj	EC6_ven	36	75	0.5112366505002361	1.4769612797481184	1497	109
HRV_RMSSDc_lenadj	CD8+T_cytox	37	75	0.5080853116645427	1.004798177156354	1383	96
HRV_RMSSDc_lenadj	NK_CD56hi	38	75	0.5032538110657657	0.4283734968775257	1505	85
HRV_RMSSDc_lenadj	B	39	75	0.49783949676592393	-0.247981369881638	1183	79
HRV_RMSSDc_lenadj	ILC	40	75	0.4788314871041488	-0.9545470147103536	171	57
HRV_RMSSDc_lenadj	CD4+T_Tfh	41	75	0.477204084756304	-0.6989324890337019	79	23
HRV_RMSSDc_lenadj	CD8+T_te	42	75	0.4736401052088043	-3.434606873159684	1505	83
HRV_RMSSDc_lenadj	B_plasma	43	75	0.4711244539071642	-1.9168123441055962	374	57
HRV_RMSSDc_lenadj	CD8+T_trans	44	75	0.46623954293080055	-4.452728327760912	1504	94
HRV_RMSSDc_lenadj	PC2_atria	45	75	0.46573346848784347	-4.50325347804397	1501	110
HRV_RMSSDc_lenadj	FB5	46	75	0.46513428711992555	-4.586666388275898	1508	105
HRV_RMSSDc_lenadj	Mast	47	75	0.4626816438274732	-4.817975962001794	1504	74
HRV_RMSSDc_lenadj	CD8+T_em	48	75	0.4614772329813503	-5.0524995029536806	1506	90
HRV_RMSSDc_lenadj	MAIT-like	49	75	0.46103488337119836	-3.2907227224192233	605	79
HRV_RMSSDc_lenadj	CD4+T_act	50	75	0.45603083830291524	-5.792138839930408	1503	90
HRV_RMSSDc_lenadj	NC1_glial	51	75	0.45503723337994234	-5.943041971718062	1499	108
HRV_RMSSDc_lenadj	CD4+T_naive	52	75	0.44928473487212406	-6.679804782489425	1500	94
HRV_RMSSDc_lenadj	CD4+T_reg	53	75	0.44704683316246396	-1.4854790659002606	66	34
HRV_RMSSDc_lenadj	CD4+T_Th1	54	75	0.4449497817898336	-1.5682286634948461	68	26
HRV_RMSSDc_lenadj	EC9_FB-like	55	75	0.44181231331378146	-1.0049276093070383	25	16
HRV_RMSSDc_lenadj	Meso	56	75	0.4372250062656888	-6.156204790731136	871	45
HRV_RMSSDc_lenadj	MoMP	57	75	0.43591735670515874	-8.342725363877591	1505	103
HRV_RMSSDc_lenadj	EC7_endocardial	58	75	0.4339128020908741	-8.501556343336723	1504	84
HRV_RMSSDc_lenadj	FB4_activated	59	75	0.42790455803408106	-9.337031020408732	1501	108
HRV_RMSSDc_lenadj	FB1	60	75	0.4260902955080218	-9.646083193418953	1516	104
HRV_RMSSDc_lenadj	CD16+Mo	61	75	0.42485653958101116	-9.88817475415761	1500	105
HRV_RMSSDc_lenadj	LYVE1+TIMD4+MP	62	75	0.42364414115933113	-10.00743524462641	1511	98
HRV_RMSSDc_lenadj	CD4+T_Th2	63	75	0.4228148151994116	-2.9182564424530892	120	34
HRV_RMSSDc_lenadj	Neut	64	75	0.42081829752357036	-2.9915305348938435	124	20
HRV_RMSSDc_lenadj	FB2	65	75	0.40476002812164247	-12.395912177026707	1504	103
HRV_RMSSDc_lenadj	NC2_glial_NGF+	66	75	0.40376525794554213	-8.868980065630582	727	90
HRV_RMSSDc_lenadj	DC	67	75	0.39586076606256554	-11.054660676560278	964	93
HRV_RMSSDc_lenadj	LYVE1+IGF1+MP	68	75	0.3825254811033513	-15.45319390802741	1504	104
HRV_RMSSDc_lenadj	FB3	69	75	0.37674958545369347	-16.05367523161044	1506	104
HRV_RMSSDc_lenadj	FB6	70	75	0.37209523938058775	-16.659614819779815	1498	96
HRV_RMSSDc_lenadj	Adip1	71	75	0.33524171137559994	-21.57724553096945	1507	87
HRV_RMSSDc_lenadj	CD14+Mo	72	75	0.3249458934545358	-22.831737702822544	1503	89
HRV_RMSSDc_lenadj	Adip4	73	75	0.3218591891475625	-4.877645860777936	63	19
HRV_RMSSDc_lenadj	Adip3	74	75	0.3001850245982337	-13.477917165652801	392	43
HRV_RMSSDc_lenadj	Adip2	75	75	0.25657576104162383	-30.779883779734693	1507	69
HRV_SDNN	SAN_P_cell	1	75	0.8369261134937754	17.99685003132772	245	6
HRV_SDNN	aCM2	2	75	0.7416188893107712	30.713391682083664	1500	39
HRV_SDNN	NC6_schwann	3	75	0.741095039722335	3.533187187362285	18	9
HRV_SDNN	AVN_P_cell	4	75	0.7273195186400634	9.622628592244748	155	3
HRV_SDNN	NC5_glial	5	75	0.6878338023130015	5.8816648098760735	86	9
HRV_SDNN	SMC1_basic	6	75	0.6855176560369373	24.389348377138305	1498	109
HRV_SDNN	PC3_str	7	75	0.6797721639889874	23.528169615158042	1506	107
HRV_SDNN	aCM5	8	75	0.6561051449804399	3.9918340895838975	55	16
HRV_SDNN	AVN_bundle_cell	9	75	0.6482101002264359	3.105630139192894	37	3
HRV_SDNN	aCM1	10	75	0.6432528411468041	17.24670989540731	1480	39
HRV_SDNN	PC1_vent	11	75	0.6370625476696586	17.951902016378856	1514	104
HRV_SDNN	aCM4	12	75	0.6325750704154377	17.09007634618581	1490	39
HRV_SDNN	aCM3	13	75	0.6234966175163603	15.422750000496046	1481	38
HRV_SDNN	NC4_glial	14	75	0.606643548202739	1.3278991758510696	13	9
HRV_SDNN	NK_CD56hi	15	75	0.5799688294923853	10.528124232926992	1505	85
HRV_SDNN	FB5	16	75	0.5796880500934021	10.483150084091234	1508	105
HRV_SDNN	PC4_CMC-like	17	75	0.5752204157479174	7.038474720662187	780	75
HRV_SDNN	vCM2	18	75	0.5534094784944472	6.772062081823055	1504	66
HRV_SDNN	NC3_glial	19	75	0.5527789274155206	0.8160858686296079	20	12
HRV_SDNN	Meso	20	75	0.5458102662324118	4.492511486950553	871	45
HRV_SDNN	PC2_atria	21	75	0.5390079363680097	5.126361419399568	1501	110
HRV_SDNN	vCM1	22	75	0.5372435275822599	4.797559352207454	1502	66
HRV_SDNN	ILC	23	75	0.5357734309825894	1.6131233175604864	171	57
HRV_SDNN	B	24	75	0.5350500178940467	4.0230217269071105	1183	79
HRV_SDNN	T/NK_cycling	25	75	0.5338004459960617	1.709134772901055	217	33
HRV_SDNN	SMC2_art	26	75	0.533231623864144	4.337059617893271	1498	104
HRV_SDNN	vCM4	27	75	0.5322101568358796	4.067779468968623	1503	67
HRV_SDNN	FB4_activated	28	75	0.5267627550200256	3.466025965021551	1501	108
HRV_SDNN	B_plasma	29	75	0.5259741375455139	1.724211459574453	374	57
HRV_SDNN	NC2_glial_NGF+	30	75	0.5221513699632303	2.041467088041079	727	90
HRV_SDNN	Neut	31	75	0.5152862718748206	0.5775241962223219	124	20
HRV_SDNN	NC1_glial	32	75	0.5141095320954954	1.8649551117129182	1499	108
HRV_SDNN	vCM5	33	75	0.5051700480749107	0.27043997431577677	233	46
HRV_SDNN	EC8_ln	34	75	0.5049765558698991	0.5763522059372576	1175	84
HRV_SDNN	EC7_endocardial	35	75	0.5022190285906677	0.2854591689146673	1504	84
HRV_SDNN	CD4+T_Tfh	36	75	0.5020382993298145	0.06249512725209554	79	23
HRV_SDNN	CD8+T_trans	37	75	0.5014968788130635	0.19742607988066913	1504	94
HRV_SDNN	CD4+T_naive	38	75	0.5009987739229811	0.13155042787476523	1500	94
HRV_SDNN	gdT	39	75	0.4972086166242509	-0.044237614873922915	21	14
HRV_SDNN	MAIT-like	40	75	0.49458776370689034	-0.45707983164802657	605	79
HRV_SDNN	FB1	41	75	0.49310385043868554	-0.9000283905873013	1516	104
HRV_SDNN	NK_CD16hi	42	75	0.49100347258466637	-1.1793337011701808	1514	96
HRV_SDNN	CD8+T_te	43	75	0.48789668807319786	-1.5770214054751996	1505	83
HRV_SDNN	CD8+T_em	44	75	0.48609820799207676	-1.8233061289754462	1506	90
HRV_SDNN	Mast	45	75	0.48449926665544424	-2.0012178538144765	1504	74
HRV_SDNN	vCM3_stressed	46	75	0.4826571559017333	-2.162025145785189	1505	64
HRV_SDNN	LYVE1+MP_cycling	47	75	0.47666614477253766	-3.0699402622277	1507	97
HRV_SDNN	Purkinje	48	75	0.468882741037905	-1.1031520803731454	110	12
HRV_SDNN	FB2	49	75	0.46862591810226156	-4.083478356502802	1504	103
HRV_SDNN	CD4+T_Th2	50	75	0.46242393472501264	-1.420694850366332	120	34
HRV_SDNN	CD4+T_act	51	75	0.4610371293679335	-5.132650876037508	1503	90
HRV_SDNN	FB3	52	75	0.4586522068066134	-5.385653637870957	1506	104
HRV_SDNN	FB6	53	75	0.4567880285161189	-5.6283659579087395	1498	96
HRV_SDNN	CD4+T_Th1	54	75	0.45402976993850463	-1.3095648808268627	68	26
HRV_SDNN	DC	55	75	0.4505114359772615	-5.253344603728152	964	93
HRV_SDNN	EC1_cap	56	75	0.4483760305629007	-6.704787768663415	1504	108
HRV_SDNN	CD4+T_Th17	57	75	0.4468621012008204	-0.4864390999888621	7	6
HRV_SDNN	CD8+T_cytox	58	75	0.44394719444776665	-6.965935164920682	1383	96
HRV_SDNN	EC2_cap	59	75	0.4428482616279067	-7.444728447246054	1504	106
HRV_SDNN	EC6_ven	60	75	0.44043078875471287	-7.829861618689395	1497	109
HRV_SDNN	EC9_FB-like	61	75	0.43833215542627657	-1.06503150662746	25	16
HRV_SDNN	CD16+Mo	62	75	0.4362320214873336	-8.391268005715556	1500	105
HRV_SDNN	EC4_immune	63	75	0.4346116331113599	-8.481881435661192	1499	110
HRV_SDNN	EC10_CMC-like	64	75	0.43317842503607906	-8.532074373160246	1512	103
HRV_SDNN	LYVE1+IGF1+MP	65	75	0.4250243314058524	-9.862679635135875	1504	104
HRV_SDNN	EC5_art	66	75	0.42220254542573965	-10.112744123289486	1497	109
HRV_SDNN	CD4+T_reg	67	75	0.41831279017881356	-2.291546424663665	66	34
HRV_SDNN	EC3_cap	68	75	0.4082807941438471	-11.916515273709937	1497	105
HRV_SDNN	Adip4	69	75	0.40084179209726944	-2.715035482461956	63	19
HRV_SDNN	MoMP	70	75	0.3901048191007484	-14.306920968253943	1505	103
HRV_SDNN	LYVE1+TIMD4+MP	71	75	0.38361421965168685	-15.253880683360217	1511	98
HRV_SDNN	CD14+Mo	72	75	0.38360410719883137	-15.181137686889603	1503	89
HRV_SDNN	Adip1	73	75	0.3321485309802638	-21.982337823557536	1507	87
HRV_SDNN	Adip3	74	75	0.32961509944991874	-11.492800133095955	392	43
HRV_SDNN	Adip2	75	75	0.3063336062442124	-24.488231399432554	1507	69
HRV_SDNN_lenadj	SAN_P_cell	1	75	0.8440197171657853	18.3757536435857	245	6
HRV_SDNN_lenadj	aCM2	2	75	0.7499870810518462	31.77711460270282	1500	39
HRV_SDNN_lenadj	AVN_P_cell	3	75	0.7379858499620718	10.074143470366725	155	3
HRV_SDNN_lenadj	NC6_schwann	4	75	0.7333893033103098	3.4202615577370814	18	9
HRV_SDNN_lenadj	NC5_glial	5	75	0.681866300711293	5.694803639301671	86	9
HRV_SDNN_lenadj	SMC1_basic	6	75	0.6640117405352439	21.562041928011624	1498	109
HRV_SDNN_lenadj	aCM5	7	75	0.6448904268617751	3.705057544859701	55	16
HRV_SDNN_lenadj	aCM1	8	75	0.644711295579952	17.42229831866514	1480	39
HRV_SDNN_lenadj	AVN_bundle_cell	9	75	0.6418922747504954	2.973244902408996	37	3
HRV_SDNN_lenadj	aCM4	10	75	0.6364519759468495	17.58984309200881	1490	39
HRV_SDNN_lenadj	PC3_str	11	75	0.6319277598909235	17.266403445261076	1506	107
HRV_SDNN_lenadj	aCM3	12	75	0.6306778952631745	16.319576598670427	1481	38
HRV_SDNN_lenadj	NK_CD56hi	13	75	0.6017847276014479	13.400249372222108	1505	85
HRV_SDNN_lenadj	PC1_vent	14	75	0.5907181317533738	11.881896550402674	1514	104
HRV_SDNN_lenadj	NC4_glial	15	75	0.584608619044628	1.053525669322892	13	9
HRV_SDNN_lenadj	FB5	16	75	0.5672315310762048	8.844465761541485	1508	105
HRV_SDNN_lenadj	vCM2	17	75	0.5665980170646335	8.4443046216019	1504	66
HRV_SDNN_lenadj	B	18	75	0.5617916192039106	7.092407979635426	1183	79
HRV_SDNN_lenadj	B_plasma	19	75	0.5556161945524994	3.6919062208440403	374	57
HRV_SDNN_lenadj	vCM4	20	75	0.555248070057943	6.977208034935818	1503	67
HRV_SDNN_lenadj	vCM1	21	75	0.543712559494975	5.6308736639097505	1502	66
HRV_SDNN_lenadj	ILC	22	75	0.5400303921066238	1.8050815128610858	171	57
HRV_SDNN_lenadj	PC4_CMC-like	23	75	0.537474258728212	3.5065164172716927	780	75
HRV_SDNN_lenadj	T/NK_cycling	24	75	0.5372207390276849	1.8820834302808864	217	33
HRV_SDNN_lenadj	Meso	25	75	0.5355820760689696	3.4894555001798984	871	45
HRV_SDNN_lenadj	NC3_glial	26	75	0.5193527880355525	0.2992394428567745	20	12
HRV_SDNN_lenadj	Neut	27	75	0.517465446656373	0.6598546803619565	124	20
HRV_SDNN_lenadj	FB4_activated	28	75	0.5109189175585241	1.414101490652081	1501	108
HRV_SDNN_lenadj	SMC2_art	29	75	0.510625181410579	1.3866925497533151	1498	104
HRV_SDNN_lenadj	PC2_atria	30	75	0.5092482713746205	1.2153932246944779	1501	110
HRV_SDNN_lenadj	NK_CD16hi	31	75	0.5026659313517714	0.3494706949696097	1514	96
HRV_SDNN_lenadj	Mast	32	75	0.5022181663979499	0.28637575394894976	1504	74
HRV_SDNN_lenadj	NC1_glial	33	75	0.5019085387688983	0.2522648595905937	1499	108
HRV_SDNN_lenadj	CD4+T_Tfh	34	75	0.5016429596307489	0.050373843376115196	79	23
HRV_SDNN_lenadj	vCM5	35	75	0.4991899494858118	-0.042372921310844254	233	46
HRV_SDNN_lenadj	CD8+T_trans	36	75	0.49736623749478287	-0.347371745931528	1504	94
HRV_SDNN_lenadj	EC8_ln	37	75	0.49655722262245666	-0.3987199959111357	1175	84
HRV_SDNN_lenadj	NC2_glial_NGF+	38	75	0.49523711484743693	-0.43894681454091233	727	90
HRV_SDNN_lenadj	CD4+T_naive	39	75	0.49330745076731175	-0.8814884879105936	1500	94
HRV_SDNN_lenadj	gdT	40	75	0.49323890017256916	-0.107149355723946	21	14
HRV_SDNN_lenadj	MAIT-like	41	75	0.4910904033891503	-0.7524425576398922	605	79
HRV_SDNN_lenadj	CD8+T_te	42	75	0.48806330418414284	-1.5553118787732252	1505	83
HRV_SDNN_lenadj	Purkinje	43	75	0.48716680860265443	-0.4549552968355455	110	12
HRV_SDNN_lenadj	EC7_endocardial	44	75	0.48650150635819556	-1.7364664848367923	1504	84
HRV_SDNN_lenadj	vCM3_stressed	45	75	0.4851233148256857	-1.8545843605900691	1505	64
HRV_SDNN_lenadj	CD8+T_em	46	75	0.4843830177056091	-2.0482639588647937	1506	90
HRV_SDNN_lenadj	FB1	47	75	0.4771022509524625	-2.988424778217668	1516	104
HRV_SDNN_lenadj	LYVE1+MP_cycling	48	75	0.47304266394088845	-3.54666687195644	1507	97
HRV_SDNN_lenadj	DC	49	75	0.4722895314263095	-2.9415410089791427	964	93
HRV_SDNN_lenadj	EC2_cap	50	75	0.47140674097708335	-3.7246294672871523	1504	106
HRV_SDNN_lenadj	EC1_cap	51	75	0.4679828451158515	-4.158305353024055	1504	108
HRV_SDNN_lenadj	CD16+Mo	52	75	0.4674033326591549	-4.289415755838277	1500	105
HRV_SDNN_lenadj	EC6_ven	53	75	0.46635546031963887	-4.422286016798218	1497	109
HRV_SDNN_lenadj	CD4+T_Th2	54	75	0.462446092043104	-1.4198571152953534	120	34
HRV_SDNN_lenadj	CD4+T_act	55	75	0.4608592002482586	-5.156089807439566	1503	90
HRV_SDNN_lenadj	EC9_FB-like	56	75	0.4599156825886388	-0.6922742518383053	25	16
HRV_SDNN_lenadj	CD4+T_Th1	57	75	0.45968993507252875	-1.1483224100086193	68	26
HRV_SDNN_lenadj	CD4+T_Th17	58	75	0.45689883758660493	-0.3945600245143566	7	6
HRV_SDNN_lenadj	EC3_cap	59	75	0.4565232264084495	-5.64867119944198	1497	105
HRV_SDNN_lenadj	FB3	60	75	0.45099917671684087	-6.382479977572976	1506	104
HRV_SDNN_lenadj	EC4_immune	61	75	0.45091622564621037	-6.366923877952346	1499	110
HRV_SDNN_lenadj	FB2	62	75	0.45051028360673684	-6.441309945580246	1504	103
HRV_SDNN_lenadj	EC5_art	63	75	0.4465303643379918	-6.950416909839449	1497	109
HRV_SDNN_lenadj	EC10_CMC-like	64	75	0.444867588559523	-7.039550250585936	1512	103
HRV_SDNN_lenadj	CD8+T_cytox	65	75	0.4382053738970071	-7.679497122991267	1383	96
HRV_SDNN_lenadj	FB6	66	75	0.4321385826545167	-8.838960087373733	1498	96
HRV_SDNN_lenadj	LYVE1+IGF1+MP	67	75	0.43007087010695166	-9.198832344294363	1504	104
HRV_SDNN_lenadj	CD4+T_reg	68	75	0.42393200187639296	-2.133912389871642	66	34
HRV_SDNN_lenadj	MoMP	69	75	0.39568648988392735	-13.58026014370912	1505	103
HRV_SDNN_lenadj	LYVE1+TIMD4+MP	70	75	0.3955749143919207	-13.686275002394657	1511	98
HRV_SDNN_lenadj	CD14+Mo	71	75	0.38682525270606277	-14.761014156084961	1503	89
HRV_SDNN_lenadj	Adip4	72	75	0.37178795028280565	-3.5105542105281766	63	19
HRV_SDNN_lenadj	Adip3	73	75	0.3289287412702663	-11.539096356253026	392	43
HRV_SDNN_lenadj	Adip1	74	75	0.3236053506479253	-23.101178649019467	1507	87
HRV_SDNN_lenadj	Adip2	75	75	0.2845061671424349	-27.248211431153347	1507	69
HRV_SDNNc	B	1	75	0.7151964992238752	24.700135519161705	1183	79
HRV_SDNNc	SAN_P_cell	2	75	0.7034748263788035	10.868572630115903	245	6
HRV_SDNNc	PC3_str	3	75	0.6778559508483084	23.277380022418548	1506	107
HRV_SDNNc	SMC1_basic	4	75	0.6645580766917543	21.633866805151595	1498	109
HRV_SDNNc	T/NK_cycling	5	75	0.6538181039177348	7.777881692393632	217	33
HRV_SDNNc	NC6_schwann	6	75	0.6487316550336055	2.1796250081508433	18	9
HRV_SDNNc	PC1_vent	7	75	0.6276014886345678	16.712730501936633	1514	104
HRV_SDNNc	EC7_endocardial	8	75	0.626268998931845	16.24343356654207	1504	84
HRV_SDNNc	NK_CD56hi	9	75	0.6199875893127976	15.796707976260148	1505	85
HRV_SDNNc	NC5_glial	10	75	0.6066473912413737	3.339463932504633	86	9
HRV_SDNNc	AVN_P_cell	11	75	0.5784586897986852	3.3212230796701605	155	3
HRV_SDNNc	ILC	12	75	0.5744963530575856	3.3592473768841513	171	57
HRV_SDNNc	NK_CD16hi	13	75	0.5612730913211018	8.032145986315697	1514	96
HRV_SDNNc	PC4_CMC-like	14	75	0.5583882887709044	5.4634701285616165	780	75
HRV_SDNNc	EC6_ven	15	75	0.5556760526077404	7.318139325337598	1497	109
HRV_SDNNc	gdT	16	75	0.5549266717909012	0.8704733911157417	21	14
HRV_SDNNc	CD8+T_trans	17	75	0.5369740204515162	4.876571070060534	1504	94
HRV_SDNNc	CD8+T_te	18	75	0.5282200376907477	3.6769773241219283	1505	83
HRV_SDNNc	EC9_FB-like	19	75	0.5252162374759647	0.4354958013555368	25	16
HRV_SDNNc	LYVE1+MP_cycling	20	75	0.5250728250565839	3.2987294374916107	1507	97
HRV_SDNNc	AVN_bundle_cell	21	75	0.5231777985080807	0.4856731727248109	37	3
HRV_SDNNc	aCM2	22	75	0.5226068010366548	2.873664128240651	1500	39
HRV_SDNNc	B_plasma	23	75	0.5222961124353426	1.4800573261620438	374	57
HRV_SDNNc	EC3_cap	24	75	0.5181425160385411	2.3571461119699864	1497	105
HRV_SDNNc	EC2_cap	25	75	0.5180072310589106	2.345666975999867	1504	106
HRV_SDNNc	CD4+T_naive	26	75	0.5176797942390086	2.328639588364192	1500	94
HRV_SDNNc	EC1_cap	27	75	0.513412281761868	1.7419525016651496	1504	108
HRV_SDNNc	EC5_art	28	75	0.5130795005160285	1.7001795586097426	1497	109
HRV_SDNNc	DC	29	75	0.5121431975937076	1.2890331900031877	964	93
HRV_SDNNc	CD8+T_em	30	75	0.511837385616313	1.55254644386624	1506	90
HRV_SDNNc	CD8+T_cytox	31	75	0.5111731230360296	1.3885344344831743	1383	96
HRV_SDNNc	FB5	32	75	0.5099375759304338	1.3073114454260704	1508	105
HRV_SDNNc	EC8_ln	33	75	0.5092566132045623	1.0720404993796204	1175	84
HRV_SDNNc	CD4+T_Th17	34	75	0.5080859665923415	0.0740211863962402	7	6
HRV_SDNNc	CD4+T_Tfh	35	75	0.506442799053999	0.19753896832024373	79	23
HRV_SDNNc	MAIT-like	36	75	0.501365135936458	0.11528988577369334	605	79
HRV_SDNNc	PC2_atria	37	75	0.4994762756296519	-0.0688270299977962	1501	110
HRV_SDNNc	Mast	38	75	0.49672504019651814	-0.4228127717295604	1504	74
HRV_SDNNc	EC10_CMC-like	39	75	0.49564815454605254	-0.5556628842350168	1512	103
HRV_SDNNc	Meso	40	75	0.4954679078685988	-0.4444522513129071	871	45
HRV_SDNNc	FB4_activated	41	75	0.4878700968088553	-1.5709354056503588	1501	108
HRV_SDNNc	FB1	42	75	0.48711001129310255	-1.682294690306318	1516	104
HRV_SDNNc	CD4+T_act	43	75	0.4819935885009446	-2.3720178276304105	1503	90
HRV_SDNNc	EC4_immune	44	75	0.4813389317305105	-2.4206288680393384	1499	110
HRV_SDNNc	aCM1	45	75	0.4787109204044176	-2.563066650447629	1480	39
HRV_SDNNc	LYVE1+IGF1+MP	46	75	0.4778127032003957	-2.918629528850284	1504	104
HRV_SDNNc	FB2	47	75	0.47452765255687157	-3.315340981526289	1504	103
HRV_SDNNc	aCM5	48	75	0.47348005223975775	-0.6781533788433649	55	16
HRV_SDNNc	CD4+T_Th2	49	75	0.4710360336152026	-1.0950842667514782	120	34
HRV_SDNNc	FB6	50	75	0.468329699580342	-4.125061519704966	1498	96
HRV_SDNNc	NC3_glial	51	75	0.46756000877938786	-0.5015982648754057	20	12
HRV_SDNNc	SMC2_art	52	75	0.4572332302544219	-5.581491618031223	1498	104
HRV_SDNNc	MoMP	53	75	0.4567726871306107	-5.62763302113598	1505	103
HRV_SDNNc	LYVE1+TIMD4+MP	54	75	0.45659906229663455	-5.688261257447348	1511	98
HRV_SDNNc	NC2_glial_NGF+	55	75	0.4508048445013361	-4.533818495573503	727	90
HRV_SDNNc	aCM3	56	75	0.4474882145018667	-6.5578811477171834	1481	38
HRV_SDNNc	Adip1	57	75	0.44744100367515033	-6.883285678864787	1507	87
HRV_SDNNc	NC4_glial	58	75	0.4438318504505409	-0.699391953407367	13	9
HRV_SDNNc	CD16+Mo	59	75	0.44233649879420145	-7.587976035176407	1500	105
HRV_SDNNc	vCM2	60	75	0.44057930636648207	-7.534254922054844	1504	66
HRV_SDNNc	vCM1	61	75	0.44034359389173394	-7.684694969123321	1502	66
HRV_SDNNc	Adip2	62	75	0.43625997484156465	-8.059635206785941	1507	69
HRV_SDNNc	aCM4	63	75	0.4360501985528391	-8.243684017143448	1490	39
HRV_SDNNc	Adip4	64	75	0.43039757198774914	-1.905773265932141	63	19
HRV_SDNNc	NC1_glial	65	75	0.427624599512206	-9.566360683574668	1499	108
HRV_SDNNc	Adip3	66	75	0.42064152376550307	-5.35288692416755	392	43
HRV_SDNNc	vCM5	67	75	0.417407540785652	-4.320327823835539	233	46
HRV_SDNNc	FB3	68	75	0.41610382183163397	-10.927687362724857	1506	104
HRV_SDNNc	Neut	69	75	0.41396738818823686	-3.2503618535882133	124	20
HRV_SDNNc	CD4+T_reg	70	75	0.40813127870079835	-2.5771652660488766	66	34
HRV_SDNNc	CD4+T_Th1	71	75	0.4052850399017802	-2.6981676025467243	68	26
HRV_SDNNc	vCM4	72	75	0.4010113418157252	-12.50115090946132	1503	67
HRV_SDNNc	vCM3_stressed	73	75	0.39637236891905203	-12.918616054304051	1505	64
HRV_SDNNc	Purkinje	74	75	0.37387530193283713	-4.471303954783111	110	12
HRV_SDNNc	CD14+Mo	75	75	0.3109824307029749	-24.652946729324142	1503	89
HRV_SDNNc_lenadj	SAN_P_cell	1	75	0.7346962277371674	12.536258379338035	245	6
HRV_SDNNc_lenadj	B	2	75	0.7088161798107464	23.967805975102205	1183	79
HRV_SDNNc_lenadj	PC3_str	3	75	0.6875001818161707	24.539594911446194	1506	107
HRV_SDNNc_lenadj	SMC1_basic	4	75	0.6825380706892015	23.99763285734492	1498	109
HRV_SDNNc_lenadj	T/NK_cycling	5	75	0.6621918546529744	8.201304169211577	217	33
HRV_SDNNc_lenadj	NC6_schwann	6	75	0.646038667468267	2.14015995249255	18	9
HRV_SDNNc_lenadj	PC1_vent	7	75	0.6382391045595142	18.10600271246613	1514	104
HRV_SDNNc_lenadj	AVN_P_cell	8	75	0.635488065552908	5.7353250670994775	155	3
HRV_SDNNc_lenadj	NC5_glial	9	75	0.6348863482460594	4.223714145388529	86	9
HRV_SDNNc_lenadj	EC7_endocardial	10	75	0.5936340586227642	12.045225856471045	1504	84
HRV_SDNNc_lenadj	gdT	11	75	0.5819325012146117	1.298459561620336	21	14
HRV_SDNNc_lenadj	NK_CD56hi	12	75	0.5774363918916515	10.194721607905457	1505	85
HRV_SDNNc_lenadj	EC6_ven	13	75	0.563805521051533	8.38668818837851	1497	109
HRV_SDNNc_lenadj	PC4_CMC-like	14	75	0.5632112860728609	5.91476442479904	780	75
HRV_SDNNc_lenadj	AVN_bundle_cell	15	75	0.5565785089349116	1.1855597041659252	37	3
HRV_SDNNc_lenadj	EC3_cap	16	75	0.5463843031822171	6.026428730730288	1497	105
HRV_SDNNc_lenadj	aCM2	17	75	0.5458574046664902	5.8291652406124115	1500	39
HRV_SDNNc_lenadj	NK_CD16hi	18	75	0.5359788559180017	4.716383928461672	1514	96
HRV_SDNNc_lenadj	EC2_cap	19	75	0.5353069941740688	4.599177407397766	1504	106
HRV_SDNNc_lenadj	EC5_art	20	75	0.5308795310640759	4.01397189672943	1497	109
HRV_SDNNc_lenadj	CD8+T_trans	21	75	0.5303764853186472	4.0064101146176565	1504	94
HRV_SDNNc_lenadj	EC9_FB-like	22	75	0.5269786071926784	0.46593272172466693	25	16
HRV_SDNNc_lenadj	FB5	23	75	0.5261961830653146	3.44616938652838	1508	105
HRV_SDNNc_lenadj	CD8+T_cytox	24	75	0.5259478836776132	3.224660631780945	1383	96
HRV_SDNNc_lenadj	CD8+T_te	25	75	0.5257619438191369	3.356695844503692	1505	83
HRV_SDNNc_lenadj	PC2_atria	26	75	0.5231296805577316	3.039666106290934	1501	110
HRV_SDNNc_lenadj	EC8_ln	27	75	0.5217597960520568	2.52007749600556	1175	84
HRV_SDNNc_lenadj	CD4+T_Th17	28	75	0.5217375534158728	0.19899160784543937	7	6
HRV_SDNNc_lenadj	EC1_cap	29	75	0.5202203266817266	2.626163785781876	1504	108
HRV_SDNNc_lenadj	ILC	30	75	0.512347914930474	0.556801764619543	171	57
HRV_SDNNc_lenadj	EC10_CMC-like	31	75	0.5115245181392261	1.471501471370617	1512	103
HRV_SDNNc_lenadj	CD4+T_naive	32	75	0.5101166110902221	1.3324782385078535	1500	94
HRV_SDNNc_lenadj	SMC2_art	33	75	0.5092029594373454	1.201078343447656	1498	104
HRV_SDNNc_lenadj	FB4_activated	34	75	0.5048548659008514	0.628750338164257	1501	108
HRV_SDNNc_lenadj	EC4_immune	35	75	0.5001072314030738	0.013909569703718571	1499	110
HRV_SDNNc_lenadj	aCM4	36	75	0.49976708423405125	-0.030024862214491792	1490	39
HRV_SDNNc_lenadj	CD8+T_em	37	75	0.49703309257375083	-0.3891282858569579	1506	90
HRV_SDNNc_lenadj	MAIT-like	38	75	0.4953071325486822	-0.3963269429543556	605	79
HRV_SDNNc_lenadj	CD4+T_Tfh	39	75	0.49416452560537916	-0.178918135101105	79	23
HRV_SDNNc_lenadj	NC3_glial	40	75	0.4938313908247381	-0.09538114970388546	20	12
HRV_SDNNc_lenadj	FB1	41	75	0.48799675330875814	-1.5665644582223506	1516	104
HRV_SDNNc_lenadj	B_plasma	42	75	0.4866764676212539	-0.8844408084461286	374	57
HRV_SDNNc_lenadj	FB2	43	75	0.48465884016879135	-1.99672118975715	1504	103
HRV_SDNNc_lenadj	aCM1	44	75	0.4829100048120516	-2.0575242121613386	1480	39
HRV_SDNNc_lenadj	Meso	45	75	0.4821272859913627	-1.7527375322253853	871	45
HRV_SDNNc_lenadj	FB6	46	75	0.48170770261407625	-2.382574558933988	1498	96
HRV_SDNNc_lenadj	aCM5	47	75	0.47713829520137657	-0.5846068210793645	55	16
HRV_SDNNc_lenadj	LYVE1+MP_cycling	48	75	0.4767745301139141	-3.055680444461469	1507	97
HRV_SDNNc_lenadj	CD4+T_act	49	75	0.47335361841634743	-3.5101770367505982	1503	90
HRV_SDNNc_lenadj	CD4+T_Th2	50	75	0.47114585856965346	-1.090931949416278	120	34
HRV_SDNNc_lenadj	aCM3	51	75	0.4678759281262094	-4.011782180526524	1481	38
HRV_SDNNc_lenadj	vCM2	52	75	0.4667017910494645	-4.222050927720398	1504	66
HRV_SDNNc_lenadj	NC2_glial_NGF+	53	75	0.46439191190911355	-3.281636306299633	727	90
HRV_SDNNc_lenadj	vCM4	54	75	0.4584609011952752	-5.245919606609852	1503	67
HRV_SDNNc_lenadj	Mast	55	75	0.4575501598759148	-5.480474765906964	1504	74
HRV_SDNNc_lenadj	NC4_glial	56	75	0.4560123026895743	-0.5477239644638943	13	9
HRV_SDNNc_lenadj	vCM1	57	75	0.4555424640149634	-5.726838497508683	1502	66
HRV_SDNNc_lenadj	DC	58	75	0.4534814981323977	-4.938064491978421	964	93
HRV_SDNNc_lenadj	NC1_glial	59	75	0.4387580889568949	-8.094769853308698	1499	108
HRV_SDNNc_lenadj	vCM5	60	75	0.43795546279456266	-3.2454868514083866	233	46
HRV_SDNNc_lenadj	FB3	61	75	0.43795274886495544	-8.081809886018162	1506	104
HRV_SDNNc_lenadj	LYVE1+IGF1+MP	62	75	0.4249454588519856	-9.873054930820192	1504	104
HRV_SDNNc_lenadj	vCM3_stressed	63	75	0.42287374979995096	-9.614852753551034	1505	64
HRV_SDNNc_lenadj	LYVE1+TIMD4+MP	64	75	0.4225602175457871	-10.149497629063712	1511	98
HRV_SDNNc_lenadj	MoMP	65	75	0.41730403716917625	-10.76593709508439	1505	103
HRV_SDNNc_lenadj	CD4+T_Th1	66	75	0.41211256499810595	-2.503670270748479	68	26
HRV_SDNNc_lenadj	CD16+Mo	67	75	0.40713761627661904	-12.219818906721427	1500	105
HRV_SDNNc_lenadj	Adip3	68	75	0.40465379380091726	-6.4312910812946384	392	43
HRV_SDNNc_lenadj	CD4+T_reg	69	75	0.40427733711575575	-2.685278715870449	66	34
HRV_SDNNc_lenadj	Adip1	70	75	0.4011514491660076	-12.945506229358221	1507	87
HRV_SDNNc_lenadj	Adip2	71	75	0.39566927803897034	-13.192143520125837	1507	69
HRV_SDNNc_lenadj	Adip4	72	75	0.39565536335587875	-2.857044281914539	63	19
HRV_SDNNc_lenadj	Purkinje	73	75	0.3955196726906396	-3.7039795365583923	110	12
HRV_SDNNc_lenadj	Neut	74	75	0.3779196024144139	-4.612268057736882	124	20
HRV_SDNNc_lenadj	CD14+Mo	75	75	0.274486383372492	-29.413007468733117	1503	89
HeartFailure	SAN_P_cell	1	75	0.7462357012661684	13.152637360439908	245	6
HeartFailure	AVN_P_cell	2	75	0.7130393997124773	9.018139010728332	155	3
HeartFailure	AVN_bundle_cell	3	75	0.6932680827043292	4.049785957054023	37	3
HeartFailure	aCM3	4	75	0.6796245250448513	22.43222688554675	1481	38
HeartFailure	aCM2	5	75	0.6693618540277435	21.52843667809245	1500	39
HeartFailure	aCM4	6	75	0.6645773339960451	21.21544566433521	1490	39
HeartFailure	SMC2_art	7	75	0.6639610784916525	21.398562265253673	1498	104
HeartFailure	SMC1_basic	8	75	0.6630477704353839	21.435312197306324	1498	109
HeartFailure	vCM3_stressed	9	75	0.6580641501964001	19.704880320404808	1505	64
HeartFailure	vCM4	10	75	0.6513130478615929	19.10913109224075	1503	67
HeartFailure	Purkinje	11	75	0.6508658268924572	5.348412949751155	110	12
HeartFailure	B_plasma	12	75	0.6406607417194194	9.337321108733136	374	57
HeartFailure	aCM5	13	75	0.6394000456693958	3.564660565559012	55	16
HeartFailure	aCM1	14	75	0.6237024772861158	14.892973305224013	1480	39
HeartFailure	vCM1	15	75	0.6218800530799505	15.700091437626897	1502	66
HeartFailure	vCM5	16	75	0.6023415694339165	5.35338376125671	233	46
HeartFailure	Adip4	17	75	0.5978794810513113	2.680022861243694	63	19
HeartFailure	vCM2	18	75	0.595664099733759	12.129742522501537	1504	66
HeartFailure	NC4_glial	19	75	0.5824405608471159	1.0265295430480963	13	9
HeartFailure	Mast	20	75	0.559201912328759	7.643246374139183	1504	74
HeartFailure	PC4_CMC-like	21	75	0.548178122361388	4.508091227068059	780	75
HeartFailure	CD16+Mo	22	75	0.5428605179641648	5.64004225145154	1500	105
HeartFailure	PC2_atria	23	75	0.5287886549800284	3.783359591589507	1501	110
HeartFailure	PC3_str	24	75	0.5271832868208539	3.557686400535923	1506	107
HeartFailure	PC1_vent	25	75	0.5206584427010783	2.705759855526369	1514	104
HeartFailure	Neut	26	75	0.520423010290969	0.7715931457532413	124	20
HeartFailure	Adip3	27	75	0.5168573428075726	1.137061271492003	392	43
HeartFailure	Adip1	28	75	0.5166720006476092	2.1834158054775124	1507	87
HeartFailure	B	29	75	0.5137573545818821	1.5790615729493498	1183	79
HeartFailure	NC1_glial	30	75	0.5056121171843622	0.7417926093984027	1499	108
HeartFailure	FB4_activated	31	75	0.5039566060027629	0.5124173175996044	1501	108
HeartFailure	DC	32	75	0.5011091330975889	0.11773747103185207	964	93
HeartFailure	LYVE1+IGF1+MP	33	75	0.49907575018185657	-0.12158050778481341	1504	104
HeartFailure	FB2	34	75	0.4953774091205716	-0.6016510656355966	1504	103
HeartFailure	FB3	35	75	0.49180372339355466	-1.067585559307658	1506	104
HeartFailure	MoMP	36	75	0.48750298736692455	-1.6269482484823001	1505	103
HeartFailure	MAIT-like	37	75	0.4871154030720791	-1.0881434356745143	605	79
HeartFailure	ILC	38	75	0.4794742479688152	-0.9255631428834225	171	57
HeartFailure	EC4_immune	39	75	0.4775570192695442	-2.9112013447705083	1499	110
HeartFailure	FB5	40	75	0.4732929702031751	-3.513372473441813	1508	105
HeartFailure	EC1_cap	41	75	0.4663980805910591	-4.364130474918005	1504	108
HeartFailure	LYVE1+TIMD4+MP	42	75	0.461700936750192	-5.019593797014082	1511	98
HeartFailure	CD14+Mo	43	75	0.4597248350120278	-5.2529587628066405	1503	89
HeartFailure	EC3_cap	44	75	0.4594893874559266	-5.263296041680798	1497	105
HeartFailure	EC2_cap	45	75	0.45721590903956993	-5.573162744218528	1504	106
HeartFailure	FB6	46	75	0.4550387053020737	-5.85621557664195	1498	96
HeartFailure	FB1	47	75	0.45414050669534445	-5.985201681773168	1516	104
HeartFailure	EC10_CMC-like	48	75	0.44991722283243807	-6.394790602268292	1512	103
HeartFailure	EC5_art	49	75	0.4487722423826053	-6.658999418806274	1497	109
HeartFailure	NK_CD56hi	50	75	0.44264051379600916	-7.551539775256764	1505	85
HeartFailure	gdT	51	75	0.43700995657430847	-0.9982610436697249	21	14
HeartFailure	NC2_glial_NGF+	52	75	0.43628385865084474	-5.872070474972302	727	90
HeartFailure	CD4+T_naive	53	75	0.435851733071451	-8.449091198425046	1500	94
HeartFailure	NK_CD16hi	54	75	0.43464084887479065	-8.56777799292399	1514	96
HeartFailure	CD4+T_Th1	55	75	0.42901330005145444	-2.0222150103241265	68	26
HeartFailure	CD4+T_reg	56	75	0.42485786267010245	-2.1079394989355316	66	34
HeartFailure	CD4+T_act	57	75	0.41860850935737615	-10.721851315674096	1503	90
HeartFailure	CD8+T_trans	58	75	0.4171990130680432	-10.920773356912063	1504	94
HeartFailure	Meso	59	75	0.4165631643441854	-8.18246592841988	871	45
HeartFailure	EC8_ln	60	75	0.41436251304219995	-9.917974560998806	1175	84
HeartFailure	LYVE1+MP_cycling	61	75	0.4122854873005694	-11.540241057154631	1507	97
HeartFailure	CD4+T_Th2	62	75	0.40800195596914185	-3.4783085041481647	120	34
HeartFailure	CD8+T_em	63	75	0.40690989807217537	-12.209343464153077	1506	90
HeartFailure	T/NK_cycling	64	75	0.39814317754744466	-5.1504360957590585	217	33
HeartFailure	NC5_glial	65	75	0.3925942679294402	-3.36320995965199	86	9
HeartFailure	NC6_schwann	66	75	0.387593237576411	-1.647292840306033	18	9
HeartFailure	Adip2	67	75	0.3831379166467942	-14.776676962249455	1507	69
HeartFailure	CD8+T_cytox	68	75	0.3795775123677422	-14.965446117823248	1383	96
HeartFailure	CD8+T_te	69	75	0.37818047483341627	-15.872680135352551	1505	83
HeartFailure	EC7_endocardial	70	75	0.3756316588153304	-15.998930100844667	1504	84
HeartFailure	EC6_ven	71	75	0.3611219586009226	-18.25432674526852	1497	109
HeartFailure	NC3_glial	72	75	0.35529872547857577	-2.237420711109445	20	12
HeartFailure	CD4+T_Tfh	73	75	0.3542278993290205	-4.469434811651785	79	23
HeartFailure	EC9_FB-like	74	75	0.35416786435348896	-2.5185867969914977	25	16
HeartFailure	CD4+T_Th17	75	75	0.34501669367158855	-1.4187602774548285	7	6
HeartFailure_lenadj	SAN_P_cell	1	75	0.743299418450206	12.995796322087394	245	6
HeartFailure_lenadj	AVN_P_cell	2	75	0.7199082738525101	9.308904296049331	155	3
HeartFailure_lenadj	SMC2_art	3	75	0.6969487376346898	25.703782044551403	1498	104
HeartFailure_lenadj	AVN_bundle_cell	4	75	0.6934470561758249	4.053536210284701	37	3
HeartFailure_lenadj	SMC1_basic	5	75	0.677312158566816	23.31060072216217	1498	109
HeartFailure_lenadj	aCM4	6	75	0.6706490790421077	21.998146258546637	1490	39
HeartFailure_lenadj	vCM3_stressed	7	75	0.6599332199605801	19.937885691754882	1505	64
HeartFailure_lenadj	vCM4	8	75	0.6579487130336201	19.947140751344758	1503	67
HeartFailure_lenadj	aCM3	9	75	0.6562521265122229	19.513388566489656	1481	38
HeartFailure_lenadj	aCM2	10	75	0.6444837548300655	18.366056422378087	1500	39
HeartFailure_lenadj	B_plasma	11	75	0.6434103444924967	9.51984484421079	374	57
HeartFailure_lenadj	Purkinje	12	75	0.6375023209805204	4.874657232199375	110	12
HeartFailure_lenadj	vCM1	13	75	0.6117338059478503	14.393093256240782	1502	66
HeartFailure_lenadj	vCM5	14	75	0.588897096051063	4.650116986235328	233	46
HeartFailure_lenadj	aCM1	15	75	0.5888503031714235	10.696998332802098	1480	39
HeartFailure_lenadj	aCM5	16	75	0.5876450673469007	2.2412109970050818	55	16
HeartFailure_lenadj	vCM2	17	75	0.5844355863274167	10.706021639657887	1504	66
HeartFailure_lenadj	Adip4	18	75	0.5632982892168077	1.733160621169713	63	19
HeartFailure_lenadj	NC4_glial	19	75	0.5580694074252512	0.723065947839222	13	9
HeartFailure_lenadj	Mast	20	75	0.5541894180494809	6.996109698676138	1504	74
HeartFailure_lenadj	PC2_atria	21	75	0.5429417290836323	5.64333424818577	1501	110
HeartFailure_lenadj	CD16+Mo	22	75	0.5417289068492092	5.491132840093073	1500	105
HeartFailure_lenadj	PC4_CMC-like	23	75	0.536804945505415	3.4438878854825257	780	75
HeartFailure_lenadj	PC3_str	24	75	0.5291369324666825	3.8133750739269026	1506	107
HeartFailure_lenadj	Adip3	25	75	0.5245574840839566	1.6564511024006014	392	43
HeartFailure_lenadj	PC1_vent	26	75	0.5179623980506171	2.3526427551970577	1514	104
HeartFailure_lenadj	DC	27	75	0.5077038043114721	0.817779614483339	964	93
HeartFailure_lenadj	B	28	75	0.5072630988687068	0.8336544831963028	1183	79
HeartFailure_lenadj	LYVE1+IGF1+MP	29	75	0.5055414813787081	0.7289545604203226	1504	104
HeartFailure_lenadj	EC3_cap	30	75	0.5024234751777606	0.3148673028911383	1497	105
HeartFailure_lenadj	FB3	31	75	0.4961580880541063	-0.5004186547757968	1506	104
HeartFailure_lenadj	FB4_activated	32	75	0.49467774010423093	-0.6892822124450718	1501	108
HeartFailure_lenadj	MAIT-like	33	75	0.4940590419222614	-0.5017319959695317	605	79
HeartFailure_lenadj	Adip1	34	75	0.4934214432626118	-0.8615477566997795	1507	87
HeartFailure_lenadj	MoMP	35	75	0.49130225002541855	-1.1323337426602273	1505	103
HeartFailure_lenadj	FB2	36	75	0.48900864276548184	-1.430574750268032	1504	103
HeartFailure_lenadj	NC1_glial	37	75	0.4884299127606444	-1.529299001126319	1499	108
HeartFailure_lenadj	EC4_immune	38	75	0.48097322133384385	-2.4680671567122925	1499	110
HeartFailure_lenadj	EC5_art	39	75	0.4783009772660968	-2.820614965287167	1497	109
HeartFailure_lenadj	LYVE1+TIMD4+MP	40	75	0.4769568083183423	-3.0201120396655092	1511	98
HeartFailure_lenadj	ILC	41	75	0.4730214236385284	-1.2165389063312535	171	57
HeartFailure_lenadj	EC2_cap	42	75	0.4729837849927115	-3.519199767681703	1504	106
HeartFailure_lenadj	FB5	43	75	0.4711955064752386	-3.789298751348244	1508	105
HeartFailure_lenadj	EC1_cap	44	75	0.4679665440715849	-4.160422490536059	1504	108
HeartFailure_lenadj	Neut	45	75	0.4537946709592941	-1.7456640660288254	124	20
HeartFailure_lenadj	EC10_CMC-like	46	75	0.45092315785114945	-6.266348367872554	1512	103
HeartFailure_lenadj	CD4+T_naive	47	75	0.4426720034634573	-7.550780311801038	1500	94
HeartFailure_lenadj	FB6	48	75	0.44213275858696877	-7.537217129023704	1498	96
HeartFailure_lenadj	CD4+T_Th1	49	75	0.4408935507525199	-1.6837794820981034	68	26
HeartFailure_lenadj	CD14+Mo	50	75	0.4370046103310687	-8.216283763869258	1503	89
HeartFailure_lenadj	FB1	51	75	0.4343190017668446	-8.572140526587853	1516	104
HeartFailure_lenadj	gdT	52	75	0.43429224371221775	-1.041331134283423	21	14
HeartFailure_lenadj	NK_CD56hi	53	75	0.433559891746789	-8.747029538621982	1505	85
HeartFailure_lenadj	NK_CD16hi	54	75	0.43257100465974047	-8.83910902169632	1514	96
HeartFailure_lenadj	Meso	55	75	0.43153553762299385	-6.714158396638525	871	45
HeartFailure_lenadj	CD4+T_Th2	56	75	0.4280053878776845	-2.7220086495958857	120	34
HeartFailure_lenadj	CD4+T_act	57	75	0.4264565823797355	-9.688010168449516	1503	90
HeartFailure_lenadj	CD4+T_reg	58	75	0.42576819073454564	-2.082402342924051	66	34
HeartFailure_lenadj	NC2_glial_NGF+	59	75	0.42506387986740174	-6.906102115134466	727	90
HeartFailure_lenadj	EC8_ln	60	75	0.42057577996795	-9.198394555800252	1175	84
HeartFailure_lenadj	T/NK_cycling	61	75	0.4201225849249733	-4.0390374638868884	217	33
HeartFailure_lenadj	LYVE1+MP_cycling	62	75	0.4193869816466737	-10.60592637993705	1507	97
HeartFailure_lenadj	CD8+T_trans	63	75	0.41889864873177374	-10.696605305773035	1504	94
HeartFailure_lenadj	CD8+T_em	64	75	0.41165418303169493	-11.587101105803304	1506	90
HeartFailure_lenadj	CD8+T_te	65	75	0.3858244344471645	-14.876697547580504	1505	83
HeartFailure_lenadj	EC6_ven	66	75	0.3816278076111794	-15.559008865988199	1497	109
HeartFailure_lenadj	CD8+T_cytox	67	75	0.3804440088103619	-14.857762693586826	1383	96
HeartFailure_lenadj	CD4+T_Th17	68	75	0.3721401876586287	-1.1704642721221363	7	6
HeartFailure_lenadj	Adip2	69	75	0.3712472005462749	-16.28020373180171	1507	69
HeartFailure_lenadj	CD4+T_Tfh	70	75	0.361058678820596	-4.260000197553214	79	23
HeartFailure_lenadj	NC5_glial	71	75	0.3601359286522508	-4.3795822502769575	86	9
HeartFailure_lenadj	NC6_schwann	72	75	0.358129877047505	-2.0790709807325474	18	9
HeartFailure_lenadj	EC7_endocardial	73	75	0.3556677141893499	-18.567121905653966	1504	84
HeartFailure_lenadj	EC9_FB-like	74	75	0.3542878210873648	-2.5165150900607136	25	16
HeartFailure_lenadj	NC3_glial	75	75	0.3506269222675068	-2.309657733880973	20	12
Intelligence	NC5_glial	1	75	0.8170736354343093	9.928568876893603	86	9
Intelligence	NC6_schwann	2	75	0.8162946114844092	4.635218003719547	18	9
Intelligence	SAN_P_cell	3	75	0.8103033464771627	16.574799539459836	245	6
Intelligence	NC1_glial	4	75	0.7826409743764333	37.35862581234272	1499	108
Intelligence	NC4_glial	5	75	0.7796550961907017	3.4821963261031725	13	9
Intelligence	aCM2	6	75	0.7108391672136423	26.800826471095974	1500	39
Intelligence	aCM1	7	75	0.7084568636967691	25.096849913087006	1480	39
Intelligence	aCM5	8	75	0.6875456960297575	4.7958144035555765	55	16
Intelligence	LYVE1+MP_cycling	9	75	0.6750056722279115	23.024783262491994	1507	97
Intelligence	AVN_P_cell	10	75	0.6687552365276781	7.143552713014004	155	3
Intelligence	B_plasma	11	75	0.6566030363708426	10.395600217393818	374	57
Intelligence	aCM4	12	75	0.6553720690351226	20.028807177355276	1490	39
Intelligence	NC2_glial_NGF+	13	75	0.6482983876988225	13.667158202821676	727	90
Intelligence	Mast	14	75	0.6314862201469331	16.975491768010215	1504	74
Intelligence	vCM2	15	75	0.627335564833728	16.145530242682742	1504	66
Intelligence	Meso	16	75	0.6201688477252933	11.784693108758447	871	45
Intelligence	vCM1	17	75	0.6185550515958985	15.271778305078296	1502	66
Intelligence	NC3_glial	18	75	0.6138016301888637	1.7596398178571844	20	12
Intelligence	B	19	75	0.6128104189849031	12.948317686161353	1183	79
Intelligence	Adip4	20	75	0.6118904986269782	3.063656356321074	63	19
Intelligence	vCM5	21	75	0.6116665383762245	5.8411634346201255	233	46
Intelligence	aCM3	22	75	0.6110995089834634	13.874549657223051	1481	38
Intelligence	T/NK_cycling	23	75	0.6051449227490756	5.316700367959017	217	33
Intelligence	vCM4	24	75	0.6049100434913457	13.248955078894136	1503	67
Intelligence	Adip1	25	75	0.6012661915696463	13.262127797805057	1507	87
Intelligence	SMC1_basic	26	75	0.5847924903446794	11.147368023935007	1498	109
Intelligence	CD4+T_reg	27	75	0.5846796655594197	2.375492874333374	66	34
Intelligence	SMC2_art	28	75	0.580758913520894	10.539846745025375	1498	104
Intelligence	Purkinje	29	75	0.5656509709166859	2.327422387475707	110	12
Intelligence	AVN_bundle_cell	30	75	0.5644214713624577	1.349903027990223	37	3
Intelligence	ILC	31	75	0.5599433237256114	2.703010882040409	171	57
Intelligence	vCM3_stressed	32	75	0.5506574287154964	6.3151484314311555	1505	64
Intelligence	DC	33	75	0.5495419401314223	5.259010621687225	964	93
Intelligence	LYVE1+IGF1+MP	34	75	0.5455646933869102	5.993810818558928	1504	104
Intelligence	Neut	35	75	0.5416084042302908	1.571989586864135	124	20
Intelligence	CD14+Mo	36	75	0.5394765874514188	5.148802892317425	1503	89
Intelligence	MAIT-like	37	75	0.5304525894161505	2.571813884271994	605	79
Intelligence	CD16+Mo	38	75	0.5277717037938048	3.654495797806629	1500	105
Intelligence	CD4+T_naive	39	75	0.5193414161416571	2.5474949942072764	1500	94
Intelligence	CD8+T_trans	40	75	0.5188004756851569	2.4796290668426098	1504	94
Intelligence	NK_CD56hi	41	75	0.5082874860609417	1.0910711508732867	1505	85
Intelligence	CD4+T_Tfh	42	75	0.508145654563902	0.24974924491049405	79	23
Intelligence	CD8+T_em	43	75	0.5056188889508113	0.7369520890693575	1506	90
Intelligence	LYVE1+TIMD4+MP	44	75	0.50518360801162	0.6793797135863462	1511	98
Intelligence	MoMP	45	75	0.4981197785085668	-0.24478034487616487	1505	103
Intelligence	CD4+T_act	46	75	0.49481399489409295	-0.6831620262615569	1503	90
Intelligence	PC3_str	47	75	0.48992619206966886	-1.3184369392687767	1506	107
Intelligence	PC4_CMC-like	48	75	0.4862034565973551	-1.290960984547909	780	75
Intelligence	CD4+T_Th1	49	75	0.4695443051804354	-0.8675986242298351	68	26
Intelligence	NK_CD16hi	50	75	0.4694138900483612	-4.0094614942409965	1514	96
Intelligence	gdT	51	75	0.4680302731863255	-0.5066536093518228	21	14
Intelligence	CD8+T_cytox	52	75	0.4608576906240155	-4.864391472150168	1383	96
Intelligence	PC1_vent	53	75	0.4499026576163648	-6.561548701980632	1514	104
Intelligence	FB1	54	75	0.4470493966304147	-6.910674704431849	1516	104
Intelligence	EC9_FB-like	55	75	0.44161606416712984	-1.008316920637399	25	16
Intelligence	Adip3	56	75	0.4338439548748852	-4.462356709804461	392	43
Intelligence	CD8+T_te	57	75	0.43036035507192005	-9.073814786023751	1505	83
Intelligence	FB5	58	75	0.42930466697663194	-9.300137040122374	1508	105
Intelligence	Adip2	59	75	0.4241450979099116	-9.591506090136361	1507	69
Intelligence	CD4+T_Th17	60	75	0.40564172509768953	-0.8637818836880743	7	6
Intelligence	CD4+T_Th2	61	75	0.3890855501649383	-4.193509526841745	120	34
Intelligence	FB4_activated	62	75	0.3817796530849048	-15.3106356836196	1501	108
Intelligence	FB6	63	75	0.38106040738227454	-15.491900303295674	1498	96
Intelligence	EC1_cap	64	75	0.3767418724811118	-16.008447137795944	1504	108
Intelligence	PC2_atria	65	75	0.37372279016315235	-16.595151575050355	1501	110
Intelligence	EC8_ln	66	75	0.36744847342346515	-15.351252299772101	1175	84
Intelligence	EC4_immune	67	75	0.3637747493817354	-17.67051968517794	1499	110
Intelligence	FB2	68	75	0.3582803211302458	-18.44545581417909	1504	103
Intelligence	FB3	69	75	0.35465030853969187	-18.93216140739134	1506	104
Intelligence	EC10_CMC-like	70	75	0.34594736157688555	-19.670122548252625	1512	103
Intelligence	EC7_endocardial	71	75	0.34273612360956196	-20.230661129607785	1504	84
Intelligence	EC6_ven	72	75	0.33443984151217565	-21.761462061166892	1497	109
Intelligence	EC2_cap	73	75	0.3206521458946094	-23.362300245672078	1504	106
Intelligence	EC5_art	74	75	0.29482603353696496	-26.670176228201797	1497	109
Intelligence	EC3_cap	75	75	0.26910918414664436	-29.998231101030445	1497	105
PRinterval	SAN_P_cell	1	75	0.9427584148446589	23.649864088717845	245	6
PRinterval	vCM4	2	75	0.927356129410537	53.970258450205925	1503	67
PRinterval	vCM3_stressed	3	75	0.9209929339652064	52.48258614754133	1505	64
PRinterval	AVN_P_cell	4	75	0.9200863265408856	17.782611546806965	155	3
PRinterval	aCM2	5	75	0.9129916403893547	52.49744359345099	1500	39
PRinterval	vCM2	6	75	0.9086336921694436	51.812764514893125	1504	66
PRinterval	Purkinje	7	75	0.9035061868357226	14.304881094876935	110	12
PRinterval	aCM3	8	75	0.9009671842623336	50.0743807048931	1481	38
PRinterval	vCM1	9	75	0.8986299896333246	51.349889738873046	1502	66
PRinterval	aCM4	10	75	0.8941613077995102	50.81081097598031	1490	39
PRinterval	vCM5	11	75	0.8902974490757233	20.41606394644021	233	46
PRinterval	aCM1	12	75	0.8851351053663485	46.36776052478821	1480	39
PRinterval	aCM5	13	75	0.857109263259248	9.13179979406236	55	16
PRinterval	AVN_bundle_cell	14	75	0.8263274992877947	6.837945021879527	37	3
PRinterval	NC5_glial	15	75	0.7854421335854093	8.938087456525064	86	9
PRinterval	NC4_glial	16	75	0.760054653119854	3.2381364402616586	13	9
PRinterval	SMC2_art	17	75	0.6791722899641857	23.383777651852384	1498	104
PRinterval	NC1_glial	18	75	0.6765031749473595	23.32965374923595	1499	108
PRinterval	SMC1_basic	19	75	0.6422761660308574	18.704543024191977	1498	109
PRinterval	NC3_glial	20	75	0.6413810171390689	2.1860817532594488	20	12
PRinterval	NC6_schwann	21	75	0.6304016598521757	1.911003537572157	18	9
PRinterval	PC4_CMC-like	22	75	0.574254534795757	6.948095950519057	780	75
PRinterval	Adip4	23	75	0.570925656442266	1.942004377958871	63	19
PRinterval	PC3_str	24	75	0.5310214281518827	4.0600135586432655	1506	107
PRinterval	EC4_immune	25	75	0.5217968435995255	2.8273873760707526	1499	110
PRinterval	EC1_cap	26	75	0.5182546752288404	2.370870053771817	1504	108
PRinterval	NC2_glial_NGF+	27	75	0.5127022996036157	1.170642114969091	727	90
PRinterval	EC8_ln	28	75	0.5015720174063407	0.1820607913590255	1175	84
PRinterval	EC10_CMC-like	29	75	0.49808438224955115	-0.24459455087971216	1512	103
PRinterval	FB3	30	75	0.49696822382798866	-0.39489644087256087	1506	104
PRinterval	PC2_atria	31	75	0.4901897061276458	-1.2892533341356933	1501	110
PRinterval	EC2_cap	32	75	0.4853324613803693	-1.9106302821746708	1504	106
PRinterval	Neut	33	75	0.4743698264883737	-0.9683227851470008	124	20
PRinterval	PC1_vent	34	75	0.4738278071402454	-3.427928706713305	1514	104
PRinterval	Meso	35	75	0.4731962548161048	-2.6285840060616645	871	45
PRinterval	EC5_art	36	75	0.4730152204158282	-3.507700510915991	1497	109
PRinterval	FB4_activated	37	75	0.4656284607946009	-4.451434362961738	1501	108
PRinterval	Adip1	38	75	0.4572628254836154	-5.596990084924638	1507	87
PRinterval	FB5	39	75	0.44037568450075093	-7.843718691914469	1508	105
PRinterval	EC7_endocardial	40	75	0.4314494992801486	-8.818439314602646	1504	84
PRinterval	FB2	41	75	0.4242898213819768	-9.854021442327697	1504	103
PRinterval	EC3_cap	42	75	0.42406855769063223	-9.86530774648772	1497	105
PRinterval	Adip3	43	75	0.42302299269756305	-5.192252112215422	392	43
PRinterval	EC9_FB-like	44	75	0.42246502204462966	-1.3390640610020754	25	16
PRinterval	FB1	45	75	0.4206500116324592	-10.356104038721947	1516	104
PRinterval	FB6	46	75	0.41845669828188564	-10.621027639456738	1498	96
PRinterval	B	47	75	0.4138027288677092	-9.893675250425702	1183	79
PRinterval	CD4+T_reg	48	75	0.41078110723519545	-2.5028304330038824	66	34
PRinterval	CD4+T_Th1	49	75	0.400175072949199	-2.8437364468691104	68	26
PRinterval	NK_CD16hi	50	75	0.3901942739101834	-14.394175372429258	1514	96
PRinterval	CD4+T_naive	51	75	0.3831532483621629	-15.390109633475332	1500	94
PRinterval	CD4+T_act	52	75	0.3787632210839668	-15.970744696598818	1503	90
PRinterval	CD4+T_Th17	53	75	0.37243927838246316	-1.1677263124774229	7	6
PRinterval	Mast	54	75	0.3687206346910906	-16.948785831858704	1504	74
PRinterval	CD8+T_cytox	55	75	0.36469644491166453	-16.81478354282068	1383	96
PRinterval	B_plasma	56	75	0.35769862621755066	-9.44622931017252	374	57
PRinterval	gdT	57	75	0.35768655129616495	-2.255371866808148	21	14
PRinterval	EC6_ven	58	75	0.35448437003888067	-19.126780800578793	1497	109
PRinterval	MAIT-like	59	75	0.3515295189106156	-12.538784122827753	605	79
PRinterval	CD4+T_Tfh	60	75	0.3510662072893206	-4.5663736387724265	79	23
PRinterval	CD8+T_em	61	75	0.34889372631437654	-19.818523740005165	1506	90
PRinterval	LYVE1+IGF1+MP	62	75	0.3366206827256243	-21.49174386169019	1504	104
PRinterval	CD14+Mo	63	75	0.3311684184042768	-22.02015401418252	1503	89
PRinterval	CD8+T_trans	64	75	0.33041271031539793	-22.367177294401863	1504	94
PRinterval	CD8+T_te	65	75	0.32449077817316	-22.868269557384856	1505	83
PRinterval	ILC	66	75	0.3212798019660729	-8.058989894144258	171	57
PRinterval	NK_CD56hi	67	75	0.3163968205703763	-24.171881655208093	1505	85
PRinterval	MoMP	68	75	0.31494079051603685	-24.092298341652242	1505	103
PRinterval	CD4+T_Th2	69	75	0.3140368621705019	-7.0309882192001485	120	34
PRinterval	T/NK_cycling	70	75	0.3063017074280999	-9.794441390648199	217	33
PRinterval	CD16+Mo	71	75	0.30533818054764994	-25.615670052649126	1500	105
PRinterval	LYVE1+TIMD4+MP	72	75	0.28047468219394595	-28.771667765329457	1511	98
PRinterval	DC	73	75	0.2722941104746462	-24.171594581437144	964	93
PRinterval	LYVE1+MP_cycling	74	75	0.26563297640003924	-30.834714404210033	1507	97
PRinterval	Adip2	75	75	0.2144707875814549	-36.103865463721476	1507	69
PRinterval_lenadj	SAN_P_cell	1	75	0.939652710714998	23.483973440220478	245	6
PRinterval_lenadj	vCM4	2	75	0.9300512589930586	54.31062291467755	1503	67
PRinterval_lenadj	AVN_P_cell	3	75	0.9246583830314637	17.9761505872501	155	3
PRinterval_lenadj	vCM3_stressed	4	75	0.9180389650813416	52.11433311069245	1505	64
PRinterval_lenadj	aCM2	5	75	0.909717186210597	52.081211261516614	1500	39
PRinterval_lenadj	vCM2	6	75	0.9085555478557815	51.80285619602577	1504	66
PRinterval_lenadj	aCM4	7	75	0.907772283042636	52.56538372726869	1490	39
PRinterval_lenadj	Purkinje	8	75	0.9020992638387052	14.255003628710172	110	12
PRinterval_lenadj	aCM3	9	75	0.9016824705473714	50.163708508154244	1481	38
PRinterval_lenadj	vCM1	10	75	0.8968017651414151	51.11438531492392	1502	66
PRinterval_lenadj	vCM5	11	75	0.8912139804809487	20.4640067752297	233	46
PRinterval_lenadj	aCM1	12	75	0.8837884148739821	46.20562775272717	1480	39
PRinterval_lenadj	aCM5	13	75	0.8604717872701597	9.217784391017727	55	16
PRinterval_lenadj	AVN_bundle_cell	14	75	0.8284761292503174	6.882967931650105	37	3
PRinterval_lenadj	NC5_glial	15	75	0.7693026985490704	8.432711182736321	86	9
PRinterval_lenadj	NC4_glial	16	75	0.7518948997702247	3.1365332028344692	13	9
PRinterval_lenadj	SMC2_art	17	75	0.6890197626295274	24.668971424198975	1498	104
PRinterval_lenadj	NC1_glial	18	75	0.6633886399756139	21.59621433623773	1499	108
PRinterval_lenadj	SMC1_basic	19	75	0.6498072646652675	19.694629855715174	1498	109
PRinterval_lenadj	NC3_glial	20	75	0.6288901851695589	1.992944227415253	20	12
PRinterval_lenadj	NC6_schwann	21	75	0.6172284697371347	1.717953748639321	18	9
PRinterval_lenadj	PC4_CMC-like	22	75	0.5752295489905571	7.0393293303688385	780	75
PRinterval_lenadj	Adip4	23	75	0.5718514178003379	1.9673525058508397	63	19
PRinterval_lenadj	PC3_str	24	75	0.5388910261340318	5.089968541765442	1506	107
PRinterval_lenadj	EC4_immune	25	75	0.5345531938661261	4.482083091247989	1499	110
PRinterval_lenadj	EC1_cap	26	75	0.5300112558453136	3.897784368539517	1504	108
PRinterval_lenadj	EC10_CMC-like	27	75	0.5103797639506222	1.3253341910958334	1512	103
PRinterval_lenadj	EC2_cap	28	75	0.5013648164754226	0.17778440917577606	1504	106
PRinterval_lenadj	FB3	29	75	0.5003591994138148	0.04678662342837436	1506	104
PRinterval_lenadj	NC2_glial_NGF+	30	75	0.4975844698185647	-0.22261491608670614	727	90
PRinterval_lenadj	EC8_ln	31	75	0.49702465214493224	-0.3445853607453982	1175	84
PRinterval_lenadj	PC2_atria	32	75	0.49614259728143234	-0.506933775962821	1501	110
PRinterval_lenadj	EC5_art	33	75	0.4806097335735699	-2.520504095230102	1497	109
PRinterval_lenadj	PC1_vent	34	75	0.47711917621261574	-2.996838404573793	1514	104
PRinterval_lenadj	Meso	35	75	0.4701010601149455	-2.9321229044989976	871	45
PRinterval_lenadj	FB4_activated	36	75	0.4684844128473444	-4.081561980157401	1501	108
PRinterval_lenadj	Adip1	37	75	0.45639967716623203	-5.710030608283596	1507	87
PRinterval_lenadj	Neut	38	75	0.4495009441712929	-1.9078835484732808	124	20
PRinterval_lenadj	EC3_cap	39	75	0.440120048723943	-7.779835720440575	1497	105
PRinterval_lenadj	FB5	40	75	0.4376017615720928	-8.20863476588967	1508	105
PRinterval_lenadj	Adip3	41	75	0.43565434936881314	-4.340242003550567	392	43
PRinterval_lenadj	EC7_endocardial	42	75	0.4337824150602098	-8.518329526686957	1504	84
PRinterval_lenadj	EC9_FB-like	43	75	0.43295436874932103	-1.1579083095459028	25	16
PRinterval_lenadj	FB2	44	75	0.4186490471806881	-10.58819366256856	1504	103
PRinterval_lenadj	FB6	45	75	0.4123894713884118	-11.411284879140288	1498	96
PRinterval_lenadj	FB1	46	75	0.4104420766685102	-11.688359262472053	1516	104
PRinterval_lenadj	B	47	75	0.40565719721261617	-10.828614882260073	1183	79
PRinterval_lenadj	CD4+T_reg	48	75	0.4055625150276932	-2.649226011223008	66	34
PRinterval_lenadj	NK_CD16hi	49	75	0.38865981178851994	-14.595324416910868	1514	96
PRinterval_lenadj	CD4+T_Th1	50	75	0.38763688719975364	-3.2009147273517797	68	26
PRinterval_lenadj	B_plasma	51	75	0.37027261970649883	-8.611544284412984	374	57
PRinterval_lenadj	Mast	52	75	0.3699333626737082	-16.792216924008482	1504	74
PRinterval_lenadj	CD4+T_Th17	53	75	0.3662191478812766	-1.2246671165209804	7	6
PRinterval_lenadj	CD4+T_naive	54	75	0.36554765754733964	-17.708975746604796	1500	94
PRinterval_lenadj	CD4+T_act	55	75	0.364672416047119	-17.826952456530364	1503	90
PRinterval_lenadj	CD8+T_cytox	56	75	0.3617021303811078	-17.18690052568603	1383	96
PRinterval_lenadj	EC6_ven	57	75	0.3587368056791891	-18.567834628387658	1497	109
PRinterval_lenadj	gdT	58	75	0.3506222556326328	-2.3673262452836665	21	14
PRinterval_lenadj	LYVE1+IGF1+MP	59	75	0.34346021426484263	-20.592037200975135	1504	104
PRinterval_lenadj	MAIT-like	60	75	0.3397665802774861	-13.532200100796384	605	79
PRinterval_lenadj	CD8+T_em	61	75	0.33689205002971573	-21.39261792263497	1506	90
PRinterval_lenadj	CD4+T_Tfh	62	75	0.33153069524966616	-5.165340774263917	79	23
PRinterval_lenadj	CD14+Mo	63	75	0.32118884296712064	-23.32175757700726	1503	89
PRinterval_lenadj	MoMP	64	75	0.32025226764852577	-23.400813210662978	1505	103
PRinterval_lenadj	CD8+T_trans	65	75	0.3194421761996983	-23.81410107056749	1504	94
PRinterval_lenadj	CD8+T_te	66	75	0.317335909311952	-23.800525242087716	1505	83
PRinterval_lenadj	NK_CD56hi	67	75	0.3096880555081523	-25.055109688842606	1505	85
PRinterval_lenadj	ILC	68	75	0.3070240077971085	-8.70182323030068	171	57
PRinterval_lenadj	CD16+Mo	69	75	0.3066054919851673	-25.448903751333727	1500	105
PRinterval_lenadj	CD4+T_Th2	70	75	0.3013507796160601	-7.51063003439613	120	34
PRinterval_lenadj	T/NK_cycling	71	75	0.2978074300031658	-10.223958353806463	217	33
PRinterval_lenadj	LYVE1+TIMD4+MP	72	75	0.2868831395455632	-27.931755505314342	1511	98
PRinterval_lenadj	DC	73	75	0.2737636685277626	-24.015597028857982	964	93
PRinterval_lenadj	LYVE1+MP_cycling	74	75	0.2649703897610508	-30.921888228698794	1507	97
PRinterval_lenadj	Adip2	75	75	0.21213142689116907	-36.39966694377948	1507	69
QRSduration	vCM4	1	75	0.8476910259690553	43.909454529762264	1503	67
QRSduration	SAN_P_cell	2	75	0.8277910205316139	17.508900622012213	245	6
QRSduration	Neut	3	75	0.8276592832636891	12.379157308679256	124	20
QRSduration	Purkinje	4	75	0.803098360061129	10.74527762443418	110	12
QRSduration	vCM1	5	75	0.8025732958016178	38.97625813760807	1502	66
QRSduration	vCM3_stressed	6	75	0.7915431368530925	36.344880308327035	1505	64
QRSduration	vCM2	7	75	0.7813815262558862	35.67780884962386	1504	66
QRSduration	aCM4	8	75	0.778742673645086	35.932348054629216	1490	39
QRSduration	aCM2	9	75	0.7662520810954336	33.84464052533581	1500	39
QRSduration	AVN_P_cell	10	75	0.7650650243098434	11.220427955272033	155	3
QRSduration	aCM3	11	75	0.7608645422580598	32.57780415489438	1481	38
QRSduration	vCM5	12	75	0.7563130111463411	13.407473808144426	233	46
QRSduration	aCM1	13	75	0.7512040683510178	30.2433351877205	1480	39
QRSduration	aCM5	14	75	0.7399693244299327	6.136362320625952	55	16
QRSduration	CD14+Mo	15	75	0.7081156005438854	27.14384082300472	1503	89
QRSduration	CD4+T_Th17	16	75	0.6771244140603518	1.621446133713185	7	6
QRSduration	AVN_bundle_cell	17	75	0.6760477744215525	3.6889474694780935	37	3
QRSduration	Mast	18	75	0.6502825818104967	19.402190796484852	1504	74
QRSduration	NC4_glial	19	75	0.6103958150894769	1.3746214782354587	13	9
QRSduration	EC7_endocardial	20	75	0.6001604565464621	12.884791482231869	1504	84
QRSduration	NC5_glial	21	75	0.5871257746073462	2.728180956946701	86	9
QRSduration	CD16+Mo	22	75	0.5562119886556169	7.396970594729328	1500	105
QRSduration	EC4_immune	23	75	0.5350083097309715	4.541118650458126	1499	110
QRSduration	EC1_cap	24	75	0.5208537234648227	2.708427723451105	1504	108
QRSduration	EC10_CMC-like	25	75	0.5006608337323601	0.08437817510041272	1512	103
QRSduration	NC1_glial	26	75	0.49330815586411925	-0.8845076394830647	1499	108
QRSduration	EC6_ven	27	75	0.4888334896663489	-1.4677419567658296	1497	109
QRSduration	EC2_cap	28	75	0.4842625106421549	-2.0500047425992274	1504	106
QRSduration	gdT	29	75	0.48394431959401774	-0.2544491066720891	21	14
QRSduration	EC3_cap	30	75	0.4787757688315255	-2.757534504698435	1497	105
QRSduration	SMC2_art	31	75	0.4719141226503312	-3.6654881803046924	1498	104
QRSduration	LYVE1+MP_cycling	32	75	0.4713796222091898	-3.765466496799329	1507	97
QRSduration	CD4+T_reg	33	75	0.46948058626421496	-0.8561518208561729	66	34
QRSduration	Adip4	34	75	0.4665657121501291	-0.9154590402873398	63	19
QRSduration	SMC1_basic	35	75	0.45419651261108374	-6.021622063798173	1498	109
QRSduration	LYVE1+IGF1+MP	36	75	0.45412448165169156	-6.034698310119248	1504	104
QRSduration	B	37	75	0.4531666383504268	-5.37550742569899	1183	79
QRSduration	NK_CD16hi	38	75	0.45252682657816246	-6.2231470803329225	1514	96
QRSduration	ILC	39	75	0.4522186814424742	-2.1545923047314903	171	57
QRSduration	MoMP	40	75	0.4396687823058681	-7.854338619814279	1505	103
QRSduration	CD8+T_trans	41	75	0.4385461354939499	-8.105262401382529	1504	94
QRSduration	DC	42	75	0.43705761117617137	-6.681504408200042	964	93
QRSduration	CD4+T_Th1	43	75	0.43522215494570654	-1.8453418837640567	68	26
QRSduration	CD4+T_naive	44	75	0.4330889216931356	-8.812986380900268	1500	94
QRSduration	MAIT-like	45	75	0.4307075904465483	-5.851954936538692	605	79
QRSduration	LYVE1+TIMD4+MP	46	75	0.43045252445952065	-9.115107451687582	1511	98
QRSduration	EC5_art	47	75	0.4296632719527668	-9.142938378942867	1497	109
QRSduration	EC8_ln	48	75	0.4284722729283039	-8.283874302064994	1175	84
QRSduration	T/NK_cycling	49	75	0.426186482781243	-3.732413738073383	217	33
QRSduration	PC4_CMC-like	50	75	0.4228595631763992	-7.2181336559388	780	75
QRSduration	CD8+T_cytox	51	75	0.42183634169769346	-9.713750643212691	1383	96
QRSduration	Meso	52	75	0.4202705591834631	-7.818889916492383	871	45
QRSduration	CD4+T_Th2	53	75	0.41693311791860105	-3.1406346232740434	120	34
QRSduration	EC9_FB-like	54	75	0.4163263619133777	-1.4450814918601476	25	16
QRSduration	CD4+T_act	55	75	0.41504571428390835	-11.191184887824372	1503	90
QRSduration	NK_CD56hi	56	75	0.41374145326505113	-11.356183427240827	1505	85
QRSduration	FB5	57	75	0.41371565035020047	-11.350908777750863	1508	105
QRSduration	CD8+T_em	58	75	0.40408527349459356	-12.579810473113074	1506	90
QRSduration	PC3_str	59	75	0.40343954834839457	-12.63761104146477	1506	107
QRSduration	CD8+T_te	60	75	0.40188435265622063	-12.784143464943188	1505	83
QRSduration	CD4+T_Tfh	61	75	0.39636622587842607	-3.1774557380308934	79	23
QRSduration	Adip1	62	75	0.39322788028657085	-13.98320085838482	1507	87
QRSduration	B_plasma	63	75	0.3898705481025656	-7.310597422743119	374	57
QRSduration	FB3	64	75	0.3869567857719611	-14.72416182156107	1506	104
QRSduration	FB1	65	75	0.37840624911016313	-15.86941045083632	1516	104
QRSduration	FB2	66	75	0.3782364188407366	-15.848079631294876	1504	103
QRSduration	NC2_glial_NGF+	67	75	0.3774345513492805	-11.295614220103202	727	90
QRSduration	FB4_activated	68	75	0.37453922394144873	-16.248338673851347	1501	108
QRSduration	PC2_atria	69	75	0.3590062630208688	-18.52917434052068	1501	110
QRSduration	PC1_vent	70	75	0.3564418920998173	-18.802664407582206	1514	104
QRSduration	FB6	71	75	0.3375125929131857	-21.164009861883486	1498	96
QRSduration	NC6_schwann	72	75	0.326087162285575	-2.548648908903699	18	9
QRSduration	Adip3	73	75	0.32099381837677277	-12.074322673796603	392	43
QRSduration	NC3_glial	74	75	0.26326229241225974	-3.660519589818525	20	12
QRSduration	Adip2	75	75	0.2506127906100964	-31.533874169721262	1507	69
QRSduration_lenadj	vCM4	1	75	0.8489085019564315	44.063208013504806	1503	67
QRSduration_lenadj	SAN_P_cell	2	75	0.8289479725382412	17.570699013181127	245	6
QRSduration_lenadj	Neut	3	75	0.8159612354842801	11.937198294964357	124	20
QRSduration_lenadj	vCM1	4	75	0.8028151310927905	39.00741037366562	1502	66
QRSduration_lenadj	Purkinje	5	75	0.7977750613803838	10.556558945155105	110	12
QRSduration_lenadj	vCM3_stressed	6	75	0.7919678169014507	36.39782254422911	1505	64
QRSduration_lenadj	vCM2	7	75	0.7821480674625143	35.77500254605929	1504	66
QRSduration_lenadj	aCM4	8	75	0.7785371719512426	35.905857104060225	1490	39
QRSduration_lenadj	AVN_P_cell	9	75	0.7638245046358407	11.167915702229646	155	3
QRSduration_lenadj	aCM2	10	75	0.7637524586061333	33.52690094466715	1500	39
QRSduration_lenadj	vCM5	11	75	0.7592104449226222	13.559035632074403	233	46
QRSduration_lenadj	aCM3	12	75	0.7586262813373643	32.298281206736	1481	38
QRSduration_lenadj	aCM1	13	75	0.7484835871290262	29.91580695137988	1480	39
QRSduration_lenadj	aCM5	14	75	0.74211039293345	6.191112535563108	55	16
QRSduration_lenadj	CD14+Mo	15	75	0.7000046246780645	26.085952624110853	1503	89
QRSduration_lenadj	CD4+T_Th17	16	75	0.6750891691299221	1.6028149357436008	7	6
QRSduration_lenadj	AVN_bundle_cell	17	75	0.6718508672301894	3.601004465290261	37	3
QRSduration_lenadj	Mast	18	75	0.6454147063082161	18.773725087878137	1504	74
QRSduration_lenadj	NC4_glial	19	75	0.6152983336037673	1.435666430362751	13	9
QRSduration_lenadj	NC5_glial	20	75	0.5976303179722152	3.057111119101504	86	9
QRSduration_lenadj	EC7_endocardial	21	75	0.5971622161339606	12.499093334872075	1504	84
QRSduration_lenadj	CD16+Mo	22	75	0.5485266056959192	6.385646264782529	1500	105
QRSduration_lenadj	EC4_immune	23	75	0.5356848576350793	4.628877366285375	1499	110
QRSduration_lenadj	EC1_cap	24	75	0.5237341185759339	3.0825259983508846	1504	108
QRSduration_lenadj	EC10_CMC-like	25	75	0.5028229834517619	0.3604510186663544	1512	103
QRSduration_lenadj	NC1_glial	26	75	0.49047633696674847	-1.258808863106401	1499	108
QRSduration_lenadj	EC6_ven	27	75	0.48689030801510674	-1.7231565092021899	1497	109
QRSduration_lenadj	EC2_cap	28	75	0.4844779119479279	-2.0219460295252216	1504	106
QRSduration_lenadj	EC3_cap	29	75	0.4835324035535225	-2.1395340566239547	1497	105
QRSduration_lenadj	gdT	30	75	0.4818984706792968	-0.28687155253385876	21	14
QRSduration_lenadj	SMC2_art	31	75	0.4807963756358369	-2.5062652396252063	1498	104
QRSduration_lenadj	Adip4	32	75	0.47501144685242574	-0.6842076907804011	63	19
QRSduration_lenadj	CD4+T_reg	33	75	0.467377846810822	-0.9151393304916436	66	34
QRSduration_lenadj	SMC1_basic	34	75	0.4638220525586956	-4.756186459902721	1498	109
QRSduration_lenadj	B	35	75	0.4571951519513961	-4.913116855947149	1183	79
QRSduration_lenadj	ILC	36	75	0.45422283216144776	-2.0642195848697806	171	57
QRSduration_lenadj	LYVE1+MP_cycling	37	75	0.45338112396639124	-6.133455578610836	1507	97
QRSduration_lenadj	NK_CD16hi	38	75	0.45093306877651773	-6.432069056581125	1514	96
QRSduration_lenadj	CD8+T_trans	39	75	0.44186895711503726	-7.667009390471408	1504	94
QRSduration_lenadj	CD4+T_naive	40	75	0.4355538514615037	-8.48832575625938	1500	94
QRSduration_lenadj	LYVE1+IGF1+MP	41	75	0.43437144029352714	-8.633113534526748	1504	104
QRSduration_lenadj	CD4+T_Th1	42	75	0.43400669491464994	-1.8799669828464665	68	26
QRSduration_lenadj	MAIT-like	43	75	0.43174344323630215	-5.764474014954478	605	79
QRSduration_lenadj	EC5_art	44	75	0.43047848786799536	-9.036970002457362	1497	109
QRSduration_lenadj	DC	45	75	0.42966180416225513	-7.466589278492882	964	93
QRSduration_lenadj	PC4_CMC-like	46	75	0.42948934517236315	-6.597776103828559	780	75
QRSduration_lenadj	MoMP	47	75	0.425134727294411	-9.746483249775842	1505	103
QRSduration_lenadj	T/NK_cycling	48	75	0.4221365600356198	-3.937199905478216	217	33
QRSduration_lenadj	Meso	49	75	0.4220433039906468	-7.6450407541823555	871	45
QRSduration_lenadj	CD8+T_cytox	50	75	0.4203529655633593	-9.898096491295755	1383	96
QRSduration_lenadj	CD4+T_act	51	75	0.4179864175541287	-10.803800617332742	1503	90
QRSduration_lenadj	FB5	52	75	0.4162774706500147	-11.013895302581817	1508	105
QRSduration_lenadj	LYVE1+TIMD4+MP	53	75	0.415694524606607	-11.049336600709701	1511	98
QRSduration_lenadj	NK_CD56hi	54	75	0.4156755689540946	-11.101551586505428	1505	85
QRSduration_lenadj	EC8_ln	55	75	0.41511704081337764	-9.830590081304823	1175	84
QRSduration_lenadj	PC3_str	56	75	0.4148062350584382	-11.149965084815717	1506	107
QRSduration_lenadj	EC9_FB-like	57	75	0.413105662557711	-1.5007044232414954	25	16
QRSduration_lenadj	CD4+T_Th2	58	75	0.41294129615800385	-3.2915594361132396	120	34
QRSduration_lenadj	CD8+T_em	59	75	0.4073182356511592	-12.155787461442925	1506	90
QRSduration_lenadj	CD8+T_te	60	75	0.4048687225853593	-12.395289960334564	1505	83
QRSduration_lenadj	Adip1	61	75	0.40134846194972285	-12.919704837255539	1507	87
QRSduration_lenadj	CD4+T_Tfh	62	75	0.3966372234778129	-3.1691468359913473	79	23
QRSduration_lenadj	B_plasma	63	75	0.3950729698973757	-6.965251008047594	374	57
QRSduration_lenadj	FB3	64	75	0.38628044006704015	-14.812257543843739	1506	104
QRSduration_lenadj	FB2	65	75	0.3827283509702118	-15.263434391654755	1504	103
QRSduration_lenadj	FB1	66	75	0.3803910511181284	-15.610370512537349	1516	104
QRSduration_lenadj	NC2_glial_NGF+	67	75	0.37901163179466374	-11.15027071178807	727	90
QRSduration_lenadj	FB4_activated	68	75	0.3767740628724885	-15.958906223536355	1501	108
QRSduration_lenadj	PC2_atria	69	75	0.3690932095166246	-17.203563755342522	1501	110
QRSduration_lenadj	PC1_vent	70	75	0.3669001372185885	-17.432885464847644	1514	104
QRSduration_lenadj	FB6	71	75	0.3415284577433188	-20.640942847690084	1498	96
QRSduration_lenadj	NC6_schwann	72	75	0.3272867656074416	-2.5310690238441897	18	9
QRSduration_lenadj	Adip3	73	75	0.3271762755772131	-11.657303649771073	392	43
QRSduration_lenadj	NC3_glial	74	75	0.2671391428979409	-3.6005743986014744	20	12
QRSduration_lenadj	Adip2	75	75	0.258897906110422	-30.48625913642418	1507	69
QTinterval	vCM4	1	75	0.9110883691911145	51.91582383928965	1503	67
QTinterval	vCM3_stressed	2	75	0.8877767239477112	48.34172661501033	1505	64
QTinterval	vCM2	3	75	0.8702498464046479	46.94587957638278	1504	66
QTinterval	vCM1	4	75	0.8692696795015219	47.56781431260117	1502	66
QTinterval	Purkinje	5	75	0.8682026737791837	13.053320219279193	110	12
QTinterval	SAN_P_cell	6	75	0.8436807750489707	18.357649109085965	245	6
QTinterval	vCM5	7	75	0.8341998978590196	17.48165790409704	233	46
QTinterval	aCM3	8	75	0.8279893223514648	40.96061433252305	1481	38
QTinterval	aCM4	9	75	0.8202394102228088	41.281637283807385	1490	39
QTinterval	aCM2	10	75	0.8149054387397948	40.029213404725986	1500	39
QTinterval	aCM1	11	75	0.7983110774047685	35.91471254181973	1480	39
QTinterval	AVN_P_cell	12	75	0.7892422106676654	12.243868820001214	155	3
QTinterval	NC4_glial	13	75	0.7758006956967789	3.434202281216841	13	9
QTinterval	aCM5	14	75	0.7703172867009146	6.91240356102127	55	16
QTinterval	AVN_bundle_cell	15	75	0.7589235482113518	5.4255463955789756	37	3
QTinterval	NC3_glial	16	75	0.6453131004498655	2.246880973352577	20	12
QTinterval	NC1_glial	17	75	0.6218246771009117	16.10241592381769	1499	108
QTinterval	NC5_glial	18	75	0.5974701621668329	3.052096139087172	86	9
QTinterval	LYVE1+TIMD4+MP	19	75	0.5589573926935675	7.727138408646002	1511	98
QTinterval	SMC2_art	20	75	0.5539506420804803	7.041098926830708	1498	104
QTinterval	CD16+Mo	21	75	0.5507201789726194	6.674299938370614	1500	105
QTinterval	CD14+Mo	22	75	0.5372007152188806	4.851968279957426	1503	89
QTinterval	B_plasma	23	75	0.5370241506667905	2.4577318399438672	374	57
QTinterval	LYVE1+IGF1+MP	24	75	0.5282694274761381	3.718703839442916	1504	104
QTinterval	CD4+T_reg	25	75	0.5179110139779574	0.5024522215060877	66	34
QTinterval	MoMP	26	75	0.51763683948935	2.2960867495658217	1505	103
QTinterval	Adip4	27	75	0.508769373047059	0.2401128407349456	63	19
QTinterval	SMC1_basic	28	75	0.5044553809766077	0.5857331378190944	1498	109
QTinterval	PC4_CMC-like	29	75	0.4943575453704241	-0.5279720123569597	780	75
QTinterval	Mast	30	75	0.49389846373097723	-0.7877371377112048	1504	74
QTinterval	LYVE1+MP_cycling	31	75	0.4920773836262677	-1.0423463568626044	1507	97
QTinterval	B	32	75	0.4835321335766223	-1.8901726275096942	1183	79
QTinterval	DC	33	75	0.48073295500603436	-2.0452488134901436	964	93
QTinterval	gdT	34	75	0.47935783497674506	-0.3271353388417028	21	14
QTinterval	T/NK_cycling	35	75	0.47147255818251455	-1.4425029420575415	217	33
QTinterval	EC1_cap	36	75	0.4710888631995581	-3.754903749390003	1504	108
QTinterval	CD4+T_Th17	37	75	0.470727177470474	-0.26797155640667086	7	6
QTinterval	NC6_schwann	38	75	0.46752347162633967	-0.4759353575750677	18	9
QTinterval	NK_CD56hi	39	75	0.4556773501082893	-5.835203132951815	1505	85
QTinterval	NK_CD16hi	40	75	0.4541348173226882	-6.012359340948418	1514	96
QTinterval	EC4_immune	41	75	0.45261444850847404	-6.146638135175196	1499	110
QTinterval	Neut	42	75	0.4493767392953591	-1.912576080552256	124	20
QTinterval	CD8+T_trans	43	75	0.4466079451389229	-7.0419756068462815	1504	94
QTinterval	EC2_cap	44	75	0.440206335637191	-7.788872337507912	1504	106
QTinterval	NC2_glial_NGF+	45	75	0.43779688884616397	-5.732629828543509	727	90
QTinterval	CD4+T_naive	46	75	0.4347844257541856	-8.589668291027847	1500	94
QTinterval	MAIT-like	47	75	0.4328960372129215	-5.667133944739427	605	79
QTinterval	EC10_CMC-like	48	75	0.4311020950067261	-8.797189378953362	1512	103
QTinterval	CD4+T_Th1	49	75	0.43046235992946014	-1.9809352968244758	68	26
QTinterval	CD4+T_act	50	75	0.4302819856060775	-9.184082739531506	1503	90
QTinterval	CD8+T_em	51	75	0.42683566265412115	-9.59595601985253	1506	90
QTinterval	EC5_art	52	75	0.42628174011786585	-9.582497312821252	1497	109
QTinterval	CD8+T_te	53	75	0.4242552920072653	-9.869284256939078	1505	83
QTinterval	PC2_atria	54	75	0.4217156176014925	-10.288009954772916	1501	110
QTinterval	ILC	55	75	0.41988288762727827	-3.612703018811646	171	57
QTinterval	CD8+T_cytox	56	75	0.4147798417283016	-10.590693747019401	1383	96
QTinterval	Meso	57	75	0.4121146508119942	-8.61872181136614	871	45
QTinterval	EC3_cap	58	75	0.40803076395564875	-11.949000166364055	1497	105
QTinterval	CD4+T_Tfh	59	75	0.40583636419218133	-2.8870972561552057	79	23
QTinterval	PC3_str	60	75	0.40525116926197924	-12.400510240164973	1506	107
QTinterval	CD4+T_Th2	61	75	0.37847039370729946	-4.594852722432771	120	34
QTinterval	PC1_vent	62	75	0.37593385390620876	-16.249685534763554	1514	104
QTinterval	Adip3	63	75	0.36407225922523123	-9.168596232554787	392	43
QTinterval	FB3	64	75	0.35923958146641555	-18.334397112755546	1506	104
QTinterval	EC6_ven	65	75	0.35642227213582744	-18.872060200247482	1497	109
QTinterval	FB5	66	75	0.3560243014441987	-18.94034117603921	1508	105
QTinterval	FB1	67	75	0.3549035800728433	-18.936784381765587	1516	104
QTinterval	Adip1	68	75	0.3535377710511127	-19.181138026067014	1507	87
QTinterval	EC7_endocardial	69	75	0.3495629093605511	-19.352453162828365	1504	84
QTinterval	EC8_ln	70	75	0.34589042350240495	-17.847964876206962	1175	84
QTinterval	FB4_activated	71	75	0.34556549639212636	-20.000706167940322	1501	108
QTinterval	FB2	72	75	0.3335851134072072	-21.659648553748568	1504	103
QTinterval	FB6	73	75	0.30347440250103747	-25.597489418723754	1498	96
QTinterval	EC9_FB-like	74	75	0.3009309186297965	-3.4380128755949944	25	16
QTinterval	Adip2	75	75	0.17304542571520068	-41.34191336409833	1507	69
QTinterval_lenadj	vCM4	1	75	0.9120309540783357	52.03486167792965	1503	67
QTinterval_lenadj	vCM3_stressed	2	75	0.888989005899242	48.492854310568255	1505	64
QTinterval_lenadj	vCM2	3	75	0.8780173214704613	47.93075763262838	1504	66
QTinterval_lenadj	Purkinje	4	75	0.8779315980347248	13.398224731767476	110	12
QTinterval_lenadj	vCM1	5	75	0.8744628202301926	48.236773524779295	1502	66
QTinterval_lenadj	SAN_P_cell	6	75	0.8546110776177337	18.94148932879247	245	6
QTinterval_lenadj	vCM5	7	75	0.8432509325529273	17.955108354592877	233	46
QTinterval_lenadj	aCM3	8	75	0.8321700821708016	41.48272428826501	1481	38
QTinterval_lenadj	aCM4	9	75	0.8255505061850557	41.96628361431501	1490	39
QTinterval_lenadj	aCM2	10	75	0.8255191776781933	41.37837911836824	1500	39
QTinterval_lenadj	aCM1	11	75	0.8071949798413891	36.984276585624485	1480	39
QTinterval_lenadj	AVN_P_cell	12	75	0.7938227813213291	12.437768272210304	155	3
QTinterval_lenadj	aCM5	13	75	0.7767320993057822	7.07643958710876	55	16
QTinterval_lenadj	NC4_glial	14	75	0.7733842949163143	3.404113854312621	13	9
QTinterval_lenadj	AVN_bundle_cell	15	75	0.766838675220869	5.591401873436028	37	3
QTinterval_lenadj	NC3_glial	16	75	0.701535800160623	3.1162156297568036	20	12
QTinterval_lenadj	NC1_glial	17	75	0.6492210821215804	19.723589555944447	1499	108
QTinterval_lenadj	NC5_glial	18	75	0.644926690143378	4.5381087053100595	86	9
QTinterval_lenadj	LYVE1+TIMD4+MP	19	75	0.5672933812858063	8.81967888037133	1511	98
QTinterval_lenadj	CD16+Mo	20	75	0.5654870163797139	8.617477269217723	1500	105
QTinterval_lenadj	CD14+Mo	21	75	0.555397260119341	7.225284441821055	1503	89
QTinterval_lenadj	SMC2_art	22	75	0.5430707962907249	5.621170125982429	1498	104
QTinterval_lenadj	LYVE1+IGF1+MP	23	75	0.541686999730479	5.483719331898036	1504	104
QTinterval_lenadj	NC6_schwann	24	75	0.5312837345327277	0.4584552637465027	18	9
QTinterval_lenadj	B_plasma	25	75	0.5247828949172254	1.645134562902553	374	57
QTinterval_lenadj	MoMP	26	75	0.5205273398525743	2.6723922428273617	1505	103
QTinterval_lenadj	Adip4	27	75	0.5157274969305798	0.43063214957175655	63	19
QTinterval_lenadj	Mast	28	75	0.5058807500661079	0.7592325965822333	1504	74
QTinterval_lenadj	CD4+T_reg	29	75	0.5046328822084597	0.1299648339553268	66	34
QTinterval_lenadj	LYVE1+MP_cycling	30	75	0.4981032836597193	-0.24954324102431996	1507	97
QTinterval_lenadj	PC4_CMC-like	31	75	0.49389266843739915	-0.5714711675900085	780	75
QTinterval_lenadj	SMC1_basic	32	75	0.4904815589674891	-1.2513556893093696	1498	109
QTinterval_lenadj	DC	33	75	0.4820338668591463	-1.9071535100917176	964	93
QTinterval_lenadj	B	34	75	0.4773343543849008	-2.6015503056107745	1183	79
QTinterval_lenadj	CD4+T_Th17	35	75	0.4767791113680957	-0.21257047083727637	7	6
QTinterval_lenadj	gdT	36	75	0.4744528989702896	-0.40486836251731917	21	14
QTinterval_lenadj	Neut	37	75	0.47377961567751764	-0.9906212910830874	124	20
QTinterval_lenadj	EC1_cap	38	75	0.46916156866681746	-4.005215783714979	1504	108
QTinterval_lenadj	NC2_glial_NGF+	39	75	0.4573120329914792	-3.9341169348863887	727	90
QTinterval_lenadj	NK_CD56hi	40	75	0.45296951297469845	-6.191697606185165	1505	85
QTinterval_lenadj	NK_CD16hi	41	75	0.45255349761600044	-6.21965083646956	1514	96
QTinterval_lenadj	T/NK_cycling	42	75	0.45245956105591456	-2.403903703749441	217	33
QTinterval_lenadj	EC4_immune	43	75	0.4486091434265142	-6.666188086264998	1499	110
QTinterval_lenadj	CD8+T_trans	44	75	0.4368770996037537	-8.32539459251649	1504	94
QTinterval_lenadj	EC2_cap	45	75	0.4348566148970695	-8.485740347357476	1504	106
QTinterval_lenadj	CD4+T_naive	46	75	0.4267085372505553	-9.65335904593921	1500	94
QTinterval_lenadj	CD4+T_Th1	47	75	0.42560664359570316	-2.119261243278064	68	26
QTinterval_lenadj	MAIT-like	48	75	0.4235759679489656	-6.454242167553026	605	79
QTinterval_lenadj	EC10_CMC-like	49	75	0.42302558726064843	-9.828433626071826	1512	103
QTinterval_lenadj	PC2_atria	50	75	0.42083010917497	-10.404382074319347	1501	110
QTinterval_lenadj	CD4+T_act	51	75	0.41861011684908184	-10.721639557824155	1503	90
QTinterval_lenadj	EC5_art	52	75	0.41690505836669794	-10.801354456592744	1497	109
QTinterval_lenadj	CD8+T_em	53	75	0.41626729660814576	-10.982062686813231	1506	90
QTinterval_lenadj	Meso	54	75	0.4145113664744993	-8.383681207364125	871	45
QTinterval_lenadj	CD8+T_te	55	75	0.4143120961045614	-11.164849708133758	1505	83
QTinterval_lenadj	ILC	56	75	0.4121035801942518	-3.963493587957619	171	57
QTinterval_lenadj	CD8+T_cytox	57	75	0.4032037772156259	-12.02930353765859	1383	96
QTinterval_lenadj	PC3_str	58	75	0.40203340522648395	-12.821643836873141	1506	107
QTinterval_lenadj	EC3_cap	59	75	0.3973576420908944	-13.335693591501036	1497	105
QTinterval_lenadj	CD4+T_Tfh	60	75	0.38482716675698075	-3.5312482147373956	79	23
QTinterval_lenadj	PC1_vent	61	75	0.37156397215184866	-16.822035096414076	1514	104
QTinterval_lenadj	CD4+T_Th2	62	75	0.36736680079941514	-5.014662969976062	120	34
QTinterval_lenadj	FB5	63	75	0.3615347365993764	-18.215430493789185	1508	105
QTinterval_lenadj	FB1	64	75	0.36116011867249936	-18.120232722549147	1516	104
QTinterval_lenadj	FB3	65	75	0.3581377939169858	-18.47790770099888	1506	104
QTinterval_lenadj	Adip3	66	75	0.3546307738286201	-9.80544318479337	392	43
QTinterval_lenadj	Adip1	67	75	0.3527622805370515	-19.282698617455402	1507	87
QTinterval_lenadj	FB4_activated	68	75	0.34826039909885725	-19.651691174986592	1501	108
QTinterval_lenadj	EC7_endocardial	69	75	0.3468198807039305	-19.705320486810155	1504	84
QTinterval_lenadj	EC6_ven	70	75	0.34601337948853406	-20.240219813718078	1497	109
QTinterval_lenadj	EC8_ln	71	75	0.3341341383707291	-19.209501056329426	1175	84
QTinterval_lenadj	FB2	72	75	0.3339957454427852	-21.60620294105352	1504	103
QTinterval_lenadj	FB6	73	75	0.3049630922304595	-25.403587351605786	1498	96
QTinterval_lenadj	EC9_FB-like	74	75	0.2988621699347887	-3.4737410991887945	25	16
QTinterval_lenadj	Adip2	75	75	0.16577878968923737	-42.260746317241654	1507	69
ReactionTime	SAN_P_cell	1	75	0.8943136690759073	21.062196379126295	245	6
ReactionTime	NC5_glial	2	75	0.8925210053564235	12.291062396186456	86	9
ReactionTime	NC1_glial	3	75	0.840532796514207	45.01059108599526	1499	108
ReactionTime	NC4_glial	4	75	0.8322030560436825	4.136510569743804	13	9
ReactionTime	aCM2	5	75	0.825294290848636	41.34979262291648	1500	39
ReactionTime	AVN_P_cell	6	75	0.8218190803649232	13.622875425637304	155	3
ReactionTime	NC6_schwann	7	75	0.7908896450058521	4.262914607677961	18	9
ReactionTime	aCM5	8	75	0.7686719070429504	6.87032882600986	55	16
ReactionTime	aCM1	9	75	0.7588233865077365	31.160651513161262	1480	39
ReactionTime	aCM4	10	75	0.7541614587770846	32.7636162752703	1490	39
ReactionTime	aCM3	11	75	0.7508355734330473	31.325346540575975	1481	38
ReactionTime	NC2_glial_NGF+	12	75	0.7279684621958367	21.00954087519869	727	90
ReactionTime	AVN_bundle_cell	13	75	0.705451024547534	4.3050702549155435	37	3
ReactionTime	NC3_glial	14	75	0.6942894692373939	3.0041703769364094	20	12
ReactionTime	vCM5	15	75	0.6502653353670933	7.860227380560359	233	46
ReactionTime	vCM2	16	75	0.6500961547553099	19.031462334004225	1504	66
ReactionTime	Mast	17	75	0.6427549314597948	18.43033559813782	1504	74
ReactionTime	vCM1	18	75	0.6419744931804843	18.288575270656928	1502	66
ReactionTime	vCM4	19	75	0.6368436241988152	17.281806102699157	1503	67
ReactionTime	Purkinje	20	75	0.6276704661330383	4.526103680546943	110	12
ReactionTime	gdT	21	75	0.6079079220336688	1.7101159010413725	21	14
ReactionTime	Neut	22	75	0.6014488630473814	3.832796745268847	124	20
ReactionTime	vCM3_stressed	23	75	0.5638639253306958	7.961520710856882	1505	64
ReactionTime	CD4+T_reg	24	75	0.5563297456220601	1.5802012024282295	66	34
ReactionTime	LYVE1+MP_cycling	25	75	0.5493507291637506	6.492874364446283	1507	97
ReactionTime	SMC1_basic	26	75	0.5442441818893966	5.816625699211689	1498	109
ReactionTime	CD4+T_Tfh	27	75	0.5414453713049003	1.2707327701207516	79	23
ReactionTime	PC4_CMC-like	28	75	0.5409101315494866	3.828015624042823	780	75
ReactionTime	SMC2_art	29	75	0.536969045253873	4.824830527034269	1498	104
ReactionTime	T/NK_cycling	30	75	0.529577203957258	1.4955846373869246	217	33
ReactionTime	EC9_FB-like	31	75	0.5274049771049525	0.47329632253135767	25	16
ReactionTime	CD4+T_act	32	75	0.5242110671756611	3.189368574056942	1503	90
ReactionTime	CD4+T_naive	33	75	0.521452648427086	2.8255694453926403	1500	94
ReactionTime	Meso	34	75	0.516821129180657	1.649610934024969	871	45
ReactionTime	MAIT-like	35	75	0.5123203163738553	1.0404882250210228	605	79
ReactionTime	PC3_str	36	75	0.5105371715372203	1.379080908248507	1506	107
ReactionTime	LYVE1+IGF1+MP	37	75	0.5091251213292268	1.2003647315114945	1504	104
ReactionTime	CD14+Mo	38	75	0.508249153624984	1.0759102745585258	1503	89
ReactionTime	CD8+T_trans	39	75	0.49999159853959635	-0.0011080839532920958	1504	94
ReactionTime	CD8+T_em	40	75	0.4970086183197561	-0.39233823586090705	1506	90
ReactionTime	B_plasma	41	75	0.4959606599666245	-0.2681388886333502	374	57
ReactionTime	CD4+T_Th1	42	75	0.4946967667123059	-0.15107446839195654	68	26
ReactionTime	EC7_endocardial	43	75	0.4888313916087557	-1.436746548785275	1504	84
ReactionTime	NK_CD56hi	44	75	0.4886809470039376	-1.4901855747804267	1505	85
ReactionTime	PC1_vent	45	75	0.487247531505709	-1.6702671062866097	1514	104
ReactionTime	CD8+T_te	46	75	0.4830135435566493	-2.213278941858539	1505	83
ReactionTime	ILC	47	75	0.4808800761412279	-0.8621704477151588	171	57
ReactionTime	NK_CD16hi	48	75	0.4745797332906951	-3.332283206509345	1514	96
ReactionTime	Adip4	49	75	0.4631702728995462	-1.0084290347926843	63	19
ReactionTime	LYVE1+TIMD4+MP	50	75	0.4593554572837716	-5.326999597095299	1511	98
ReactionTime	B	51	75	0.4537226892691824	-5.31168420785692	1183	79
ReactionTime	EC6_ven	52	75	0.44805182046643116	-6.82814240087589	1497	109
ReactionTime	CD8+T_cytox	53	75	0.4430528643445992	-7.077077603792847	1383	96
ReactionTime	CD4+T_Th17	54	75	0.4394026537850816	-0.5547249556460356	7	6
ReactionTime	DC	55	75	0.43861838216610083	-6.515824356262531	964	93
ReactionTime	CD16+Mo	56	75	0.43725329572756827	-8.25687789241689	1500	105
ReactionTime	PC2_atria	57	75	0.43379107976869213	-8.701071779132397	1501	110
ReactionTime	MoMP	58	75	0.4302468482268638	-9.08095169905378	1505	103
ReactionTime	CD4+T_Th2	59	75	0.4203286447884108	-3.012254828771438	120	34
ReactionTime	EC4_immune	60	75	0.4145471370511399	-11.084556571116256	1499	110
ReactionTime	EC1_cap	61	75	0.40462189798563164	-12.387461459418574	1504	108
ReactionTime	FB1	62	75	0.40384380689065635	-12.549510848008524	1516	104
ReactionTime	Adip1	63	75	0.4019204985394674	-12.844789189292268	1507	87
ReactionTime	FB4_activated	64	75	0.3965292132989834	-13.40043030168519	1501	108
ReactionTime	EC10_CMC-like	65	75	0.3839308297279511	-14.820225259982571	1512	103
ReactionTime	FB5	66	75	0.3816203877895351	-15.573115921951342	1508	105
ReactionTime	EC8_ln	67	75	0.37196958752575954	-14.827646385506704	1175	84
ReactionTime	EC5_art	68	75	0.3609921996034728	-18.069361320935506	1497	109
ReactionTime	EC3_cap	69	75	0.36032893294666496	-18.146607226917887	1497	105
ReactionTime	EC2_cap	70	75	0.35980640943114856	-18.261967904359114	1504	106
ReactionTime	FB6	71	75	0.3554307186689728	-18.83017121554865	1498	96
ReactionTime	FB2	72	75	0.32652787273597106	-22.578180277849825	1504	103
ReactionTime	FB3	73	75	0.3060160250973344	-25.266898652533495	1506	104
ReactionTime	Adip3	74	75	0.2867407308534362	-14.384761495407085	392	43
ReactionTime	Adip2	75	75	0.2630367496216331	-29.962921268335478	1507	69
RestingHeartRate	SAN_P_cell	1	75	0.9244681908011746	22.672894937420367	245	6
RestingHeartRate	vCM4	2	75	0.9210323599886778	53.17163770607853	1503	67
RestingHeartRate	AVN_P_cell	3	75	0.9195489702734981	17.759864798909028	155	3
RestingHeartRate	aCM3	4	75	0.8993630243602726	49.87404682022591	1481	38
RestingHeartRate	vCM3_stressed	5	75	0.8984191324726059	49.66844988555167	1505	64
RestingHeartRate	vCM2	6	75	0.8892123841136881	49.35023712141821	1504	66
RestingHeartRate	Purkinje	7	75	0.8875348110340748	13.738672597416702	110	12
RestingHeartRate	aCM4	8	75	0.8834745062519883	49.433189574223746	1490	39
RestingHeartRate	aCM2	9	75	0.8795335512719006	48.24441768587509	1500	39
RestingHeartRate	vCM1	10	75	0.8733170748556579	48.08918327773021	1502	66
RestingHeartRate	aCM1	11	75	0.8586352483183142	43.17735017677388	1480	39
RestingHeartRate	vCM5	12	75	0.858493824947376	18.752448605190803	233	46
RestingHeartRate	aCM5	13	75	0.8523486540498744	9.010064138702985	55	16
RestingHeartRate	NC4_glial	14	75	0.8042894192431044	3.7889368446833136	13	9
RestingHeartRate	AVN_bundle_cell	15	75	0.7839006455564858	5.9489225095286455	37	3
RestingHeartRate	NC5_glial	16	75	0.7249205568790494	7.0429672834327	86	9
RestingHeartRate	SMC2_art	17	75	0.6953796397402443	25.49899906005623	1498	104
RestingHeartRate	NC6_schwann	18	75	0.6789649936233382	2.62268698345922	18	9
RestingHeartRate	Adip4	19	75	0.665613605965115	4.534640410351531	63	19
RestingHeartRate	SMC1_basic	20	75	0.6186643345102276	15.600379263820445	1498	109
RestingHeartRate	NC3_glial	21	75	0.6158353182050845	1.7910853991243603	20	12
RestingHeartRate	NC1_glial	22	75	0.6020340478888017	13.486550644704506	1499	108
RestingHeartRate	FB4_activated	23	75	0.5862192850342333	11.166200205869533	1501	108
RestingHeartRate	Adip3	24	75	0.5842467004379845	5.682607360632704	392	43
RestingHeartRate	Adip1	25	75	0.5507899870163647	6.651610850760871	1507	87
RestingHeartRate	EC10_CMC-like	26	75	0.5287425455442354	3.669975399259468	1512	103
RestingHeartRate	Meso	27	75	0.5273117440262782	2.678402328949913	871	45
RestingHeartRate	EC7_endocardial	28	75	0.5163327923533286	2.101074925687966	1504	84
RestingHeartRate	PC4_CMC-like	29	75	0.5140505890994632	1.314732379549758	780	75
RestingHeartRate	EC4_immune	30	75	0.5013977095721656	0.18130452612139988	1499	110
RestingHeartRate	EC8_ln	31	75	0.4996630836378433	-0.03901945313621706	1175	84
RestingHeartRate	EC1_cap	32	75	0.49751851021390125	-0.3222894819463927	1504	108
RestingHeartRate	FB5	33	75	0.4941991757066727	-0.7631120551590468	1508	105
RestingHeartRate	FB3	34	75	0.4919611021297157	-1.0470865846957418	1506	104
RestingHeartRate	FB1	35	75	0.4854553047437154	-1.8982533001504796	1516	104
RestingHeartRate	FB2	36	75	0.471217838479306	-3.746128221574938	1504	103
RestingHeartRate	PC3_str	37	75	0.47011089660064354	-3.9118174850926164	1506	107
RestingHeartRate	FB6	38	75	0.4699295353672916	-3.916682661432547	1498	96
RestingHeartRate	EC2_cap	39	75	0.46926062664535484	-4.004187690213624	1504	106
RestingHeartRate	NC2_glial_NGF+	40	75	0.46619704781612126	-3.11527523925438	727	90
RestingHeartRate	PC2_atria	41	75	0.4587337221590296	-5.423149090749216	1501	110
RestingHeartRate	EC5_art	42	75	0.4495836259009639	-6.553529208348678	1497	109
RestingHeartRate	EC9_FB-like	43	75	0.4469812195499588	-0.9156582658690524	25	16
RestingHeartRate	PC1_vent	44	75	0.42330265074907264	-10.045510769193411	1514	104
RestingHeartRate	EC6_ven	45	75	0.4127414407226976	-11.469388798421244	1497	109
RestingHeartRate	EC3_cap	46	75	0.4075400582150833	-12.012754561070814	1497	105
RestingHeartRate	gdT	47	75	0.4008009155246471	-1.5720989574529705	21	14
RestingHeartRate	T/NK_cycling	48	75	0.38820559465804755	-5.6529344496811955	217	33
RestingHeartRate	CD4+T_Th1	49	75	0.3873235365768347	-3.209841221098074	68	26
RestingHeartRate	NK_CD16hi	50	75	0.378613684369867	-15.91224772343837	1514	96
RestingHeartRate	B_plasma	51	75	0.3695119649411938	-8.662037959547362	374	57
RestingHeartRate	CD4+T_naive	52	75	0.3691488715851924	-17.234652942767305	1500	94
RestingHeartRate	MAIT-like	53	75	0.3656207132896978	-11.348739859108138	605	79
RestingHeartRate	NK_CD56hi	54	75	0.35672332036464893	-18.862783067568632	1505	85
RestingHeartRate	CD4+T_act	55	75	0.35516746344529754	-19.079057409451455	1503	90
RestingHeartRate	CD8+T_te	56	75	0.3509623977261462	-19.419105318280145	1505	83
RestingHeartRate	CD8+T_trans	57	75	0.34559792284574076	-20.364371886337203	1504	94
RestingHeartRate	CD14+Mo	58	75	0.3426375770255941	-20.524268961945953	1503	89
RestingHeartRate	CD4+T_Th2	59	75	0.3405411452997144	-6.02890089902008	120	34
RestingHeartRate	ILC	60	75	0.33711580455921836	-7.34490057315115	171	57
RestingHeartRate	B	61	75	0.3343412734705656	-19.014217284975267	1183	79
RestingHeartRate	CD4+T_reg	62	75	0.33132678117135256	-4.731738449500215	66	34
RestingHeartRate	Mast	63	75	0.32902850779781995	-22.07322680049088	1504	74
RestingHeartRate	CD8+T_cytox	64	75	0.3244228041323251	-21.8197706752267	1383	96
RestingHeartRate	CD8+T_em	65	75	0.32378089860289994	-23.112226642202472	1506	90
RestingHeartRate	CD4+T_Tfh	66	75	0.3208916711193721	-5.4915377940713315	79	23
RestingHeartRate	LYVE1+MP_cycling	67	75	0.31451355208942233	-24.40369621682136	1507	97
RestingHeartRate	MoMP	68	75	0.31267789928858186	-24.386897301188355	1505	103
RestingHeartRate	Neut	69	75	0.30834799019008885	-7.24072382241075	124	20
RestingHeartRate	Adip2	70	75	0.3027323938988641	-24.943588260894995	1507	69
RestingHeartRate	LYVE1+IGF1+MP	71	75	0.2907540063240977	-27.525279057293794	1504	104
RestingHeartRate	CD16+Mo	72	75	0.2726088375801311	-29.9225446768287	1500	105
RestingHeartRate	CD4+T_Th17	73	75	0.2648594754489921	-2.1525417398564373	7	6
RestingHeartRate	LYVE1+TIMD4+MP	74	75	0.2364463732701354	-34.54215423716469	1511	98
RestingHeartRate	DC	75	75	0.23231206488630768	-28.415796602352604	964	93
RestingHeartRate_lenadj	vCM4	1	75	0.9269522897305603	53.91925805404719	1503	67
RestingHeartRate_lenadj	SAN_P_cell	2	75	0.9194866705364558	22.40680789476727	245	6
RestingHeartRate_lenadj	AVN_P_cell	3	75	0.9168352926488285	17.644992516680468	155	3
RestingHeartRate_lenadj	vCM3_stressed	4	75	0.9019287376512077	50.10597066385776	1505	64
RestingHeartRate_lenadj	aCM3	5	75	0.9008788919012873	50.06335440280678	1481	38
RestingHeartRate_lenadj	Purkinje	6	75	0.8924124769042941	13.911592945531286	110	12
RestingHeartRate_lenadj	aCM4	7	75	0.8916163166848121	50.48273954962344	1490	39
RestingHeartRate_lenadj	vCM2	8	75	0.8912960909260903	49.61444100978555	1504	66
RestingHeartRate_lenadj	aCM2	9	75	0.8791798671403457	48.19945911787915	1500	39
RestingHeartRate_lenadj	vCM1	10	75	0.8763328304929495	48.47766062133586	1502	66
RestingHeartRate_lenadj	vCM5	11	75	0.8643687569865485	19.059760345190057	233	46
RestingHeartRate_lenadj	aCM1	12	75	0.858018614329941	43.103111457150725	1480	39
RestingHeartRate_lenadj	aCM5	13	75	0.8552350276268661	9.083872881146124	55	16
RestingHeartRate_lenadj	NC4_glial	14	75	0.7973779162617242	3.7028765131626558	13	9
RestingHeartRate_lenadj	AVN_bundle_cell	15	75	0.7666144491881486	5.586703387137562	37	3
RestingHeartRate_lenadj	SMC2_art	16	75	0.7302793611150962	30.053762103517204	1498	104
RestingHeartRate_lenadj	NC5_glial	17	75	0.7123223735738257	6.6484786956372615	86	9
RestingHeartRate_lenadj	Adip4	18	75	0.6548528213154218	4.240001037968874	63	19
RestingHeartRate_lenadj	SMC1_basic	19	75	0.6463115900354256	19.23506590810174	1498	109
RestingHeartRate_lenadj	NC6_schwann	20	75	0.6421471271902288	2.083130408187934	18	9
RestingHeartRate_lenadj	NC3_glial	21	75	0.6161862726898444	1.7965119776770073	20	12
RestingHeartRate_lenadj	NC1_glial	22	75	0.5928821288818912	12.276877778276198	1499	108
RestingHeartRate_lenadj	FB4_activated	23	75	0.5807416973846422	10.45680160303669	1501	108
RestingHeartRate_lenadj	Adip3	24	75	0.5763320677114452	5.148749655171076	392	43
RestingHeartRate_lenadj	EC10_CMC-like	25	75	0.5422165523549499	5.390396210585101	1512	103
RestingHeartRate_lenadj	Adip1	26	75	0.5283422765503902	3.7117905577943553	1507	87
RestingHeartRate_lenadj	PC4_CMC-like	27	75	0.5249815103816494	2.337553276685623	780	75
RestingHeartRate_lenadj	Meso	28	75	0.5152715669734846	1.4976487956660878	871	45
RestingHeartRate_lenadj	EC4_immune	29	75	0.5119182303586962	1.545978614170259	1499	110
RestingHeartRate_lenadj	EC7_endocardial	30	75	0.5076143027584233	0.9795153367672247	1504	84
RestingHeartRate_lenadj	EC8_ln	31	75	0.5033104434904808	0.3833939491988224	1175	84
RestingHeartRate_lenadj	EC1_cap	32	75	0.5030564249522034	0.3969605758491477	1504	108
RestingHeartRate_lenadj	PC3_str	33	75	0.49804368179194736	-0.2560384522217346	1506	107
RestingHeartRate_lenadj	FB3	34	75	0.49264019065293047	-0.9586336034596881	1506	104
RestingHeartRate_lenadj	FB5	35	75	0.4899164337127882	-1.326516819621337	1508	105
RestingHeartRate_lenadj	EC2_cap	36	75	0.484461966266402	-2.024023153900585	1504	106
RestingHeartRate_lenadj	PC2_atria	37	75	0.48170847135518197	-2.403843819421743	1501	110
RestingHeartRate_lenadj	EC5_art	38	75	0.4648792427723728	-4.565280872012902	1497	109
RestingHeartRate_lenadj	FB1	39	75	0.4599877885911164	-5.222062821867282	1516	104
RestingHeartRate_lenadj	FB2	40	75	0.45863061889693113	-5.38441165886277	1504	103
RestingHeartRate_lenadj	NC2_glial_NGF+	41	75	0.4576842080566794	-3.8998173341006694	727	90
RestingHeartRate_lenadj	FB6	42	75	0.45581524799627987	-5.75507077081972	1498	96
RestingHeartRate_lenadj	PC1_vent	43	75	0.4442265434944145	-7.304983332982979	1514	104
RestingHeartRate_lenadj	EC9_FB-like	44	75	0.43950813721834636	-1.044721770355143	25	16
RestingHeartRate_lenadj	EC3_cap	45	75	0.4375519426253845	-8.113494034010959	1497	105
RestingHeartRate_lenadj	EC6_ven	46	75	0.42177407841299447	-10.282126088569967	1497	109
RestingHeartRate_lenadj	CD4+T_Th1	47	75	0.4058870841460107	-2.6810170249252154	68	26
RestingHeartRate_lenadj	T/NK_cycling	48	75	0.39977280020041667	-5.068033492455355	217	33
RestingHeartRate_lenadj	gdT	49	75	0.3759660640359349	-1.965679647641744	21	14
RestingHeartRate_lenadj	NK_CD16hi	50	75	0.37299639659328265	-16.648604817488504	1514	96
RestingHeartRate_lenadj	B_plasma	51	75	0.3711952470495482	-8.550298568938711	374	57
RestingHeartRate_lenadj	CD4+T_naive	52	75	0.36966029407425477	-17.167292506423372	1500	94
RestingHeartRate_lenadj	MAIT-like	53	75	0.3655554202628821	-11.354254053996984	605	79
RestingHeartRate_lenadj	CD4+T_act	54	75	0.35730287671646693	-18.797755477145934	1503	90
RestingHeartRate_lenadj	CD8+T_te	55	75	0.3550400091495588	-18.887806072518213	1505	83
RestingHeartRate_lenadj	CD4+T_Th2	56	75	0.35051954454998674	-5.651632541462758	120	34
RestingHeartRate_lenadj	NK_CD56hi	57	75	0.34920736469396224	-19.852280044483813	1505	85
RestingHeartRate_lenadj	CD8+T_trans	58	75	0.3437404682630697	-20.609354962864742	1504	94
RestingHeartRate_lenadj	B	59	75	0.3372420149765837	-18.681271774415798	1183	79
RestingHeartRate_lenadj	ILC	60	75	0.33442066366412787	-7.466431958387785	171	57
RestingHeartRate_lenadj	CD4+T_Tfh	61	75	0.33228767080566807	-5.142131580694011	79	23
RestingHeartRate_lenadj	CD4+T_reg	62	75	0.32874966490391666	-4.804033507459872	66	34
RestingHeartRate_lenadj	CD8+T_em	63	75	0.32470134164825265	-22.991504835617548	1506	90
RestingHeartRate_lenadj	CD8+T_cytox	64	75	0.3215047270060896	-22.182413291726107	1383	96
RestingHeartRate_lenadj	CD14+Mo	65	75	0.3181730031651986	-23.715103752484318	1503	89
RestingHeartRate_lenadj	Mast	66	75	0.3064268412676403	-24.99120865210717	1504	74
RestingHeartRate_lenadj	LYVE1+MP_cycling	67	75	0.30556625907860335	-25.5808551039449	1507	97
RestingHeartRate_lenadj	MoMP	68	75	0.3038785903105923	-25.53245270310136	1505	103
RestingHeartRate_lenadj	Adip2	69	75	0.28326203138265094	-27.40552671847324	1507	69
RestingHeartRate_lenadj	LYVE1+IGF1+MP	70	75	0.27882164121342207	-29.09492287085031	1504	104
RestingHeartRate_lenadj	CD4+T_Th17	71	75	0.26117622274040037	-2.186259259236909	7	6
RestingHeartRate_lenadj	Neut	72	75	0.2551320350158909	-9.251253400182138	124	20
RestingHeartRate_lenadj	CD16+Mo	73	75	0.2538604848271993	-32.389652091630865	1500	105
RestingHeartRate_lenadj	LYVE1+TIMD4+MP	74	75	0.22395224283979678	-36.17967365110303	1511	98
RestingHeartRate_lenadj	DC	75	75	0.22342181197606917	-29.35952093693466	964	93
RheumatoidArthritis	B	1	75	0.84770210918498	39.90905636542305	1183	79
RheumatoidArthritis	T/NK_cycling	2	75	0.8010722537931979	15.223854092741885	217	33
RheumatoidArthritis	CD4+T_reg	3	75	0.7643500632982284	7.4157318353351	66	34
RheumatoidArthritis	DC	4	75	0.7636953760850091	27.991975688519595	964	93
RheumatoidArthritis	CD4+T_Th2	5	75	0.7561206865353253	9.683540247499934	120	34
RheumatoidArthritis	MAIT-like	6	75	0.7444005997263553	20.640374685749673	605	79
RheumatoidArthritis	ILC	7	75	0.732919107811481	10.502969203567515	171	57
RheumatoidArthritis	CD8+T_em	8	75	0.732601682710067	30.50715141282183	1506	90
RheumatoidArthritis	CD8+T_trans	9	75	0.7248897840066884	29.6611242501275	1504	94
RheumatoidArthritis	NK_CD56hi	10	75	0.7209825694684308	29.092984847259544	1505	85
RheumatoidArthritis	CD8+T_te	11	75	0.7195683843395666	28.60903231803188	1505	83
RheumatoidArthritis	NK_CD16hi	12	75	0.7134180148630458	27.976467557453542	1514	96
RheumatoidArthritis	CD4+T_Tfh	13	75	0.712045947707584	6.501419242719622	79	23
RheumatoidArthritis	CD4+T_act	14	75	0.7086433939998297	27.484979459170397	1503	90
RheumatoidArthritis	gdT	15	75	0.7019244842537283	3.2000826707063807	21	14
RheumatoidArthritis	CD4+T_Th17	16	75	0.6974810061102754	1.807796037254311	7	6
RheumatoidArthritis	CD8+T_cytox	17	75	0.6956113809867018	24.309509293057587	1383	96
RheumatoidArthritis	CD4+T_naive	18	75	0.6952014808018665	25.71036120429596	1500	94
RheumatoidArthritis	LYVE1+MP_cycling	19	75	0.6895833031031596	24.94270276253017	1507	97
RheumatoidArthritis	CD4+T_Th1	20	75	0.6883505175303655	5.3655860045375485	68	26
RheumatoidArthritis	CD16+Mo	21	75	0.6663992514972306	21.89658113415612	1500	105
RheumatoidArthritis	EC3_cap	22	75	0.6596065389211554	20.736701120383046	1497	105
RheumatoidArthritis	LYVE1+IGF1+MP	23	75	0.6533292465532928	20.169706596920268	1504	104
RheumatoidArthritis	LYVE1+TIMD4+MP	24	75	0.6440337780592073	18.877512856926714	1511	98
RheumatoidArthritis	MoMP	25	75	0.6418507162589414	18.467115393052772	1505	103
RheumatoidArthritis	EC6_ven	26	75	0.6232066420561697	16.194455787418683	1497	109
RheumatoidArthritis	EC5_art	27	75	0.603170167196054	13.410895095735883	1497	109
RheumatoidArthritis	EC2_cap	28	75	0.5903450906444054	11.768577571699115	1504	106
RheumatoidArthritis	EC9_FB-like	29	75	0.5809319050161409	1.3977305243825318	25	16
RheumatoidArthritis	Mast	30	75	0.5776642225227501	10.026817780833447	1504	74
RheumatoidArthritis	EC4_immune	31	75	0.5707055349289907	9.171600280735689	1499	110
RheumatoidArthritis	EC8_ln	32	75	0.5651574161530887	7.546106487048078	1175	84
RheumatoidArthritis	EC10_CMC-like	33	75	0.5540096865980927	6.896195774715183	1512	103
RheumatoidArthritis	EC1_cap	34	75	0.5524145667030806	6.807468498887971	1504	108
RheumatoidArthritis	EC7_endocardial	35	75	0.5267356546089003	3.4393147421093793	1504	84
RheumatoidArthritis	B_plasma	36	75	0.5180167377332119	1.1959844907003168	374	57
RheumatoidArthritis	Neut	37	75	0.5074674828631167	0.2821258233297079	124	20
RheumatoidArthritis	CD14+Mo	38	75	0.46965074391630207	-3.95835475129981	1503	89
RheumatoidArthritis	Adip2	39	75	0.4339151508381986	-8.356127497842806	1507	69
RheumatoidArthritis	PC1_vent	40	75	0.41738554310596204	-10.82050976370729	1514	104
RheumatoidArthritis	Adip1	41	75	0.40523701591587985	-12.410448007819351	1507	87
RheumatoidArthritis	PC4_CMC-like	42	75	0.3991951621228113	-9.432443254458953	780	75
RheumatoidArthritis	Meso	43	75	0.38547575352730856	-11.231139548560456	871	45
RheumatoidArthritis	PC3_str	44	75	0.3776486129646642	-16.013069670750507	1506	107
RheumatoidArthritis	PC2_atria	45	75	0.37735564578748576	-16.117727423740863	1501	110
RheumatoidArthritis	FB2	46	75	0.37655920465158	-16.066376627617	1504	103
RheumatoidArthritis	NC1_glial	47	75	0.36970444958134135	-17.222070238906486	1499	108
RheumatoidArthritis	FB3	48	75	0.36910155333422034	-17.049850573161272	1506	104
RheumatoidArthritis	Adip3	49	75	0.36511842547307033	-9.098030240183451	392	43
RheumatoidArthritis	NC2_glial_NGF+	50	75	0.35730613326540495	-13.15064635223643	727	90
RheumatoidArthritis	Adip4	51	75	0.3569270073171953	-3.917459380638304	63	19
RheumatoidArthritis	FB5	52	75	0.35554882351929057	-19.002891413404043	1508	105
RheumatoidArthritis	FB1	53	75	0.3542715020993145	-19.019277969844357	1516	104
RheumatoidArthritis	SMC1_basic	54	75	0.3331899499036258	-21.929925762959865	1498	109
RheumatoidArthritis	NC3_glial	55	75	0.333152017010129	-2.579860709472204	20	12
RheumatoidArthritis	FB6	56	75	0.3329791847143406	-21.754486979762785	1498	96
RheumatoidArthritis	FB4_activated	57	75	0.33171745829339844	-21.794156041799862	1501	108
RheumatoidArthritis	vCM1	58	75	0.30860632061977444	-24.65455331630221	1502	66
RheumatoidArthritis	Purkinje	59	75	0.30490188322883877	-6.916511947763777	110	12
RheumatoidArthritis	vCM3_stressed	60	75	0.3037387025265487	-24.466682504770777	1505	64
RheumatoidArthritis	SMC2_art	61	75	0.2930907082664935	-27.003734076098983	1498	104
RheumatoidArthritis	aCM5	62	75	0.28899293641554713	-5.3957554676686454	55	16
RheumatoidArthritis	vCM4	63	75	0.2875944293779373	-26.824427576476335	1503	67
RheumatoidArthritis	AVN_P_cell	64	75	0.28218392599406755	-9.220339696824373	155	3
RheumatoidArthritis	vCM2	65	75	0.28020480664248776	-27.868961402761624	1504	66
RheumatoidArthritis	NC5_glial	66	75	0.2788439735834125	-6.925088040857006	86	9
RheumatoidArthritis	aCM4	67	75	0.2639185239819518	-30.432949697297516	1490	39
RheumatoidArthritis	vCM5	68	75	0.25597274342733617	-12.76481843952631	233	46
RheumatoidArthritis	aCM3	69	75	0.25342049484604323	-30.793831764110404	1481	38
RheumatoidArthritis	aCM1	70	75	0.25101277638034075	-29.97644150757544	1480	39
RheumatoidArthritis	NC4_glial	71	75	0.24374439125838335	-3.190831676083215	13	9
RheumatoidArthritis	NC6_schwann	72	75	0.2242032366392963	-4.041732222049338	18	9
RheumatoidArthritis	AVN_bundle_cell	73	75	0.2205461911505156	-5.855742422070147	37	3
RheumatoidArthritis	aCM2	74	75	0.21365905659336837	-36.39823680405096	1500	39
RheumatoidArthritis	SAN_P_cell	75	75	0.2114494187643343	-15.412879349426445	245	6
RheumatoidArthritis_lenadj	B	1	75	0.8526329823848219	40.47501927236235	1183	79
RheumatoidArthritis_lenadj	T/NK_cycling	2	75	0.8052105439616357	15.43310859867519	217	33
RheumatoidArthritis_lenadj	CD4+T_reg	3	75	0.7705043170760645	7.588375242692797	66	34
RheumatoidArthritis_lenadj	DC	4	75	0.762397496739063	27.854202293939284	964	93
RheumatoidArthritis_lenadj	CD4+T_Th2	5	75	0.7569936044529425	9.716543968918758	120	34
RheumatoidArthritis_lenadj	MAIT-like	6	75	0.7450009530031841	20.6910763476582	605	79
RheumatoidArthritis_lenadj	ILC	7	75	0.7355860832261135	10.623230529097016	171	57
RheumatoidArthritis_lenadj	CD8+T_em	8	75	0.7319339033639496	30.419568015380303	1506	90
RheumatoidArthritis_lenadj	CD8+T_trans	9	75	0.7250588489345168	29.683422532162826	1504	94
RheumatoidArthritis_lenadj	CD8+T_te	10	75	0.7205695426167988	28.739479921383136	1505	83
RheumatoidArthritis_lenadj	NK_CD56hi	11	75	0.7199559353215709	28.957825536956886	1505	85
RheumatoidArthritis_lenadj	CD4+T_Tfh	12	75	0.7154595904247015	6.6060829851243685	79	23
RheumatoidArthritis_lenadj	NK_CD16hi	13	75	0.708728542723375	27.36173564149386	1514	96
RheumatoidArthritis_lenadj	CD4+T_act	14	75	0.7085345910508573	27.47064664584585	1503	90
RheumatoidArthritis_lenadj	CD4+T_Th17	15	75	0.6989797717491834	1.8215161546274095	7	6
RheumatoidArthritis_lenadj	gdT	16	75	0.6966768834188123	3.1169191229243416	21	14
RheumatoidArthritis_lenadj	CD4+T_naive	17	75	0.6964907024473432	25.880167058439312	1500	94
RheumatoidArthritis_lenadj	CD8+T_cytox	18	75	0.6910197697941423	23.73888904390538	1383	96
RheumatoidArthritis_lenadj	LYVE1+MP_cycling	19	75	0.689614039057516	24.946746566816085	1507	97
RheumatoidArthritis_lenadj	CD4+T_Th1	20	75	0.6623095947391352	4.623752041424908	68	26
RheumatoidArthritis_lenadj	EC3_cap	21	75	0.6598484880731866	20.768136093448142	1497	105
RheumatoidArthritis_lenadj	CD16+Mo	22	75	0.6589314436209902	20.913887644942328	1500	105
RheumatoidArthritis_lenadj	LYVE1+IGF1+MP	23	75	0.6481710603183792	19.491172623336073	1504	104
RheumatoidArthritis_lenadj	MoMP	24	75	0.6326360489031644	17.26748574115101	1505	103
RheumatoidArthritis_lenadj	LYVE1+TIMD4+MP	25	75	0.6323213412029743	17.342444622803225	1511	98
RheumatoidArthritis_lenadj	EC6_ven	26	75	0.6240326178016796	16.303023210967496	1497	109
RheumatoidArthritis_lenadj	EC5_art	27	75	0.6028071737067291	13.363710257927917	1497	109
RheumatoidArthritis_lenadj	EC2_cap	28	75	0.5905859072468429	11.799946944911564	1504	106
RheumatoidArthritis_lenadj	EC9_FB-like	29	75	0.5768987713957059	1.3280764865951973	25	16
RheumatoidArthritis_lenadj	EC4_immune	30	75	0.5696668799034182	9.03687067669977	1499	110
RheumatoidArthritis_lenadj	EC8_ln	31	75	0.5649606340629879	7.523316470280722	1175	84
RheumatoidArthritis_lenadj	Mast	32	75	0.5623506185105703	8.049759207267183	1504	74
RheumatoidArthritis_lenadj	EC10_CMC-like	33	75	0.5528903320735086	6.753271635934502	1512	103
RheumatoidArthritis_lenadj	EC1_cap	34	75	0.551576983952084	6.698685415266923	1504	108
RheumatoidArthritis_lenadj	EC7_endocardial	35	75	0.5247538398818218	3.1843711206914906	1504	84
RheumatoidArthritis_lenadj	B_plasma	36	75	0.5216752574038834	1.4388438168356792	374	57
RheumatoidArthritis_lenadj	Neut	37	75	0.493237992573395	-0.2554725531430591	124	20
RheumatoidArthritis_lenadj	CD14+Mo	38	75	0.46144278494804336	-5.028892140779146	1503	89
RheumatoidArthritis_lenadj	Adip2	39	75	0.4528054763050055	-5.9675320772811515	1507	69
RheumatoidArthritis_lenadj	Adip1	40	75	0.43334095480521606	-8.72987087348777	1507	87
RheumatoidArthritis_lenadj	PC1_vent	41	75	0.4249128338954526	-9.834615447577857	1514	104
RheumatoidArthritis_lenadj	PC4_CMC-like	42	75	0.4075897441736935	-8.64695100520488	780	75
RheumatoidArthritis_lenadj	Meso	43	75	0.3885655449374858	-10.928130538918838	871	45
RheumatoidArthritis_lenadj	PC3_str	44	75	0.3839453338785308	-15.188969240553497	1506	107
RheumatoidArthritis_lenadj	PC2_atria	45	75	0.3831543608746898	-15.355669440855351	1501	110
RheumatoidArthritis_lenadj	Adip3	46	75	0.3792080452792145	-8.147657385191357	392	43
RheumatoidArthritis_lenadj	FB2	47	75	0.37567966510812095	-16.1808526687362	1504	103
RheumatoidArthritis_lenadj	Adip4	48	75	0.3734762303212521	-3.464327677136098	63	19
RheumatoidArthritis_lenadj	FB3	49	75	0.370089464762973	-16.921172634890866	1506	104
RheumatoidArthritis_lenadj	NC1_glial	50	75	0.3654623884556563	-17.7827729983602	1499	108
RheumatoidArthritis_lenadj	NC2_glial_NGF+	51	75	0.3581145523419975	-13.076142565746121	727	90
RheumatoidArthritis_lenadj	FB5	52	75	0.3578026085739433	-18.706400697951544	1508	105
RheumatoidArthritis_lenadj	FB1	53	75	0.3560397678624092	-18.788498550874596	1516	104
RheumatoidArthritis_lenadj	SMC1_basic	54	75	0.336425349776969	-21.504579214625902	1498	109
RheumatoidArthritis_lenadj	FB6	55	75	0.33607146003678284	-21.351717641552696	1498	96
RheumatoidArthritis_lenadj	FB4_activated	56	75	0.33300467836304093	-21.627449057382908	1501	108
RheumatoidArthritis_lenadj	NC3_glial	57	75	0.32621044046988895	-2.6871937455511987	20	12
RheumatoidArthritis_lenadj	vCM1	58	75	0.3022978712234472	-25.467182043063673	1502	66
RheumatoidArthritis_lenadj	vCM3_stressed	59	75	0.3009432713177488	-24.815171629881593	1505	64
RheumatoidArthritis_lenadj	AVN_P_cell	60	75	0.29980925003943415	-8.474244737090313	155	3
RheumatoidArthritis_lenadj	aCM5	61	75	0.29453907598437085	-5.253932666125527	55	16
RheumatoidArthritis_lenadj	Purkinje	62	75	0.2909948080520543	-7.409537986203204	110	12
RheumatoidArthritis_lenadj	SMC2_art	63	75	0.29036140797969906	-27.359935088344184	1498	104
RheumatoidArthritis_lenadj	vCM4	64	75	0.27978377965239404	-27.81082453054141	1503	67
RheumatoidArthritis_lenadj	NC5_glial	65	75	0.27545243583814827	-7.031287712918409	86	9
RheumatoidArthritis_lenadj	vCM2	66	75	0.2733104109063997	-28.743137246779625	1504	66
RheumatoidArthritis_lenadj	aCM4	67	75	0.2630994542610438	-30.538534887780934	1490	39
RheumatoidArthritis_lenadj	aCM3	68	75	0.25970593767050215	-30.00888060290797	1481	38
RheumatoidArthritis_lenadj	vCM5	69	75	0.2563760607723542	-12.743721318020409	233	46
RheumatoidArthritis_lenadj	aCM1	70	75	0.2523154935531502	-29.819602837044734	1480	39
RheumatoidArthritis_lenadj	NC4_glial	71	75	0.23852098795588295	-3.2558722064990056	13	9
RheumatoidArthritis_lenadj	AVN_bundle_cell	72	75	0.22856290715655042	-5.6877582239105475	37	3
RheumatoidArthritis_lenadj	NC6_schwann	73	75	0.2231135479750627	-4.057701335437644	18	9
RheumatoidArthritis_lenadj	SAN_P_cell	74	75	0.21539585542730316	-15.20208111819081	245	6
RheumatoidArthritis_lenadj	aCM2	75	75	0.21416514512443785	-36.33390534666828	1500	39
RheumatoidArthritis_noMHC	CD4+T_Th2	1	75	0.8677633583249857	13.904582757724878	120	34
RheumatoidArthritis_noMHC	NK_CD56hi	2	75	0.8156044809135934	41.550229065727734	1505	85
RheumatoidArthritis_noMHC	T/NK_cycling	3	75	0.8154834629777638	15.952563374854973	217	33
RheumatoidArthritis_noMHC	CD4+T_reg	4	75	0.8113423189246054	8.733991274030926	66	34
RheumatoidArthritis_noMHC	NK_CD16hi	5	75	0.810742839342447	40.73455077891964	1514	96
RheumatoidArthritis_noMHC	CD4+T_Th17	6	75	0.8029408233333752	2.7732045260029596	7	6
RheumatoidArthritis_noMHC	ILC	7	75	0.8002111451048367	13.537353981949332	171	57
RheumatoidArthritis_noMHC	MAIT-like	8	75	0.797447291799265	25.120329323546628	605	79
RheumatoidArthritis_noMHC	gdT	9	75	0.7930892624927925	4.644854601657758	21	14
RheumatoidArthritis_noMHC	CD4+T_Tfh	10	75	0.7839148840127873	8.704951498345595	79	23
RheumatoidArthritis_noMHC	CD4+T_act	11	75	0.782625651447419	37.230798808196724	1503	90
RheumatoidArthritis_noMHC	CD4+T_naive	12	75	0.7780295560053061	36.6198057566073	1500	94
RheumatoidArthritis_noMHC	B	13	75	0.7779264314622074	31.900242551491743	1183	79
RheumatoidArthritis_noMHC	CD8+T_em	14	75	0.7776667215673709	36.4177103899817	1506	90
RheumatoidArthritis_noMHC	CD4+T_Th1	15	75	0.7604593029577023	7.419766130858379	68	26
RheumatoidArthritis_noMHC	CD8+T_te	16	75	0.7565628888727076	33.4292935726823	1505	83
RheumatoidArthritis_noMHC	CD8+T_trans	17	75	0.7549457882614811	33.62526553205091	1504	94
RheumatoidArthritis_noMHC	CD8+T_cytox	18	75	0.7446272639431095	30.40093432275575	1383	96
RheumatoidArthritis_noMHC	Neut	19	75	0.7259412843978508	8.536192456464393	124	20
RheumatoidArthritis_noMHC	DC	20	75	0.6825260593215762	19.375633698649864	964	93
RheumatoidArthritis_noMHC	LYVE1+MP_cycling	21	75	0.6608448911889963	21.161706997032372	1507	97
RheumatoidArthritis_noMHC	LYVE1+TIMD4+MP	22	75	0.6389316149889683	18.20880756949769	1511	98
RheumatoidArthritis_noMHC	LYVE1+IGF1+MP	23	75	0.6338616999010566	17.60884679382337	1504	104
RheumatoidArthritis_noMHC	MoMP	24	75	0.6144588628237824	14.901052904561213	1505	103
RheumatoidArthritis_noMHC	CD16+Mo	25	75	0.6130743121197484	14.879519151924642	1500	105
RheumatoidArthritis_noMHC	Mast	26	75	0.606207903759464	13.711941783341736	1504	74
RheumatoidArthritis_noMHC	EC8_ln	27	75	0.6035447492920036	11.991876757303137	1175	84
RheumatoidArthritis_noMHC	B_plasma	28	75	0.5611385988147982	4.058493665634981	374	57
RheumatoidArthritis_noMHC	Adip1	29	75	0.5375478110821664	4.917375299505097	1507	87
RheumatoidArthritis_noMHC	Adip4	30	75	0.5226894297769731	0.6212557510291018	63	19
RheumatoidArthritis_noMHC	EC9_FB-like	31	75	0.501121332049661	0.019365910557363884	25	16
RheumatoidArthritis_noMHC	CD14+Mo	32	75	0.49749550224084244	-0.32665349612655714	1503	89
RheumatoidArthritis_noMHC	Adip2	33	75	0.49389288377644164	-0.7722169673604239	1507	69
RheumatoidArthritis_noMHC	EC3_cap	34	75	0.4620068128008579	-4.936222368361553	1497	105
RheumatoidArthritis_noMHC	EC7_endocardial	35	75	0.45590872709266267	-5.671967532752686	1504	84
RheumatoidArthritis_noMHC	EC6_ven	36	75	0.4461720530632694	-7.075221694598179	1497	109
RheumatoidArthritis_noMHC	EC4_immune	37	75	0.44157644910220745	-7.578437195248	1499	110
RheumatoidArthritis_noMHC	Adip3	38	75	0.4409723355615105	-3.981533266884842	392	43
RheumatoidArthritis_noMHC	EC5_art	39	75	0.439542143758519	-7.858802498854499	1497	109
RheumatoidArthritis_noMHC	EC2_cap	40	75	0.43517944666050434	-8.44368747405259	1504	106
RheumatoidArthritis_noMHC	EC1_cap	41	75	0.43491596115024583	-8.452946806942903	1504	108
RheumatoidArthritis_noMHC	PC1_vent	42	75	0.42176157205581094	-10.24735506708026	1514	104
RheumatoidArthritis_noMHC	PC4_CMC-like	43	75	0.41729134768593373	-7.7391590129400605	780	75
RheumatoidArthritis_noMHC	EC10_CMC-like	44	75	0.4127645537719985	-11.138607786407308	1512	103
RheumatoidArthritis_noMHC	PC3_str	45	75	0.40012507387748564	-13.071401878746114	1506	107
RheumatoidArthritis_noMHC	Purkinje	46	75	0.3944668702227584	-3.741302915011485	110	12
RheumatoidArthritis_noMHC	Meso	47	75	0.39333316205625884	-10.460580873025007	871	45
RheumatoidArthritis_noMHC	NC1_glial	48	75	0.39141994952446046	-14.35178139103948	1499	108
RheumatoidArthritis_noMHC	vCM1	49	75	0.3676685343029579	-17.046399792391593	1502	66
RheumatoidArthritis_noMHC	PC2_atria	50	75	0.3657010954109705	-17.649350036302724	1501	110
RheumatoidArthritis_noMHC	vCM3_stressed	51	75	0.3608500803414844	-17.346960142815735	1505	64
RheumatoidArthritis_noMHC	vCM4	52	75	0.3559650779592046	-18.18998590032933	1503	67
RheumatoidArthritis_noMHC	SMC1_basic	53	75	0.354753518678373	-19.095039842468406	1498	109
RheumatoidArthritis_noMHC	SMC2_art	54	75	0.3532165697422016	-19.156707194012096	1498	104
RheumatoidArthritis_noMHC	aCM4	55	75	0.34811957787626957	-19.57870360884411	1490	39
RheumatoidArthritis_noMHC	NC2_glial_NGF+	56	75	0.3463554192397221	-14.159862590829785	727	90
RheumatoidArthritis_noMHC	FB1	57	75	0.3462669122189409	-20.06397082102009	1516	104
RheumatoidArthritis_noMHC	vCM2	58	75	0.33993918889507213	-20.294932289635046	1504	66
RheumatoidArthritis_noMHC	FB2	59	75	0.33717701161638475	-21.192146790868453	1504	103
RheumatoidArthritis_noMHC	FB3	60	75	0.33592911093062583	-21.37064429176192	1506	104
RheumatoidArthritis_noMHC	NC5_glial	61	75	0.3301936602271898	-5.31716847999124	86	9
RheumatoidArthritis_noMHC	AVN_P_cell	62	75	0.32533370973353287	-7.3937726459852176	155	3
RheumatoidArthritis_noMHC	vCM5	63	75	0.32471713216770715	-9.16886914545327	233	46
RheumatoidArthritis_noMHC	NC4_glial	64	75	0.32409657649317913	-2.1903060713999176	13	9
RheumatoidArthritis_noMHC	FB5	65	75	0.32241216392100747	-23.36209678293038	1508	105
RheumatoidArthritis_noMHC	aCM1	66	75	0.3210754545020776	-21.54135097542614	1480	39
RheumatoidArthritis_noMHC	aCM5	67	75	0.3184858376107395	-4.641579374328158	55	16
RheumatoidArthritis_noMHC	FB6	68	75	0.3174765496151833	-23.773707595108373	1498	96
RheumatoidArthritis_noMHC	aCM3	69	75	0.3116365488608602	-23.523578820000832	1481	38
RheumatoidArthritis_noMHC	NC3_glial	70	75	0.3111155653779744	-2.920595878835513	20	12
RheumatoidArthritis_noMHC	FB4_activated	71	75	0.2998931967066945	-25.915694235256268	1501	108
RheumatoidArthritis_noMHC	AVN_bundle_cell	72	75	0.2905660004117609	-4.388530473289113	37	3
RheumatoidArthritis_noMHC	aCM2	73	75	0.27148409954302966	-29.04780489778573	1500	39
RheumatoidArthritis_noMHC	SAN_P_cell	74	75	0.2502092427514499	-13.342530060368846	245	6
RheumatoidArthritis_noMHC	NC6_schwann	75	75	0.22073216494754397	-4.092599904942522	18	9
