section	region	trait	cell_type	n	rho
AVN__HCAHeartST11290657	AVN	AtrialFibrillation	aCM1	2060	0.10949419403725912
AVN__HCAHeartST11290657	AVN	AtrialFibrillation	aCM2	2060	0.10030352207470204
AVN__HCAHeartST11290657	AVN	AtrialFibrillation	aCM3	2060	-0.04669323777358507
AVN__HCAHeartST11290657	AVN	AtrialFibrillation	aCM4	2060	0.28320585397246795
AVN__HCAHeartST11290657	AVN	AtrialFibrillation	vCM1	2060	0.41609122712643143
AVN__HCAHeartST11290657	AVN	AtrialFibrillation	vCM2	2060	0.45070273555237017
AVN__HCAHeartST11290657	AVN	AtrialFibrillation	vCM3_stressed	2060	0.15507701607676302
AVN__HCAHeartST11290657	AVN	AtrialFibrillation	FB1	2060	0.4278390419473914
AVN__HCAHeartST11290657	AVN	AtrialFibrillation	FB2	2060	0.03768061493959818
AVN__HCAHeartST11290657	AVN	AtrialFibrillation	FB4_activated	2060	0.18880876845877018
AVN__HCAHeartST11290657	AVN	AtrialFibrillation	NC1_glial	2060	0.40542852226544956
AVN__HCAHeartST11290657	AVN	AtrialFibrillation	NC2_glial_NGF+	2060	0.21479210227458995
AVN__HCAHeartST11290657	AVN	AtrialFibrillation	EC2_cap	2060	0.5084904556304972
AVN__HCAHeartST11290657	AVN	AtrialFibrillation	PC1_vent	2060	0.4866852494480191
AVN__HCAHeartST11290657	AVN	AtrialFibrillation	Adip1	2060	0.13606235099394565
AVN__HCAHeartST11290657	AVN	EducationalAttainment	aCM1	2060	0.18603189946381885
AVN__HCAHeartST11290657	AVN	EducationalAttainment	aCM2	2060	0.17876991003235554
AVN__HCAHeartST11290657	AVN	EducationalAttainment	aCM3	2060	0.1776303604680503
AVN__HCAHeartST11290657	AVN	EducationalAttainment	aCM4	2060	0.15298469378605242
AVN__HCAHeartST11290657	AVN	EducationalAttainment	vCM1	2060	0.0017202092751812375
AVN__HCAHeartST11290657	AVN	EducationalAttainment	vCM2	2060	0.041047507543211535
AVN__HCAHeartST11290657	AVN	EducationalAttainment	vCM3_stressed	2060	0.04280486519566683
AVN__HCAHeartST11290657	AVN	EducationalAttainment	FB1	2060	0.060585067829036124
AVN__HCAHeartST11290657	AVN	EducationalAttainment	FB2	2060	0.12329048943643055
AVN__HCAHeartST11290657	AVN	EducationalAttainment	FB4_activated	2060	0.08153331463085121
AVN__HCAHeartST11290657	AVN	EducationalAttainment	NC1_glial	2060	0.059051011514622595
AVN__HCAHeartST11290657	AVN	EducationalAttainment	NC2_glial_NGF+	2060	0.07468803011135385
AVN__HCAHeartST11290657	AVN	EducationalAttainment	EC2_cap	2060	0.05421455879587958
AVN__HCAHeartST11290657	AVN	EducationalAttainment	PC1_vent	2060	0.04683908236589
AVN__HCAHeartST11290657	AVN	EducationalAttainment	Adip1	2060	0.18329518445163376
AVN__HCAHeartST11290657	AVN	PRinterval	aCM1	2060	-0.004058944552787135
AVN__HCAHeartST11290657	AVN	PRinterval	aCM2	2060	-0.016901051272682977
AVN__HCAHeartST11290657	AVN	PRinterval	aCM3	2060	-0.1758942325251169
AVN__HCAHeartST11290657	AVN	PRinterval	aCM4	2060	0.2826296370474227
AVN__HCAHeartST11290657	AVN	PRinterval	vCM1	2060	0.5985309745082774
AVN__HCAHeartST11290657	AVN	PRinterval	vCM2	2060	0.5902393966973739
AVN__HCAHeartST11290657	AVN	PRinterval	vCM3_stressed	2060	0.23064913315383662
AVN__HCAHeartST11290657	AVN	PRinterval	FB1	2060	0.4657954987849298
AVN__HCAHeartST11290657	AVN	PRinterval	FB2	2060	-0.14154515664895845
AVN__HCAHeartST11290657	AVN	PRinterval	FB4_activated	2060	0.08612047576386728
AVN__HCAHeartST11290657	AVN	PRinterval	NC1_glial	2060	0.4463228350379633
AVN__HCAHeartST11290657	AVN	PRinterval	NC2_glial_NGF+	2060	0.1331388063393777
AVN__HCAHeartST11290657	AVN	PRinterval	EC2_cap	2060	0.6116562026238145
AVN__HCAHeartST11290657	AVN	PRinterval	PC1_vent	2060	0.5694383363429238
AVN__HCAHeartST11290657	AVN	PRinterval	Adip1	2060	0.12642416837548243
AVN__HCAHeartST11290657	AVN	RestingHeartRate	aCM1	2060	0.11260768997523653
AVN__HCAHeartST11290657	AVN	RestingHeartRate	aCM2	2060	0.10956591074810972
AVN__HCAHeartST11290657	AVN	RestingHeartRate	aCM3	2060	-0.08284810472469277
AVN__HCAHeartST11290657	AVN	RestingHeartRate	aCM4	2060	0.3383030831127273
AVN__HCAHeartST11290657	AVN	RestingHeartRate	vCM1	2060	0.4912037419781041
AVN__HCAHeartST11290657	AVN	RestingHeartRate	vCM2	2060	0.5403749239263546
AVN__HCAHeartST11290657	AVN	RestingHeartRate	vCM3_stressed	2060	0.18077311104382507
AVN__HCAHeartST11290657	AVN	RestingHeartRate	FB1	2060	0.4672570937118876
AVN__HCAHeartST11290657	AVN	RestingHeartRate	FB2	2060	-0.022123425107295012
AVN__HCAHeartST11290657	AVN	RestingHeartRate	FB4_activated	2060	0.13478003931091087
AVN__HCAHeartST11290657	AVN	RestingHeartRate	NC1_glial	2060	0.44801488722210847
AVN__HCAHeartST11290657	AVN	RestingHeartRate	NC2_glial_NGF+	2060	0.21391143954176126
AVN__HCAHeartST11290657	AVN	RestingHeartRate	EC2_cap	2060	0.5764213609540879
AVN__HCAHeartST11290657	AVN	RestingHeartRate	PC1_vent	2060	0.5515856832688489
AVN__HCAHeartST11290657	AVN	RestingHeartRate	Adip1	2060	0.19100813553979903
AVN__HCAHeartST11290658	AVN	AtrialFibrillation	AVN_bundle_cell	2693	-0.11206061687041832
AVN__HCAHeartST11290658	AVN	AtrialFibrillation	aCM1	2693	0.06811651006976831
AVN__HCAHeartST11290658	AVN	AtrialFibrillation	aCM2	2693	-0.02259863199966851
AVN__HCAHeartST11290658	AVN	AtrialFibrillation	aCM3	2693	-0.1559848026285339
AVN__HCAHeartST11290658	AVN	AtrialFibrillation	aCM4	2693	0.43989444591500215
AVN__HCAHeartST11290658	AVN	AtrialFibrillation	vCM1	2693	0.4404746901245993
AVN__HCAHeartST11290658	AVN	AtrialFibrillation	vCM2	2693	0.4683197853168074
AVN__HCAHeartST11290658	AVN	AtrialFibrillation	vCM3_stressed	2693	0.03054720815398269
AVN__HCAHeartST11290658	AVN	AtrialFibrillation	FB1	2693	0.33825045659575437
AVN__HCAHeartST11290658	AVN	AtrialFibrillation	FB2	2693	-0.12854479601139546
AVN__HCAHeartST11290658	AVN	AtrialFibrillation	FB4_activated	2693	0.009318964712955442
AVN__HCAHeartST11290658	AVN	AtrialFibrillation	NC1_glial	2693	0.3032247751034681
AVN__HCAHeartST11290658	AVN	AtrialFibrillation	NC2_glial_NGF+	2693	0.03232441190305371
AVN__HCAHeartST11290658	AVN	AtrialFibrillation	EC2_cap	2693	0.5485033907124972
AVN__HCAHeartST11290658	AVN	AtrialFibrillation	PC1_vent	2693	0.4939533935535745
AVN__HCAHeartST11290658	AVN	AtrialFibrillation	Adip1	2693	0.2138912966864678
AVN__HCAHeartST11290658	AVN	EducationalAttainment	AVN_bundle_cell	2693	0.1105728802101634
AVN__HCAHeartST11290658	AVN	EducationalAttainment	aCM1	2693	0.08002715713297441
AVN__HCAHeartST11290658	AVN	EducationalAttainment	aCM2	2693	0.12063721829900806
AVN__HCAHeartST11290658	AVN	EducationalAttainment	aCM3	2693	0.12994444433089447
AVN__HCAHeartST11290658	AVN	EducationalAttainment	aCM4	2693	-0.14898518409388745
AVN__HCAHeartST11290658	AVN	EducationalAttainment	vCM1	2693	-0.16157406612225758
AVN__HCAHeartST11290658	AVN	EducationalAttainment	vCM2	2693	-0.15969236719624055
AVN__HCAHeartST11290658	AVN	EducationalAttainment	vCM3_stressed	2693	0.06201001622731496
AVN__HCAHeartST11290658	AVN	EducationalAttainment	FB1	2693	-0.06146535463595282
AVN__HCAHeartST11290658	AVN	EducationalAttainment	FB2	2693	0.11167516233151248
AVN__HCAHeartST11290658	AVN	EducationalAttainment	FB4_activated	2693	0.027511970784224956
AVN__HCAHeartST11290658	AVN	EducationalAttainment	NC1_glial	2693	-0.05232965896753347
AVN__HCAHeartST11290658	AVN	EducationalAttainment	NC2_glial_NGF+	2693	0.05115558932766149
AVN__HCAHeartST11290658	AVN	EducationalAttainment	EC2_cap	2693	-0.15774112836067822
AVN__HCAHeartST11290658	AVN	EducationalAttainment	PC1_vent	2693	-0.12932206075091757
AVN__HCAHeartST11290658	AVN	EducationalAttainment	Adip1	2693	-0.041562564659998615
AVN__HCAHeartST11290658	AVN	PRinterval	AVN_bundle_cell	2693	-0.1994225897925671
AVN__HCAHeartST11290658	AVN	PRinterval	aCM1	2693	0.039749414310704514
AVN__HCAHeartST11290658	AVN	PRinterval	aCM2	2693	-0.08368928922620075
AVN__HCAHeartST11290658	AVN	PRinterval	aCM3	2693	-0.2567862535671172
AVN__HCAHeartST11290658	AVN	PRinterval	aCM4	2693	0.5316867414635991
AVN__HCAHeartST11290658	AVN	PRinterval	vCM1	2693	0.5544739011903019
AVN__HCAHeartST11290658	AVN	PRinterval	vCM2	2693	0.5936965303518931
AVN__HCAHeartST11290658	AVN	PRinterval	vCM3_stressed	2693	-0.010748937907346967
AVN__HCAHeartST11290658	AVN	PRinterval	FB1	2693	0.41237776552646455
AVN__HCAHeartST11290658	AVN	PRinterval	FB2	2693	-0.19953986416260638
AVN__HCAHeartST11290658	AVN	PRinterval	FB4_activated	2693	-0.03177008778887077
AVN__HCAHeartST11290658	AVN	PRinterval	NC1_glial	2693	0.34321884859638635
AVN__HCAHeartST11290658	AVN	PRinterval	NC2_glial_NGF+	2693	0.0008510147467827621
AVN__HCAHeartST11290658	AVN	PRinterval	EC2_cap	2693	0.6749917934530425
AVN__HCAHeartST11290658	AVN	PRinterval	PC1_vent	2693	0.5947300055536131
AVN__HCAHeartST11290658	AVN	PRinterval	Adip1	2693	0.28377145925636826
AVN__HCAHeartST11290658	AVN	RestingHeartRate	AVN_bundle_cell	2693	-0.17235128712949788
AVN__HCAHeartST11290658	AVN	RestingHeartRate	aCM1	2693	0.07688374663438831
AVN__HCAHeartST11290658	AVN	RestingHeartRate	aCM2	2693	-0.03138303696137988
AVN__HCAHeartST11290658	AVN	RestingHeartRate	aCM3	2693	-0.20738191263106015
AVN__HCAHeartST11290658	AVN	RestingHeartRate	aCM4	2693	0.5205474157605914
AVN__HCAHeartST11290658	AVN	RestingHeartRate	vCM1	2693	0.4962165188682214
AVN__HCAHeartST11290658	AVN	RestingHeartRate	vCM2	2693	0.5411954264266329
AVN__HCAHeartST11290658	AVN	RestingHeartRate	vCM3_stressed	2693	-0.005688908926727702
AVN__HCAHeartST11290658	AVN	RestingHeartRate	FB1	2693	0.43642253759706406
AVN__HCAHeartST11290658	AVN	RestingHeartRate	FB2	2693	-0.13494694670833302
AVN__HCAHeartST11290658	AVN	RestingHeartRate	FB4_activated	2693	0.017212683039866075
AVN__HCAHeartST11290658	AVN	RestingHeartRate	NC1_glial	2693	0.3778055141692124
AVN__HCAHeartST11290658	AVN	RestingHeartRate	NC2_glial_NGF+	2693	0.05575183994678437
AVN__HCAHeartST11290658	AVN	RestingHeartRate	EC2_cap	2693	0.6506054893568174
AVN__HCAHeartST11290658	AVN	RestingHeartRate	PC1_vent	2693	0.5881863866993672
AVN__HCAHeartST11290658	AVN	RestingHeartRate	Adip1	2693	0.25701058741199706
AVN__HCAHeartST11290659	AVN	AtrialFibrillation	AVN_bundle_cell	2333	-0.07983824936342902
AVN__HCAHeartST11290659	AVN	AtrialFibrillation	aCM1	2333	0.20451167232570708
AVN__HCAHeartST11290659	AVN	AtrialFibrillation	aCM2	2333	0.07340557690022993
AVN__HCAHeartST11290659	AVN	AtrialFibrillation	aCM3	2333	0.020552059549582502
AVN__HCAHeartST11290659	AVN	AtrialFibrillation	aCM4	2333	0.4908825083351262
AVN__HCAHeartST11290659	AVN	AtrialFibrillation	vCM1	2333	0.4540731053339684
AVN__HCAHeartST11290659	AVN	AtrialFibrillation	vCM2	2333	0.4864938335172134
AVN__HCAHeartST11290659	AVN	AtrialFibrillation	vCM3_stressed	2333	0.20417357175789286
AVN__HCAHeartST11290659	AVN	AtrialFibrillation	FB1	2333	0.42800461117448363
AVN__HCAHeartST11290659	AVN	AtrialFibrillation	FB2	2333	-0.1387492535205987
AVN__HCAHeartST11290659	AVN	AtrialFibrillation	FB4_activated	2333	0.05748259696823329
AVN__HCAHeartST11290659	AVN	AtrialFibrillation	NC1_glial	2333	0.4378060254282344
AVN__HCAHeartST11290659	AVN	AtrialFibrillation	NC2_glial_NGF+	2333	0.16761165929272456
AVN__HCAHeartST11290659	AVN	AtrialFibrillation	EC2_cap	2333	0.532250021057811
AVN__HCAHeartST11290659	AVN	AtrialFibrillation	PC1_vent	2333	0.511537636988611
AVN__HCAHeartST11290659	AVN	AtrialFibrillation	Adip1	2333	0.36194342932548995
AVN__HCAHeartST11290659	AVN	EducationalAttainment	AVN_bundle_cell	2333	0.04940288274785777
AVN__HCAHeartST11290659	AVN	EducationalAttainment	aCM1	2333	0.16659021893231782
AVN__HCAHeartST11290659	AVN	EducationalAttainment	aCM2	2333	0.12400914598258236
AVN__HCAHeartST11290659	AVN	EducationalAttainment	aCM3	2333	0.1739746380583852
AVN__HCAHeartST11290659	AVN	EducationalAttainment	aCM4	2333	0.17038097690017753
AVN__HCAHeartST11290659	AVN	EducationalAttainment	vCM1	2333	0.29994600274790945
AVN__HCAHeartST11290659	AVN	EducationalAttainment	vCM2	2333	0.27871578777878125
AVN__HCAHeartST11290659	AVN	EducationalAttainment	vCM3_stressed	2333	0.25809016333138113
AVN__HCAHeartST11290659	AVN	EducationalAttainment	FB1	2333	0.1773006417008897
AVN__HCAHeartST11290659	AVN	EducationalAttainment	FB2	2333	-0.0580188792189767
AVN__HCAHeartST11290659	AVN	EducationalAttainment	FB4_activated	2333	0.015096942015103875
AVN__HCAHeartST11290659	AVN	EducationalAttainment	NC1_glial	2333	0.2028145440105507
AVN__HCAHeartST11290659	AVN	EducationalAttainment	NC2_glial_NGF+	2333	0.06397120704363315
AVN__HCAHeartST11290659	AVN	EducationalAttainment	EC2_cap	2333	0.23881173461401814
AVN__HCAHeartST11290659	AVN	EducationalAttainment	PC1_vent	2333	0.23375805988256215
AVN__HCAHeartST11290659	AVN	EducationalAttainment	Adip1	2333	0.17596818484373308
AVN__HCAHeartST11290659	AVN	PRinterval	AVN_bundle_cell	2333	-0.11543454716060496
AVN__HCAHeartST11290659	AVN	PRinterval	aCM1	2333	0.2028906996575749
AVN__HCAHeartST11290659	AVN	PRinterval	aCM2	2333	0.07538636933698485
AVN__HCAHeartST11290659	AVN	PRinterval	aCM3	2333	-0.02240224760794716
AVN__HCAHeartST11290659	AVN	PRinterval	aCM4	2333	0.539127767980515
AVN__HCAHeartST11290659	AVN	PRinterval	vCM1	2333	0.4973751578473492
AVN__HCAHeartST11290659	AVN	PRinterval	vCM2	2333	0.5471873903099976
AVN__HCAHeartST11290659	AVN	PRinterval	vCM3_stressed	2333	0.18201300329771478
AVN__HCAHeartST11290659	AVN	PRinterval	FB1	2333	0.45930088238116035
AVN__HCAHeartST11290659	AVN	PRinterval	FB2	2333	-0.14875883775701954
AVN__HCAHeartST11290659	AVN	PRinterval	FB4_activated	2333	0.0384157157048753
AVN__HCAHeartST11290659	AVN	PRinterval	NC1_glial	2333	0.48859603678734426
AVN__HCAHeartST11290659	AVN	PRinterval	NC2_glial_NGF+	2333	0.19326685973771143
AVN__HCAHeartST11290659	AVN	PRinterval	EC2_cap	2333	0.6022454911212468
AVN__HCAHeartST11290659	AVN	PRinterval	PC1_vent	2333	0.568637433869479
AVN__HCAHeartST11290659	AVN	PRinterval	Adip1	2333	0.3707634141031018
AVN__HCAHeartST11290659	AVN	RestingHeartRate	AVN_bundle_cell	2333	-0.11384420420733186
AVN__HCAHeartST11290659	AVN	RestingHeartRate	aCM1	2333	0.19681811298375423
AVN__HCAHeartST11290659	AVN	RestingHeartRate	aCM2	2333	0.0733647401154525
AVN__HCAHeartST11290659	AVN	RestingHeartRate	aCM3	2333	-0.01193591471164781
AVN__HCAHeartST11290659	AVN	RestingHeartRate	aCM4	2333	0.5596548452043534
AVN__HCAHeartST11290659	AVN	RestingHeartRate	vCM1	2333	0.4967988208088988
AVN__HCAHeartST11290659	AVN	RestingHeartRate	vCM2	2333	0.5575914762394929
AVN__HCAHeartST11290659	AVN	RestingHeartRate	vCM3_stressed	2333	0.19555611618891688
AVN__HCAHeartST11290659	AVN	RestingHeartRate	FB1	2333	0.5015525715497613
AVN__HCAHeartST11290659	AVN	RestingHeartRate	FB2	2333	-0.11570208938489707
AVN__HCAHeartST11290659	AVN	RestingHeartRate	FB4_activated	2333	0.0744366516139476
AVN__HCAHeartST11290659	AVN	RestingHeartRate	NC1_glial	2333	0.5086247857874364
AVN__HCAHeartST11290659	AVN	RestingHeartRate	NC2_glial_NGF+	2333	0.2233189230543586
AVN__HCAHeartST11290659	AVN	RestingHeartRate	EC2_cap	2333	0.6360097488621609
AVN__HCAHeartST11290659	AVN	RestingHeartRate	PC1_vent	2333	0.6034730720123882
AVN__HCAHeartST11290659	AVN	RestingHeartRate	Adip1	2333	0.39480995726461626
AVN__HCAHeartST11290662	AVN	AtrialFibrillation	aCM1	3137	-0.06281708575784896
AVN__HCAHeartST11290662	AVN	AtrialFibrillation	aCM2	3137	-0.07644022917687951
AVN__HCAHeartST11290662	AVN	AtrialFibrillation	aCM3	3137	0.05342555209174669
AVN__HCAHeartST11290662	AVN	AtrialFibrillation	aCM4	3137	0.2343361194887851
AVN__HCAHeartST11290662	AVN	AtrialFibrillation	vCM1	3137	0.45006589144425735
AVN__HCAHeartST11290662	AVN	AtrialFibrillation	vCM2	3137	0.5048138878971267
AVN__HCAHeartST11290662	AVN	AtrialFibrillation	vCM3_stressed	3137	0.24152282527299068
AVN__HCAHeartST11290662	AVN	AtrialFibrillation	FB1	3137	0.3900775016043978
AVN__HCAHeartST11290662	AVN	AtrialFibrillation	FB2	3137	-0.22375333586237525
AVN__HCAHeartST11290662	AVN	AtrialFibrillation	FB4_activated	3137	0.14851465500219785
AVN__HCAHeartST11290662	AVN	AtrialFibrillation	NC1_glial	3137	0.5029192700908529
AVN__HCAHeartST11290662	AVN	AtrialFibrillation	NC2_glial_NGF+	3137	0.05134110891488005
AVN__HCAHeartST11290662	AVN	AtrialFibrillation	EC2_cap	3137	0.6114757486250091
AVN__HCAHeartST11290662	AVN	AtrialFibrillation	PC1_vent	3137	0.5865146339518024
AVN__HCAHeartST11290662	AVN	AtrialFibrillation	Adip1	3137	0.254584934817768
AVN__HCAHeartST11290662	AVN	EducationalAttainment	aCM1	3137	0.1701077215611454
AVN__HCAHeartST11290662	AVN	EducationalAttainment	aCM2	3137	0.1309553478797993
AVN__HCAHeartST11290662	AVN	EducationalAttainment	aCM3	3137	0.05105079631171253
AVN__HCAHeartST11290662	AVN	EducationalAttainment	aCM4	3137	0.30135362171974805
AVN__HCAHeartST11290662	AVN	EducationalAttainment	vCM1	3137	0.04867697287842781
AVN__HCAHeartST11290662	AVN	EducationalAttainment	vCM2	3137	0.15441161913710233
AVN__HCAHeartST11290662	AVN	EducationalAttainment	vCM3_stressed	3137	-0.025810947277616948
AVN__HCAHeartST11290662	AVN	EducationalAttainment	FB1	3137	0.27346363698126597
AVN__HCAHeartST11290662	AVN	EducationalAttainment	FB2	3137	0.02725625519330089
AVN__HCAHeartST11290662	AVN	EducationalAttainment	FB4_activated	3137	0.0784713425861432
AVN__HCAHeartST11290662	AVN	EducationalAttainment	NC1_glial	3137	0.26241813961769817
AVN__HCAHeartST11290662	AVN	EducationalAttainment	NC2_glial_NGF+	3137	0.16246620099449555
AVN__HCAHeartST11290662	AVN	EducationalAttainment	EC2_cap	3137	0.24456980694657754
AVN__HCAHeartST11290662	AVN	EducationalAttainment	PC1_vent	3137	0.26132990631874126
AVN__HCAHeartST11290662	AVN	EducationalAttainment	Adip1	3137	0.1369117676328068
AVN__HCAHeartST11290662	AVN	PRinterval	aCM1	3137	-0.13525890440382057
AVN__HCAHeartST11290662	AVN	PRinterval	aCM2	3137	-0.1672882328831423
AVN__HCAHeartST11290662	AVN	PRinterval	aCM3	3137	-0.08248584751715128
AVN__HCAHeartST11290662	AVN	PRinterval	aCM4	3137	0.25083349357755597
AVN__HCAHeartST11290662	AVN	PRinterval	vCM1	3137	0.48665837466842055
AVN__HCAHeartST11290662	AVN	PRinterval	vCM2	3137	0.5282522299923293
AVN__HCAHeartST11290662	AVN	PRinterval	vCM3_stressed	3137	0.16476770351295314
AVN__HCAHeartST11290662	AVN	PRinterval	FB1	3137	0.3837213581530978
AVN__HCAHeartST11290662	AVN	PRinterval	FB2	3137	-0.320370148493238
AVN__HCAHeartST11290662	AVN	PRinterval	FB4_activated	3137	0.06438383936911202
AVN__HCAHeartST11290662	AVN	PRinterval	NC1_glial	3137	0.4943074647944833
AVN__HCAHeartST11290662	AVN	PRinterval	NC2_glial_NGF+	3137	-0.006633801444396833
AVN__HCAHeartST11290662	AVN	PRinterval	EC2_cap	3137	0.6457211067296748
AVN__HCAHeartST11290662	AVN	PRinterval	PC1_vent	3137	0.5875997938300487
AVN__HCAHeartST11290662	AVN	PRinterval	Adip1	3137	0.28615064284597985
AVN__HCAHeartST11290662	AVN	RestingHeartRate	aCM1	3137	-0.03934097244357211
AVN__HCAHeartST11290662	AVN	RestingHeartRate	aCM2	3137	-0.06937855987352606
AVN__HCAHeartST11290662	AVN	RestingHeartRate	aCM3	3137	-0.03552458429702612
AVN__HCAHeartST11290662	AVN	RestingHeartRate	aCM4	3137	0.3487723573880077
AVN__HCAHeartST11290662	AVN	RestingHeartRate	vCM1	3137	0.3699595904961806
AVN__HCAHeartST11290662	AVN	RestingHeartRate	vCM2	3137	0.4963917126391666
AVN__HCAHeartST11290662	AVN	RestingHeartRate	vCM3_stressed	3137	0.07187995446416921
AVN__HCAHeartST11290662	AVN	RestingHeartRate	FB1	3137	0.5096117448528178
AVN__HCAHeartST11290662	AVN	RestingHeartRate	FB2	3137	-0.16725257008548525
AVN__HCAHeartST11290662	AVN	RestingHeartRate	FB4_activated	3137	0.1696301332068679
AVN__HCAHeartST11290662	AVN	RestingHeartRate	NC1_glial	3137	0.5945731199261762
AVN__HCAHeartST11290662	AVN	RestingHeartRate	NC2_glial_NGF+	3137	0.15478939313444542
AVN__HCAHeartST11290662	AVN	RestingHeartRate	EC2_cap	3137	0.7059252249312336
AVN__HCAHeartST11290662	AVN	RestingHeartRate	PC1_vent	3137	0.6734690336304873
AVN__HCAHeartST11290662	AVN	RestingHeartRate	Adip1	3137	0.32175300880710817
AVN__HCAHeartST11350377	AVN	AtrialFibrillation	AVN_bundle_cell	2789	0.06954130862416165
AVN__HCAHeartST11350377	AVN	AtrialFibrillation	aCM1	2789	-0.02357613623967828
AVN__HCAHeartST11350377	AVN	AtrialFibrillation	aCM2	2789	-0.006234928638375917
AVN__HCAHeartST11350377	AVN	AtrialFibrillation	aCM3	2789	0.31278979116187866
AVN__HCAHeartST11350377	AVN	AtrialFibrillation	aCM4	2789	0.056575710438318515
AVN__HCAHeartST11350377	AVN	AtrialFibrillation	vCM1	2789	0.5190358207571724
AVN__HCAHeartST11350377	AVN	AtrialFibrillation	vCM2	2789	0.5701329740514344
AVN__HCAHeartST11350377	AVN	AtrialFibrillation	vCM3_stressed	2789	0.4227569975803908
AVN__HCAHeartST11350377	AVN	AtrialFibrillation	FB1	2789	0.45672677647963633
AVN__HCAHeartST11350377	AVN	AtrialFibrillation	FB2	2789	-0.2672906291932173
AVN__HCAHeartST11350377	AVN	AtrialFibrillation	FB4_activated	2789	0.019394692829495953
AVN__HCAHeartST11350377	AVN	AtrialFibrillation	NC1_glial	2789	0.42345907967894736
AVN__HCAHeartST11350377	AVN	AtrialFibrillation	NC2_glial_NGF+	2789	-0.1055483400023943
AVN__HCAHeartST11350377	AVN	AtrialFibrillation	EC2_cap	2789	0.6310542235068644
AVN__HCAHeartST11350377	AVN	AtrialFibrillation	PC1_vent	2789	0.6117331755792471
AVN__HCAHeartST11350377	AVN	AtrialFibrillation	Adip1	2789	0.4210968762854516
AVN__HCAHeartST11350377	AVN	EducationalAttainment	AVN_bundle_cell	2789	-0.09357103505405799
AVN__HCAHeartST11350377	AVN	EducationalAttainment	aCM1	2789	0.09200734723606403
AVN__HCAHeartST11350377	AVN	EducationalAttainment	aCM2	2789	0.09425985532314257
AVN__HCAHeartST11350377	AVN	EducationalAttainment	aCM3	2789	-0.013240667407792402
AVN__HCAHeartST11350377	AVN	EducationalAttainment	aCM4	2789	0.0713417838892054
AVN__HCAHeartST11350377	AVN	EducationalAttainment	vCM1	2789	0.0464701886366333
AVN__HCAHeartST11350377	AVN	EducationalAttainment	vCM2	2789	0.10736784193129346
AVN__HCAHeartST11350377	AVN	EducationalAttainment	vCM3_stressed	2789	0.010858195272566677
AVN__HCAHeartST11350377	AVN	EducationalAttainment	FB1	2789	0.12452269802528
AVN__HCAHeartST11350377	AVN	EducationalAttainment	FB2	2789	0.012817923119453732
AVN__HCAHeartST11350377	AVN	EducationalAttainment	FB4_activated	2789	0.03765136796808835
AVN__HCAHeartST11350377	AVN	EducationalAttainment	NC1_glial	2789	0.13214089817611238
AVN__HCAHeartST11350377	AVN	EducationalAttainment	NC2_glial_NGF+	2789	0.057992582770870285
AVN__HCAHeartST11350377	AVN	EducationalAttainment	EC2_cap	2789	0.10526815146148341
AVN__HCAHeartST11350377	AVN	EducationalAttainment	PC1_vent	2789	0.0881579025850744
AVN__HCAHeartST11350377	AVN	EducationalAttainment	Adip1	2789	0.09946882625434837
AVN__HCAHeartST11350377	AVN	PRinterval	AVN_bundle_cell	2789	0.09823386564373744
AVN__HCAHeartST11350377	AVN	PRinterval	aCM1	2789	-0.010872266070594262
AVN__HCAHeartST11350377	AVN	PRinterval	aCM2	2789	0.011234434516925074
AVN__HCAHeartST11350377	AVN	PRinterval	aCM3	2789	0.3984651324266225
AVN__HCAHeartST11350377	AVN	PRinterval	aCM4	2789	0.07033430966153412
AVN__HCAHeartST11350377	AVN	PRinterval	vCM1	2789	0.6158081374315986
AVN__HCAHeartST11350377	AVN	PRinterval	vCM2	2789	0.6618038863383466
AVN__HCAHeartST11350377	AVN	PRinterval	vCM3_stressed	2789	0.5097009470162462
AVN__HCAHeartST11350377	AVN	PRinterval	FB1	2789	0.5163309617920459
AVN__HCAHeartST11350377	AVN	PRinterval	FB2	2789	-0.3002156991856019
AVN__HCAHeartST11350377	AVN	PRinterval	FB4_activated	2789	0.017010986360368248
AVN__HCAHeartST11350377	AVN	PRinterval	NC1_glial	2789	0.48274815334704674
AVN__HCAHeartST11350377	AVN	PRinterval	NC2_glial_NGF+	2789	-0.13168961928511433
AVN__HCAHeartST11350377	AVN	PRinterval	EC2_cap	2789	0.7311974560083457
AVN__HCAHeartST11350377	AVN	PRinterval	PC1_vent	2789	0.7010838095100524
AVN__HCAHeartST11350377	AVN	PRinterval	Adip1	2789	0.49218372389834847
AVN__HCAHeartST11350377	AVN	RestingHeartRate	AVN_bundle_cell	2789	0.16649064697846697
AVN__HCAHeartST11350377	AVN	RestingHeartRate	aCM1	2789	0.11344354868714561
AVN__HCAHeartST11350377	AVN	RestingHeartRate	aCM2	2789	0.1352300061422936
AVN__HCAHeartST11350377	AVN	RestingHeartRate	aCM3	2789	0.3488617173062091
AVN__HCAHeartST11350377	AVN	RestingHeartRate	aCM4	2789	0.13961104186990989
AVN__HCAHeartST11350377	AVN	RestingHeartRate	vCM1	2789	0.5031255560098791
AVN__HCAHeartST11350377	AVN	RestingHeartRate	vCM2	2789	0.5755192542957837
AVN__HCAHeartST11350377	AVN	RestingHeartRate	vCM3_stressed	2789	0.4112627431062158
AVN__HCAHeartST11350377	AVN	RestingHeartRate	FB1	2789	0.5183207019574871
AVN__HCAHeartST11350377	AVN	RestingHeartRate	FB2	2789	-0.1400952226874854
AVN__HCAHeartST11350377	AVN	RestingHeartRate	FB4_activated	2789	0.128364959865208
AVN__HCAHeartST11350377	AVN	RestingHeartRate	NC1_glial	2789	0.4966029288366925
AVN__HCAHeartST11350377	AVN	RestingHeartRate	NC2_glial_NGF+	2789	0.01686674104408381
AVN__HCAHeartST11350377	AVN	RestingHeartRate	EC2_cap	2789	0.6420936064399433
AVN__HCAHeartST11350377	AVN	RestingHeartRate	PC1_vent	2789	0.6232002647510425
AVN__HCAHeartST11350377	AVN	RestingHeartRate	Adip1	2789	0.4185395643345977
AVN__HCAHeartST12992074	AVN	AtrialFibrillation	AVN_bundle_cell	4476	0.3936365456015918
AVN__HCAHeartST12992074	AVN	AtrialFibrillation	aCM1	4476	0.4109019538498106
AVN__HCAHeartST12992074	AVN	AtrialFibrillation	aCM2	4476	0.3753027770267934
AVN__HCAHeartST12992074	AVN	AtrialFibrillation	aCM3	4476	0.22147525489713699
AVN__HCAHeartST12992074	AVN	AtrialFibrillation	aCM4	4476	0.43747703378940306
AVN__HCAHeartST12992074	AVN	AtrialFibrillation	vCM1	4476	0.5217316625310959
AVN__HCAHeartST12992074	AVN	AtrialFibrillation	vCM2	4476	0.5213316587849982
AVN__HCAHeartST12992074	AVN	AtrialFibrillation	vCM3_stressed	4476	0.3109278392553017
AVN__HCAHeartST12992074	AVN	AtrialFibrillation	FB1	4476	0.5902919381412218
AVN__HCAHeartST12992074	AVN	AtrialFibrillation	FB2	4476	0.3068774779323716
AVN__HCAHeartST12992074	AVN	AtrialFibrillation	FB4_activated	4476	0.41734747046012616
AVN__HCAHeartST12992074	AVN	AtrialFibrillation	NC1_glial	4476	0.5507938072221317
AVN__HCAHeartST12992074	AVN	AtrialFibrillation	NC2_glial_NGF+	4476	0.4135137832944022
AVN__HCAHeartST12992074	AVN	AtrialFibrillation	EC2_cap	4476	0.6248950245949184
AVN__HCAHeartST12992074	AVN	AtrialFibrillation	PC1_vent	4476	0.6081271632580459
AVN__HCAHeartST12992074	AVN	AtrialFibrillation	Adip1	4476	0.43199485644352087
AVN__HCAHeartST12992074	AVN	EducationalAttainment	AVN_bundle_cell	4476	0.09693581603556972
AVN__HCAHeartST12992074	AVN	EducationalAttainment	aCM1	4476	0.11960604568352097
AVN__HCAHeartST12992074	AVN	EducationalAttainment	aCM2	4476	0.14565438900453243
AVN__HCAHeartST12992074	AVN	EducationalAttainment	aCM3	4476	0.03621222193134594
AVN__HCAHeartST12992074	AVN	EducationalAttainment	aCM4	4476	0.11060400824163633
AVN__HCAHeartST12992074	AVN	EducationalAttainment	vCM1	4476	0.1370519973447706
AVN__HCAHeartST12992074	AVN	EducationalAttainment	vCM2	4476	0.156645962297233
AVN__HCAHeartST12992074	AVN	EducationalAttainment	vCM3_stressed	4476	0.018825897151592937
AVN__HCAHeartST12992074	AVN	EducationalAttainment	FB1	4476	0.2022375436521758
AVN__HCAHeartST12992074	AVN	EducationalAttainment	FB2	4476	0.16620915968022004
AVN__HCAHeartST12992074	AVN	EducationalAttainment	FB4_activated	4476	0.15995986290865236
AVN__HCAHeartST12992074	AVN	EducationalAttainment	NC1_glial	4476	0.1724329065855455
AVN__HCAHeartST12992074	AVN	EducationalAttainment	NC2_glial_NGF+	4476	0.19581797842578633
AVN__HCAHeartST12992074	AVN	EducationalAttainment	EC2_cap	4476	0.1769095839427466
AVN__HCAHeartST12992074	AVN	EducationalAttainment	PC1_vent	4476	0.177633744609892
AVN__HCAHeartST12992074	AVN	EducationalAttainment	Adip1	4476	0.11656874191311747
AVN__HCAHeartST12992074	AVN	PRinterval	AVN_bundle_cell	4476	0.4477798094990391
AVN__HCAHeartST12992074	AVN	PRinterval	aCM1	4476	0.48391435060847293
AVN__HCAHeartST12992074	AVN	PRinterval	aCM2	4476	0.45929225390226225
AVN__HCAHeartST12992074	AVN	PRinterval	aCM3	4476	0.1654557353985601
AVN__HCAHeartST12992074	AVN	PRinterval	aCM4	4476	0.5145861483982397
AVN__HCAHeartST12992074	AVN	PRinterval	vCM1	4476	0.6148671791187288
AVN__HCAHeartST12992074	AVN	PRinterval	vCM2	4476	0.5945373424499516
AVN__HCAHeartST12992074	AVN	PRinterval	vCM3_stressed	4476	0.31980032465496844
AVN__HCAHeartST12992074	AVN	PRinterval	FB1	4476	0.6535641663730205
AVN__HCAHeartST12992074	AVN	PRinterval	FB2	4476	0.33050432698134785
AVN__HCAHeartST12992074	AVN	PRinterval	FB4_activated	4476	0.42967225040355045
AVN__HCAHeartST12992074	AVN	PRinterval	NC1_glial	4476	0.6121978989903857
AVN__HCAHeartST12992074	AVN	PRinterval	NC2_glial_NGF+	4476	0.4532167935461913
AVN__HCAHeartST12992074	AVN	PRinterval	EC2_cap	4476	0.7038081577533989
AVN__HCAHeartST12992074	AVN	PRinterval	PC1_vent	4476	0.674124713412651
AVN__HCAHeartST12992074	AVN	PRinterval	Adip1	4476	0.49521274349545746
AVN__HCAHeartST12992074	AVN	RestingHeartRate	AVN_bundle_cell	4476	0.40318070759452485
AVN__HCAHeartST12992074	AVN	RestingHeartRate	aCM1	4476	0.4722705403747682
AVN__HCAHeartST12992074	AVN	RestingHeartRate	aCM2	4476	0.4486497061958515
AVN__HCAHeartST12992074	AVN	RestingHeartRate	aCM3	4476	0.12751770508669827
AVN__HCAHeartST12992074	AVN	RestingHeartRate	aCM4	4476	0.5032661834196425
AVN__HCAHeartST12992074	AVN	RestingHeartRate	vCM1	4476	0.5767021641224873
AVN__HCAHeartST12992074	AVN	RestingHeartRate	vCM2	4476	0.576677965673372
AVN__HCAHeartST12992074	AVN	RestingHeartRate	vCM3_stressed	4476	0.24132188346664565
AVN__HCAHeartST12992074	AVN	RestingHeartRate	FB1	4476	0.6872672240745517
AVN__HCAHeartST12992074	AVN	RestingHeartRate	FB2	4476	0.42310796919801147
AVN__HCAHeartST12992074	AVN	RestingHeartRate	FB4_activated	4476	0.47490833130646365
AVN__HCAHeartST12992074	AVN	RestingHeartRate	NC1_glial	4476	0.6160323184692325
AVN__HCAHeartST12992074	AVN	RestingHeartRate	NC2_glial_NGF+	4476	0.5141403219728852
AVN__HCAHeartST12992074	AVN	RestingHeartRate	EC2_cap	4476	0.7101589661040318
AVN__HCAHeartST12992074	AVN	RestingHeartRate	PC1_vent	4476	0.6867045394500777
AVN__HCAHeartST12992074	AVN	RestingHeartRate	Adip1	4476	0.4806886720834663
AVN__HCAHeartST12992075	AVN	AtrialFibrillation	AVN_bundle_cell	3478	0.14343274009309676
AVN__HCAHeartST12992075	AVN	AtrialFibrillation	aCM1	3478	0.2415052514336741
AVN__HCAHeartST12992075	AVN	AtrialFibrillation	aCM2	3478	0.0774241699398754
AVN__HCAHeartST12992075	AVN	AtrialFibrillation	aCM3	3478	0.526151592554808
AVN__HCAHeartST12992075	AVN	AtrialFibrillation	aCM4	3478	0.4044466500645297
AVN__HCAHeartST12992075	AVN	AtrialFibrillation	vCM1	3478	0.5727008389620275
AVN__HCAHeartST12992075	AVN	AtrialFibrillation	vCM2	3478	0.5139468935185467
AVN__HCAHeartST12992075	AVN	AtrialFibrillation	vCM3_stressed	3478	0.5750029833022339
AVN__HCAHeartST12992075	AVN	AtrialFibrillation	FB1	3478	0.39564635614068366
AVN__HCAHeartST12992075	AVN	AtrialFibrillation	FB2	3478	-0.3787876880782118
AVN__HCAHeartST12992075	AVN	AtrialFibrillation	FB4_activated	3478	0.11058746386256936
AVN__HCAHeartST12992075	AVN	AtrialFibrillation	NC1_glial	3478	0.419467917730615
AVN__HCAHeartST12992075	AVN	AtrialFibrillation	NC2_glial_NGF+	3478	-0.015550153028642606
AVN__HCAHeartST12992075	AVN	AtrialFibrillation	EC2_cap	3478	0.6147602888824024
AVN__HCAHeartST12992075	AVN	AtrialFibrillation	PC1_vent	3478	0.5839186664625353
AVN__HCAHeartST12992075	AVN	AtrialFibrillation	Adip1	3478	0.4246363121873563
AVN__HCAHeartST12992075	AVN	EducationalAttainment	AVN_bundle_cell	3478	0.07854312940074802
AVN__HCAHeartST12992075	AVN	EducationalAttainment	aCM1	3478	0.15045617474554265
AVN__HCAHeartST12992075	AVN	EducationalAttainment	aCM2	3478	0.14510247989368788
AVN__HCAHeartST12992075	AVN	EducationalAttainment	aCM3	3478	-0.016022020263105265
AVN__HCAHeartST12992075	AVN	EducationalAttainment	aCM4	3478	0.10703836914725674
AVN__HCAHeartST12992075	AVN	EducationalAttainment	vCM1	3478	0.13306382149930182
AVN__HCAHeartST12992075	AVN	EducationalAttainment	vCM2	3478	0.1460861500274161
AVN__HCAHeartST12992075	AVN	EducationalAttainment	vCM3_stressed	3478	0.025755908363280646
AVN__HCAHeartST12992075	AVN	EducationalAttainment	FB1	3478	0.18334274276653553
AVN__HCAHeartST12992075	AVN	EducationalAttainment	FB2	3478	0.057499467189326095
AVN__HCAHeartST12992075	AVN	EducationalAttainment	FB4_activated	3478	0.12183377924972796
AVN__HCAHeartST12992075	AVN	EducationalAttainment	NC1_glial	3478	0.13927109487237904
AVN__HCAHeartST12992075	AVN	EducationalAttainment	NC2_glial_NGF+	3478	0.1524306465752616
AVN__HCAHeartST12992075	AVN	EducationalAttainment	EC2_cap	3478	0.15277099462976165
AVN__HCAHeartST12992075	AVN	EducationalAttainment	PC1_vent	3478	0.143152144792664
AVN__HCAHeartST12992075	AVN	EducationalAttainment	Adip1	3478	0.08003856021995884
AVN__HCAHeartST12992075	AVN	PRinterval	AVN_bundle_cell	3478	0.16394306923504048
AVN__HCAHeartST12992075	AVN	PRinterval	aCM1	3478	0.2788068198210056
AVN__HCAHeartST12992075	AVN	PRinterval	aCM2	3478	0.08211465431617183
AVN__HCAHeartST12992075	AVN	PRinterval	aCM3	3478	0.6086384524980288
AVN__HCAHeartST12992075	AVN	PRinterval	aCM4	3478	0.44213688417413216
AVN__HCAHeartST12992075	AVN	PRinterval	vCM1	3478	0.6698940901138002
AVN__HCAHeartST12992075	AVN	PRinterval	vCM2	3478	0.5882404104499511
AVN__HCAHeartST12992075	AVN	PRinterval	vCM3_stressed	3478	0.6579303432147527
AVN__HCAHeartST12992075	AVN	PRinterval	FB1	3478	0.42835888300963537
AVN__HCAHeartST12992075	AVN	PRinterval	FB2	3478	-0.4527402936292966
AVN__HCAHeartST12992075	AVN	PRinterval	FB4_activated	3478	0.09599977096512745
AVN__HCAHeartST12992075	AVN	PRinterval	NC1_glial	3478	0.4645145803642415
AVN__HCAHeartST12992075	AVN	PRinterval	NC2_glial_NGF+	3478	-0.04285553212831949
AVN__HCAHeartST12992075	AVN	PRinterval	EC2_cap	3478	0.7027913527685185
AVN__HCAHeartST12992075	AVN	PRinterval	PC1_vent	3478	0.6691792500424938
AVN__HCAHeartST12992075	AVN	PRinterval	Adip1	3478	0.4894692112293791
AVN__HCAHeartST12992075	AVN	RestingHeartRate	AVN_bundle_cell	3478	0.1730667723625252
AVN__HCAHeartST12992075	AVN	RestingHeartRate	aCM1	3478	0.276027832867129
AVN__HCAHeartST12992075	AVN	RestingHeartRate	aCM2	3478	0.11398081679974573
AVN__HCAHeartST12992075	AVN	RestingHeartRate	aCM3	3478	0.5410924804719084
AVN__HCAHeartST12992075	AVN	RestingHeartRate	aCM4	3478	0.4278171760661946
AVN__HCAHeartST12992075	AVN	RestingHeartRate	vCM1	3478	0.6043463129224981
AVN__HCAHeartST12992075	AVN	RestingHeartRate	vCM2	3478	0.5709673410894843
AVN__HCAHeartST12992075	AVN	RestingHeartRate	vCM3_stressed	3478	0.5756679698941867
AVN__HCAHeartST12992075	AVN	RestingHeartRate	FB1	3478	0.4746589564306419
AVN__HCAHeartST12992075	AVN	RestingHeartRate	FB2	3478	-0.36117471390796596
AVN__HCAHeartST12992075	AVN	RestingHeartRate	FB4_activated	3478	0.13878487881219453
AVN__HCAHeartST12992075	AVN	RestingHeartRate	NC1_glial	3478	0.49364668191243305
AVN__HCAHeartST12992075	AVN	RestingHeartRate	NC2_glial_NGF+	3478	0.033382018498706055
AVN__HCAHeartST12992075	AVN	RestingHeartRate	EC2_cap	3478	0.6856481603862895
AVN__HCAHeartST12992075	AVN	RestingHeartRate	PC1_vent	3478	0.6628879328781639
AVN__HCAHeartST12992075	AVN	RestingHeartRate	Adip1	3478	0.4545536785189999
AVN__HCAHeartST13228103	AVN	AtrialFibrillation	AVN_bundle_cell	2942	0.42770484850027324
AVN__HCAHeartST13228103	AVN	AtrialFibrillation	aCM1	2942	0.5798634063011128
AVN__HCAHeartST13228103	AVN	AtrialFibrillation	aCM2	2942	0.5103625996307323
AVN__HCAHeartST13228103	AVN	AtrialFibrillation	aCM3	2942	0.40120478507527746
AVN__HCAHeartST13228103	AVN	AtrialFibrillation	aCM4	2942	0.538056928575096
AVN__HCAHeartST13228103	AVN	AtrialFibrillation	vCM1	2942	0.6202275977107016
AVN__HCAHeartST13228103	AVN	AtrialFibrillation	vCM2	2942	0.5841161509155914
AVN__HCAHeartST13228103	AVN	AtrialFibrillation	vCM3_stressed	2942	0.25198015214609276
AVN__HCAHeartST13228103	AVN	AtrialFibrillation	FB1	2942	0.6213624069383397
AVN__HCAHeartST13228103	AVN	AtrialFibrillation	FB2	2942	-0.02841112948276174
AVN__HCAHeartST13228103	AVN	AtrialFibrillation	FB4_activated	2942	0.024983519495188986
AVN__HCAHeartST13228103	AVN	AtrialFibrillation	NC1_glial	2942	0.6154586011308918
AVN__HCAHeartST13228103	AVN	AtrialFibrillation	NC2_glial_NGF+	2942	0.467142625901807
AVN__HCAHeartST13228103	AVN	AtrialFibrillation	EC2_cap	2942	0.7517354117259484
AVN__HCAHeartST13228103	AVN	AtrialFibrillation	PC1_vent	2942	0.6819527000077992
AVN__HCAHeartST13228103	AVN	AtrialFibrillation	Adip1	2942	0.12439543035422809
AVN__HCAHeartST13228103	AVN	EducationalAttainment	AVN_bundle_cell	2942	0.3463230939628679
AVN__HCAHeartST13228103	AVN	EducationalAttainment	aCM1	2942	0.3672357820512836
AVN__HCAHeartST13228103	AVN	EducationalAttainment	aCM2	2942	0.35302469847653506
AVN__HCAHeartST13228103	AVN	EducationalAttainment	aCM3	2942	0.17162209737195241
AVN__HCAHeartST13228103	AVN	EducationalAttainment	aCM4	2942	0.31866511350095045
AVN__HCAHeartST13228103	AVN	EducationalAttainment	vCM1	2942	0.4951925785841021
AVN__HCAHeartST13228103	AVN	EducationalAttainment	vCM2	2942	0.44482400547011164
AVN__HCAHeartST13228103	AVN	EducationalAttainment	vCM3_stressed	2942	0.1838353465381398
AVN__HCAHeartST13228103	AVN	EducationalAttainment	FB1	2942	0.4223619142209399
AVN__HCAHeartST13228103	AVN	EducationalAttainment	FB2	2942	-0.02216580539191241
AVN__HCAHeartST13228103	AVN	EducationalAttainment	FB4_activated	2942	-0.016633475599622586
AVN__HCAHeartST13228103	AVN	EducationalAttainment	NC1_glial	2942	0.4237709990051565
AVN__HCAHeartST13228103	AVN	EducationalAttainment	NC2_glial_NGF+	2942	0.37640486587031935
AVN__HCAHeartST13228103	AVN	EducationalAttainment	EC2_cap	2942	0.5427457142137212
AVN__HCAHeartST13228103	AVN	EducationalAttainment	PC1_vent	2942	0.4706706666009443
AVN__HCAHeartST13228103	AVN	EducationalAttainment	Adip1	2942	0.050531414984749806
AVN__HCAHeartST13228103	AVN	PRinterval	AVN_bundle_cell	2942	0.4986885276665133
AVN__HCAHeartST13228103	AVN	PRinterval	aCM1	2942	0.5161848397105921
AVN__HCAHeartST13228103	AVN	PRinterval	aCM2	2942	0.4502868986214173
AVN__HCAHeartST13228103	AVN	PRinterval	aCM3	2942	0.32314475559750183
AVN__HCAHeartST13228103	AVN	PRinterval	aCM4	2942	0.4941897051588333
AVN__HCAHeartST13228103	AVN	PRinterval	vCM1	2942	0.6611290591650015
AVN__HCAHeartST13228103	AVN	PRinterval	vCM2	2942	0.5727353457320397
AVN__HCAHeartST13228103	AVN	PRinterval	vCM3_stressed	2942	0.26463932196451134
AVN__HCAHeartST13228103	AVN	PRinterval	FB1	2942	0.5719972459489927
AVN__HCAHeartST13228103	AVN	PRinterval	FB2	2942	-0.05395161971679014
AVN__HCAHeartST13228103	AVN	PRinterval	FB4_activated	2942	0.10547496806748045
AVN__HCAHeartST13228103	AVN	PRinterval	NC1_glial	2942	0.6065506564804625
AVN__HCAHeartST13228103	AVN	PRinterval	NC2_glial_NGF+	2942	0.4905660872262115
AVN__HCAHeartST13228103	AVN	PRinterval	EC2_cap	2942	0.7237747200824427
AVN__HCAHeartST13228103	AVN	PRinterval	PC1_vent	2942	0.6372408582819957
AVN__HCAHeartST13228103	AVN	PRinterval	Adip1	2942	0.003853508316115983
AVN__HCAHeartST13228103	AVN	RestingHeartRate	AVN_bundle_cell	2942	0.45196129221283987
AVN__HCAHeartST13228103	AVN	RestingHeartRate	aCM1	2942	0.5826548139339198
AVN__HCAHeartST13228103	AVN	RestingHeartRate	aCM2	2942	0.5061779106529527
AVN__HCAHeartST13228103	AVN	RestingHeartRate	aCM3	2942	0.38839466472601797
AVN__HCAHeartST13228103	AVN	RestingHeartRate	aCM4	2942	0.5565701479924474
AVN__HCAHeartST13228103	AVN	RestingHeartRate	vCM1	2942	0.6420062157779979
AVN__HCAHeartST13228103	AVN	RestingHeartRate	vCM2	2942	0.5957906479492066
AVN__HCAHeartST13228103	AVN	RestingHeartRate	vCM3_stressed	2942	0.26731046653211415
AVN__HCAHeartST13228103	AVN	RestingHeartRate	FB1	2942	0.6329496558865196
AVN__HCAHeartST13228103	AVN	RestingHeartRate	FB2	2942	-0.03769761728049829
AVN__HCAHeartST13228103	AVN	RestingHeartRate	FB4_activated	2942	0.07406912714003984
AVN__HCAHeartST13228103	AVN	RestingHeartRate	NC1_glial	2942	0.6397868829851547
AVN__HCAHeartST13228103	AVN	RestingHeartRate	NC2_glial_NGF+	2942	0.491174143342301
AVN__HCAHeartST13228103	AVN	RestingHeartRate	EC2_cap	2942	0.7753929434982146
AVN__HCAHeartST13228103	AVN	RestingHeartRate	PC1_vent	2942	0.6978411385240517
AVN__HCAHeartST13228103	AVN	RestingHeartRate	Adip1	2942	0.08651209262029155
SAN__HCAHeartST10659160	SAN	AtrialFibrillation	SAN_P_cell	4220	0.2684818202516119
SAN__HCAHeartST10659160	SAN	AtrialFibrillation	aCM1	4220	0.1276794840003671
SAN__HCAHeartST10659160	SAN	AtrialFibrillation	aCM2	4220	-0.03343062568043472
SAN__HCAHeartST10659160	SAN	AtrialFibrillation	aCM3	4220	0.2109248835400749
SAN__HCAHeartST10659160	SAN	AtrialFibrillation	aCM4	4220	0.005704535955020034
SAN__HCAHeartST10659160	SAN	AtrialFibrillation	FB1	4220	0.15826803196533806
SAN__HCAHeartST10659160	SAN	AtrialFibrillation	FB2	4220	0.26112547099967215
SAN__HCAHeartST10659160	SAN	AtrialFibrillation	FB4_activated	4220	0.3269109092356729
SAN__HCAHeartST10659160	SAN	AtrialFibrillation	NC1_glial	4220	0.24584363129890385
SAN__HCAHeartST10659160	SAN	AtrialFibrillation	NC2_glial_NGF+	4220	0.2981229686067269
SAN__HCAHeartST10659160	SAN	AtrialFibrillation	EC2_cap	4220	0.2826081094393584
SAN__HCAHeartST10659160	SAN	AtrialFibrillation	PC1_vent	4220	0.3409282324522071
SAN__HCAHeartST10659160	SAN	AtrialFibrillation	Adip1	4220	-0.0340106458373861
SAN__HCAHeartST10659160	SAN	EducationalAttainment	SAN_P_cell	4220	0.5320882761691128
SAN__HCAHeartST10659160	SAN	EducationalAttainment	aCM1	4220	0.228942992836842
SAN__HCAHeartST10659160	SAN	EducationalAttainment	aCM2	4220	0.012993551580885675
SAN__HCAHeartST10659160	SAN	EducationalAttainment	aCM3	4220	0.40374049394533545
SAN__HCAHeartST10659160	SAN	EducationalAttainment	aCM4	4220	-0.35000747229961043
SAN__HCAHeartST10659160	SAN	EducationalAttainment	FB1	4220	0.29614480715562724
SAN__HCAHeartST10659160	SAN	EducationalAttainment	FB2	4220	0.4796125321134487
SAN__HCAHeartST10659160	SAN	EducationalAttainment	FB4_activated	4220	0.5498902092582
SAN__HCAHeartST10659160	SAN	EducationalAttainment	NC1_glial	4220	0.3765227550174076
SAN__HCAHeartST10659160	SAN	EducationalAttainment	NC2_glial_NGF+	4220	0.5011672014165699
SAN__HCAHeartST10659160	SAN	EducationalAttainment	EC2_cap	4220	0.26547700514384504
SAN__HCAHeartST10659160	SAN	EducationalAttainment	PC1_vent	4220	0.4601361685673572
SAN__HCAHeartST10659160	SAN	EducationalAttainment	Adip1	4220	0.11197591548305515
SAN__HCAHeartST10659160	SAN	HRV_RMSSD	SAN_P_cell	4220	0.297014541111321
SAN__HCAHeartST10659160	SAN	HRV_RMSSD	aCM1	4220	0.025740541109459645
SAN__HCAHeartST10659160	SAN	HRV_RMSSD	aCM2	4220	-0.14560253301278347
SAN__HCAHeartST10659160	SAN	HRV_RMSSD	aCM3	4220	0.18595217431137273
SAN__HCAHeartST10659160	SAN	HRV_RMSSD	aCM4	4220	-0.19032697308903954
SAN__HCAHeartST10659160	SAN	HRV_RMSSD	FB1	4220	0.18940321446229114
SAN__HCAHeartST10659160	SAN	HRV_RMSSD	FB2	4220	0.3259547885288702
SAN__HCAHeartST10659160	SAN	HRV_RMSSD	FB4_activated	4220	0.3737890685949085
SAN__HCAHeartST10659160	SAN	HRV_RMSSD	NC1_glial	4220	0.23768623682157933
SAN__HCAHeartST10659160	SAN	HRV_RMSSD	NC2_glial_NGF+	4220	0.3535328791660502
SAN__HCAHeartST10659160	SAN	HRV_RMSSD	EC2_cap	4220	0.272014872719723
SAN__HCAHeartST10659160	SAN	HRV_RMSSD	PC1_vent	4220	0.34589730221228127
SAN__HCAHeartST10659160	SAN	HRV_RMSSD	Adip1	4220	0.022866013878793418
SAN__HCAHeartST10659160	SAN	HRV_RMSSDc	SAN_P_cell	4220	0.34858845220617124
SAN__HCAHeartST10659160	SAN	HRV_RMSSDc	aCM1	4220	0.02883797926876684
SAN__HCAHeartST10659160	SAN	HRV_RMSSDc	aCM2	4220	-0.15384177933166965
SAN__HCAHeartST10659160	SAN	HRV_RMSSDc	aCM3	4220	0.22260375050829992
SAN__HCAHeartST10659160	SAN	HRV_RMSSDc	aCM4	4220	-0.28263545629939935
SAN__HCAHeartST10659160	SAN	HRV_RMSSDc	FB1	4220	0.21146380843967916
SAN__HCAHeartST10659160	SAN	HRV_RMSSDc	FB2	4220	0.37875204866669404
SAN__HCAHeartST10659160	SAN	HRV_RMSSDc	FB4_activated	4220	0.43597478499490555
SAN__HCAHeartST10659160	SAN	HRV_RMSSDc	NC1_glial	4220	0.2687577531559931
SAN__HCAHeartST10659160	SAN	HRV_RMSSDc	NC2_glial_NGF+	4220	0.40855288360063324
SAN__HCAHeartST10659160	SAN	HRV_RMSSDc	EC2_cap	4220	0.27300759616972653
SAN__HCAHeartST10659160	SAN	HRV_RMSSDc	PC1_vent	4220	0.38233019694026016
SAN__HCAHeartST10659160	SAN	HRV_RMSSDc	Adip1	4220	0.05899156472878337
SAN__HCAHeartST10659160	SAN	HRV_SDNN	SAN_P_cell	4220	0.32403253114083763
SAN__HCAHeartST10659160	SAN	HRV_SDNN	aCM1	4220	0.02491772353817947
SAN__HCAHeartST10659160	SAN	HRV_SDNN	aCM2	4220	-0.14761804177067145
SAN__HCAHeartST10659160	SAN	HRV_SDNN	aCM3	4220	0.20769156551525128
SAN__HCAHeartST10659160	SAN	HRV_SDNN	aCM4	4220	-0.28768303712654153
SAN__HCAHeartST10659160	SAN	HRV_SDNN	FB1	4220	0.20641944719142452
SAN__HCAHeartST10659160	SAN	HRV_SDNN	FB2	4220	0.35304011243600125
SAN__HCAHeartST10659160	SAN	HRV_SDNN	FB4_activated	4220	0.4076694606463558
SAN__HCAHeartST10659160	SAN	HRV_SDNN	NC1_glial	4220	0.24351950778931064
SAN__HCAHeartST10659160	SAN	HRV_SDNN	NC2_glial_NGF+	4220	0.37405249148006
SAN__HCAHeartST10659160	SAN	HRV_SDNN	EC2_cap	4220	0.23457843798300246
SAN__HCAHeartST10659160	SAN	HRV_SDNN	PC1_vent	4220	0.3447033174777419
SAN__HCAHeartST10659160	SAN	HRV_SDNN	Adip1	4220	0.08713191995010834
SAN__HCAHeartST10659160	SAN	HRV_SDNNc	SAN_P_cell	4220	0.35342292654711943
SAN__HCAHeartST10659160	SAN	HRV_SDNNc	aCM1	4220	0.03850817694863273
SAN__HCAHeartST10659160	SAN	HRV_SDNNc	aCM2	4220	-0.13668224955343042
SAN__HCAHeartST10659160	SAN	HRV_SDNNc	aCM3	4220	0.23461616077152128
SAN__HCAHeartST10659160	SAN	HRV_SDNNc	aCM4	4220	-0.34630829655478285
SAN__HCAHeartST10659160	SAN	HRV_SDNNc	FB1	4220	0.21484744054383223
SAN__HCAHeartST10659160	SAN	HRV_SDNNc	FB2	4220	0.3819010443190141
SAN__HCAHeartST10659160	SAN	HRV_SDNNc	FB4_activated	4220	0.44065906565341373
SAN__HCAHeartST10659160	SAN	HRV_SDNNc	NC1_glial	4220	0.26201217459908455
SAN__HCAHeartST10659160	SAN	HRV_SDNNc	NC2_glial_NGF+	4220	0.40395367100901625
SAN__HCAHeartST10659160	SAN	HRV_SDNNc	EC2_cap	4220	0.22125338977492034
SAN__HCAHeartST10659160	SAN	HRV_SDNNc	PC1_vent	4220	0.36367548933025723
SAN__HCAHeartST10659160	SAN	HRV_SDNNc	Adip1	4220	0.10504109074020554
SAN__HCAHeartST10659160	SAN	PRinterval	SAN_P_cell	4220	0.24420438916730014
SAN__HCAHeartST10659160	SAN	PRinterval	aCM1	4220	0.19323597335027592
SAN__HCAHeartST10659160	SAN	PRinterval	aCM2	4220	0.02510963785751491
SAN__HCAHeartST10659160	SAN	PRinterval	aCM3	4220	0.20999743899608952
SAN__HCAHeartST10659160	SAN	PRinterval	aCM4	4220	0.13670677426660474
SAN__HCAHeartST10659160	SAN	PRinterval	FB1	4220	0.14708046733824087
SAN__HCAHeartST10659160	SAN	PRinterval	FB2	4220	0.224661676264861
SAN__HCAHeartST10659160	SAN	PRinterval	FB4_activated	4220	0.2781746693128318
SAN__HCAHeartST10659160	SAN	PRinterval	NC1_glial	4220	0.23726375918663703
SAN__HCAHeartST10659160	SAN	PRinterval	NC2_glial_NGF+	4220	0.2521838781590524
SAN__HCAHeartST10659160	SAN	PRinterval	EC2_cap	4220	0.2962785512537773
SAN__HCAHeartST10659160	SAN	PRinterval	PC1_vent	4220	0.3027543653307559
SAN__HCAHeartST10659160	SAN	PRinterval	Adip1	4220	-0.09890803151784486
SAN__HCAHeartST10659160	SAN	RestingHeartRate	SAN_P_cell	4220	0.4954103289017881
SAN__HCAHeartST10659160	SAN	RestingHeartRate	aCM1	4220	0.2191040292164404
SAN__HCAHeartST10659160	SAN	RestingHeartRate	aCM2	4220	-0.03839433466541566
SAN__HCAHeartST10659160	SAN	RestingHeartRate	aCM3	4220	0.3768670020589374
SAN__HCAHeartST10659160	SAN	RestingHeartRate	aCM4	4220	-0.17050525427837454
SAN__HCAHeartST10659160	SAN	RestingHeartRate	FB1	4220	0.3246978166476552
SAN__HCAHeartST10659160	SAN	RestingHeartRate	FB2	4220	0.4837011652093631
SAN__HCAHeartST10659160	SAN	RestingHeartRate	FB4_activated	4220	0.5503414730868188
SAN__HCAHeartST10659160	SAN	RestingHeartRate	NC1_glial	4220	0.41534160216737376
SAN__HCAHeartST10659160	SAN	RestingHeartRate	NC2_glial_NGF+	4220	0.501666531228283
SAN__HCAHeartST10659160	SAN	RestingHeartRate	EC2_cap	4220	0.4195695203327065
SAN__HCAHeartST10659160	SAN	RestingHeartRate	PC1_vent	4220	0.497959236996654
SAN__HCAHeartST10659160	SAN	RestingHeartRate	Adip1	4220	0.04035553396568586
SAN__HCAHeartST12992072	SAN	AtrialFibrillation	SAN_P_cell	3787	0.3826105868431078
SAN__HCAHeartST12992072	SAN	AtrialFibrillation	aCM1	3787	0.5551518934531109
SAN__HCAHeartST12992072	SAN	AtrialFibrillation	aCM2	3787	0.4011247516131644
SAN__HCAHeartST12992072	SAN	AtrialFibrillation	aCM3	3787	-0.014391778580252434
SAN__HCAHeartST12992072	SAN	AtrialFibrillation	aCM4	3787	0.6649084682992396
SAN__HCAHeartST12992072	SAN	AtrialFibrillation	FB1	3787	0.48833220612972345
SAN__HCAHeartST12992072	SAN	AtrialFibrillation	FB2	3787	0.5661003215913664
SAN__HCAHeartST12992072	SAN	AtrialFibrillation	FB4_activated	3787	0.411128000279344
SAN__HCAHeartST12992072	SAN	AtrialFibrillation	NC1_glial	3787	-0.031975187681080666
SAN__HCAHeartST12992072	SAN	AtrialFibrillation	NC2_glial_NGF+	3787	0.5401307431269182
SAN__HCAHeartST12992072	SAN	AtrialFibrillation	EC2_cap	3787	0.6142550090309731
SAN__HCAHeartST12992072	SAN	AtrialFibrillation	PC1_vent	3787	0.583264899293134
SAN__HCAHeartST12992072	SAN	AtrialFibrillation	Adip1	3787	0.34990939595712484
SAN__HCAHeartST12992072	SAN	EducationalAttainment	SAN_P_cell	3787	0.20583858644507771
SAN__HCAHeartST12992072	SAN	EducationalAttainment	aCM1	3787	0.167903311324089
SAN__HCAHeartST12992072	SAN	EducationalAttainment	aCM2	3787	0.0888997258009604
SAN__HCAHeartST12992072	SAN	EducationalAttainment	aCM3	3787	-0.1472627912337461
SAN__HCAHeartST12992072	SAN	EducationalAttainment	aCM4	3787	0.24886656541963245
SAN__HCAHeartST12992072	SAN	EducationalAttainment	FB1	3787	0.21655186888402383
SAN__HCAHeartST12992072	SAN	EducationalAttainment	FB2	3787	0.2686668204319972
SAN__HCAHeartST12992072	SAN	EducationalAttainment	FB4_activated	3787	0.09781516439540994
SAN__HCAHeartST12992072	SAN	EducationalAttainment	NC1_glial	3787	-0.0753086282239241
SAN__HCAHeartST12992072	SAN	EducationalAttainment	NC2_glial_NGF+	3787	0.2839374627397489
SAN__HCAHeartST12992072	SAN	EducationalAttainment	EC2_cap	3787	0.2631297490406496
SAN__HCAHeartST12992072	SAN	EducationalAttainment	PC1_vent	3787	0.26241493290065376
SAN__HCAHeartST12992072	SAN	EducationalAttainment	Adip1	3787	0.11463131393642928
SAN__HCAHeartST12992072	SAN	HRV_RMSSD	SAN_P_cell	3787	0.10087866428462738
SAN__HCAHeartST12992072	SAN	HRV_RMSSD	aCM1	3787	0.29954391409754993
SAN__HCAHeartST12992072	SAN	HRV_RMSSD	aCM2	3787	0.18187046377325589
SAN__HCAHeartST12992072	SAN	HRV_RMSSD	aCM3	3787	-0.2604081596294949
SAN__HCAHeartST12992072	SAN	HRV_RMSSD	aCM4	3787	0.455015999547991
SAN__HCAHeartST12992072	SAN	HRV_RMSSD	FB1	3787	0.3927342367331012
SAN__HCAHeartST12992072	SAN	HRV_RMSSD	FB2	3787	0.4561198798305667
SAN__HCAHeartST12992072	SAN	HRV_RMSSD	FB4_activated	3787	0.22190154988054517
SAN__HCAHeartST12992072	SAN	HRV_RMSSD	NC1_glial	3787	-0.14855485254316
SAN__HCAHeartST12992072	SAN	HRV_RMSSD	NC2_glial_NGF+	3787	0.45383823934524126
SAN__HCAHeartST12992072	SAN	HRV_RMSSD	EC2_cap	3787	0.47684445064328723
SAN__HCAHeartST12992072	SAN	HRV_RMSSD	PC1_vent	3787	0.4360006164212735
SAN__HCAHeartST12992072	SAN	HRV_RMSSD	Adip1	3787	0.1326146473230016
SAN__HCAHeartST12992072	SAN	HRV_RMSSDc	SAN_P_cell	3787	0.0602186694335706
SAN__HCAHeartST12992072	SAN	HRV_RMSSDc	aCM1	3787	0.2609123389463644
SAN__HCAHeartST12992072	SAN	HRV_RMSSDc	aCM2	3787	0.1517814819846007
SAN__HCAHeartST12992072	SAN	HRV_RMSSDc	aCM3	3787	-0.26156224496571445
SAN__HCAHeartST12992072	SAN	HRV_RMSSDc	aCM4	3787	0.37048081272461
SAN__HCAHeartST12992072	SAN	HRV_RMSSDc	FB1	3787	0.3343673796759842
SAN__HCAHeartST12992072	SAN	HRV_RMSSDc	FB2	3787	0.3774311261692307
SAN__HCAHeartST12992072	SAN	HRV_RMSSDc	FB4_activated	3787	0.1675924624255794
SAN__HCAHeartST12992072	SAN	HRV_RMSSDc	NC1_glial	3787	-0.16402604131272636
SAN__HCAHeartST12992072	SAN	HRV_RMSSDc	NC2_glial_NGF+	3787	0.36940722767931095
SAN__HCAHeartST12992072	SAN	HRV_RMSSDc	EC2_cap	3787	0.40101694446825664
SAN__HCAHeartST12992072	SAN	HRV_RMSSDc	PC1_vent	3787	0.3731529878394486
SAN__HCAHeartST12992072	SAN	HRV_RMSSDc	Adip1	3787	0.11144228201692917
SAN__HCAHeartST12992072	SAN	HRV_SDNN	SAN_P_cell	3787	0.07962738643929923
SAN__HCAHeartST12992072	SAN	HRV_SDNN	aCM1	3787	0.0742535839244261
SAN__HCAHeartST12992072	SAN	HRV_SDNN	aCM2	3787	0.047368352243644114
SAN__HCAHeartST12992072	SAN	HRV_SDNN	aCM3	3787	-0.08880480262226514
SAN__HCAHeartST12992072	SAN	HRV_SDNN	aCM4	3787	0.12236338018058014
SAN__HCAHeartST12992072	SAN	HRV_SDNN	FB1	3787	0.1900437677738111
SAN__HCAHeartST12992072	SAN	HRV_SDNN	FB2	3787	0.22601626213391293
SAN__HCAHeartST12992072	SAN	HRV_SDNN	FB4_activated	3787	0.19304802934661816
SAN__HCAHeartST12992072	SAN	HRV_SDNN	NC1_glial	3787	0.014135286424063743
SAN__HCAHeartST12992072	SAN	HRV_SDNN	NC2_glial_NGF+	3787	0.22894159778746287
SAN__HCAHeartST12992072	SAN	HRV_SDNN	EC2_cap	3787	0.1913623183091805
SAN__HCAHeartST12992072	SAN	HRV_SDNN	PC1_vent	3787	0.2012864551385811
SAN__HCAHeartST12992072	SAN	HRV_SDNN	Adip1	3787	0.005800942181018408
SAN__HCAHeartST12992072	SAN	HRV_SDNNc	SAN_P_cell	3787	0.056637743239285866
SAN__HCAHeartST12992072	SAN	HRV_SDNNc	aCM1	3787	0.004540257526842864
SAN__HCAHeartST12992072	SAN	HRV_SDNNc	aCM2	3787	-0.0023041030806949954
SAN__HCAHeartST12992072	SAN	HRV_SDNNc	aCM3	3787	-0.05290684952543489
SAN__HCAHeartST12992072	SAN	HRV_SDNNc	aCM4	3787	0.005138317687523347
SAN__HCAHeartST12992072	SAN	HRV_SDNNc	FB1	3787	0.09579836880091169
SAN__HCAHeartST12992072	SAN	HRV_SDNNc	FB2	3787	0.12365740817892425
SAN__HCAHeartST12992072	SAN	HRV_SDNNc	FB4_activated	3787	0.14983346933445846
SAN__HCAHeartST12992072	SAN	HRV_SDNNc	NC1_glial	3787	0.026939293453930573
SAN__HCAHeartST12992072	SAN	HRV_SDNNc	NC2_glial_NGF+	3787	0.11871874528503136
SAN__HCAHeartST12992072	SAN	HRV_SDNNc	EC2_cap	3787	0.08388519905227539
SAN__HCAHeartST12992072	SAN	HRV_SDNNc	PC1_vent	3787	0.10519424997950719
SAN__HCAHeartST12992072	SAN	HRV_SDNNc	Adip1	3787	-0.024693772245143287
SAN__HCAHeartST12992072	SAN	PRinterval	SAN_P_cell	3787	0.36493335545040173
SAN__HCAHeartST12992072	SAN	PRinterval	aCM1	3787	0.6378686571951201
SAN__HCAHeartST12992072	SAN	PRinterval	aCM2	3787	0.48147333756839505
SAN__HCAHeartST12992072	SAN	PRinterval	aCM3	3787	-0.09012015036689457
SAN__HCAHeartST12992072	SAN	PRinterval	aCM4	3787	0.744059771732475
SAN__HCAHeartST12992072	SAN	PRinterval	FB1	3787	0.5596302494343907
SAN__HCAHeartST12992072	SAN	PRinterval	FB2	3787	0.6455838006405646
SAN__HCAHeartST12992072	SAN	PRinterval	FB4_activated	3787	0.40643293331949437
SAN__HCAHeartST12992072	SAN	PRinterval	NC1_glial	3787	-0.06052081828815059
SAN__HCAHeartST12992072	SAN	PRinterval	NC2_glial_NGF+	3787	0.6165069792380511
SAN__HCAHeartST12992072	SAN	PRinterval	EC2_cap	3787	0.6880499365512776
SAN__HCAHeartST12992072	SAN	PRinterval	PC1_vent	3787	0.6366185656903938
SAN__HCAHeartST12992072	SAN	PRinterval	Adip1	3787	0.38749476052791
SAN__HCAHeartST12992072	SAN	RestingHeartRate	SAN_P_cell	3787	0.3962329190040881
SAN__HCAHeartST12992072	SAN	RestingHeartRate	aCM1	3787	0.5922106845811762
SAN__HCAHeartST12992072	SAN	RestingHeartRate	aCM2	3787	0.4302064342266433
SAN__HCAHeartST12992072	SAN	RestingHeartRate	aCM3	3787	-0.06514107311166617
SAN__HCAHeartST12992072	SAN	RestingHeartRate	aCM4	3787	0.7010225675141983
SAN__HCAHeartST12992072	SAN	RestingHeartRate	FB1	3787	0.5385851981259231
SAN__HCAHeartST12992072	SAN	RestingHeartRate	FB2	3787	0.6080024569283766
SAN__HCAHeartST12992072	SAN	RestingHeartRate	FB4_activated	3787	0.4103183216116175
SAN__HCAHeartST12992072	SAN	RestingHeartRate	NC1_glial	3787	-0.03427205650472949
SAN__HCAHeartST12992072	SAN	RestingHeartRate	NC2_glial_NGF+	3787	0.5902918426145742
SAN__HCAHeartST12992072	SAN	RestingHeartRate	EC2_cap	3787	0.6595995573451543
SAN__HCAHeartST12992072	SAN	RestingHeartRate	PC1_vent	3787	0.6195529746402079
SAN__HCAHeartST12992072	SAN	RestingHeartRate	Adip1	3787	0.3669885494026198
SAN__HCAHeartST13228105	SAN	AtrialFibrillation	SAN_P_cell	2835	0.7874180254180856
SAN__HCAHeartST13228105	SAN	AtrialFibrillation	aCM1	2835	0.7496392340224233
SAN__HCAHeartST13228105	SAN	AtrialFibrillation	aCM2	2835	0.46053190676697286
SAN__HCAHeartST13228105	SAN	AtrialFibrillation	aCM3	2835	0.23753830241998244
SAN__HCAHeartST13228105	SAN	AtrialFibrillation	aCM4	2835	0.7859662542709409
SAN__HCAHeartST13228105	SAN	AtrialFibrillation	FB1	2835	0.7514726444937279
SAN__HCAHeartST13228105	SAN	AtrialFibrillation	FB2	2835	0.7311297474716955
SAN__HCAHeartST13228105	SAN	AtrialFibrillation	FB4_activated	2835	0.8239544098616876
SAN__HCAHeartST13228105	SAN	AtrialFibrillation	NC1_glial	2835	0.09806658433370109
SAN__HCAHeartST13228105	SAN	AtrialFibrillation	NC2_glial_NGF+	2835	0.77783705693617
SAN__HCAHeartST13228105	SAN	AtrialFibrillation	EC2_cap	2835	0.7878726413221886
SAN__HCAHeartST13228105	SAN	AtrialFibrillation	PC1_vent	2835	0.8277558241227382
SAN__HCAHeartST13228105	SAN	AtrialFibrillation	Adip1	2835	-0.5406528163374541
SAN__HCAHeartST13228105	SAN	EducationalAttainment	SAN_P_cell	2835	0.6318263839683018
SAN__HCAHeartST13228105	SAN	EducationalAttainment	aCM1	2835	0.5798272435154183
SAN__HCAHeartST13228105	SAN	EducationalAttainment	aCM2	2835	0.35041244771315855
SAN__HCAHeartST13228105	SAN	EducationalAttainment	aCM3	2835	0.18372230542329593
SAN__HCAHeartST13228105	SAN	EducationalAttainment	aCM4	2835	0.6049327943518318
SAN__HCAHeartST13228105	SAN	EducationalAttainment	FB1	2835	0.6036885620307195
SAN__HCAHeartST13228105	SAN	EducationalAttainment	FB2	2835	0.6446483146877149
SAN__HCAHeartST13228105	SAN	EducationalAttainment	FB4_activated	2835	0.6863424344855753
SAN__HCAHeartST13228105	SAN	EducationalAttainment	NC1_glial	2835	0.1139273213546763
SAN__HCAHeartST13228105	SAN	EducationalAttainment	NC2_glial_NGF+	2835	0.6703772495946649
SAN__HCAHeartST13228105	SAN	EducationalAttainment	EC2_cap	2835	0.6145882553758418
SAN__HCAHeartST13228105	SAN	EducationalAttainment	PC1_vent	2835	0.6710446779350139
SAN__HCAHeartST13228105	SAN	EducationalAttainment	Adip1	2835	-0.457122104738636
SAN__HCAHeartST13228105	SAN	HRV_RMSSD	SAN_P_cell	2835	0.6139238895054975
SAN__HCAHeartST13228105	SAN	HRV_RMSSD	aCM1	2835	0.5704892358148307
SAN__HCAHeartST13228105	SAN	HRV_RMSSD	aCM2	2835	0.3527022736517655
SAN__HCAHeartST13228105	SAN	HRV_RMSSD	aCM3	2835	0.13956735905085924
SAN__HCAHeartST13228105	SAN	HRV_RMSSD	aCM4	2835	0.6230758630812908
SAN__HCAHeartST13228105	SAN	HRV_RMSSD	FB1	2835	0.5639085217979715
SAN__HCAHeartST13228105	SAN	HRV_RMSSD	FB2	2835	0.5567735812877265
SAN__HCAHeartST13228105	SAN	HRV_RMSSD	FB4_activated	2835	0.6247632598279537
SAN__HCAHeartST13228105	SAN	HRV_RMSSD	NC1_glial	2835	0.04977924942689198
SAN__HCAHeartST13228105	SAN	HRV_RMSSD	NC2_glial_NGF+	2835	0.5995286834173612
SAN__HCAHeartST13228105	SAN	HRV_RMSSD	EC2_cap	2835	0.607921211303854
SAN__HCAHeartST13228105	SAN	HRV_RMSSD	PC1_vent	2835	0.6349349982598189
SAN__HCAHeartST13228105	SAN	HRV_RMSSD	Adip1	2835	-0.37473062934829954
SAN__HCAHeartST13228105	SAN	HRV_RMSSDc	SAN_P_cell	2835	0.4956920464195603
SAN__HCAHeartST13228105	SAN	HRV_RMSSDc	aCM1	2835	0.47843260772305324
SAN__HCAHeartST13228105	SAN	HRV_RMSSDc	aCM2	2835	0.3088571823592443
SAN__HCAHeartST13228105	SAN	HRV_RMSSDc	aCM3	2835	0.12826415565855873
SAN__HCAHeartST13228105	SAN	HRV_RMSSDc	aCM4	2835	0.508860274295319
SAN__HCAHeartST13228105	SAN	HRV_RMSSDc	FB1	2835	0.45953520549626875
SAN__HCAHeartST13228105	SAN	HRV_RMSSDc	FB2	2835	0.45656990716454393
SAN__HCAHeartST13228105	SAN	HRV_RMSSDc	FB4_activated	2835	0.5050667165996215
SAN__HCAHeartST13228105	SAN	HRV_RMSSDc	NC1_glial	2835	0.055820979782582776
SAN__HCAHeartST13228105	SAN	HRV_RMSSDc	NC2_glial_NGF+	2835	0.4839747715401033
SAN__HCAHeartST13228105	SAN	HRV_RMSSDc	EC2_cap	2835	0.5007553341982403
SAN__HCAHeartST13228105	SAN	HRV_RMSSDc	PC1_vent	2835	0.5222789466495281
SAN__HCAHeartST13228105	SAN	HRV_RMSSDc	Adip1	2835	-0.29191570573010184
SAN__HCAHeartST13228105	SAN	HRV_SDNN	SAN_P_cell	2835	0.03584515915769912
SAN__HCAHeartST13228105	SAN	HRV_SDNN	aCM1	2835	0.06171962932772592
SAN__HCAHeartST13228105	SAN	HRV_SDNN	aCM2	2835	0.07737572199130924
SAN__HCAHeartST13228105	SAN	HRV_SDNN	aCM3	2835	0.10621558344679359
SAN__HCAHeartST13228105	SAN	HRV_SDNN	aCM4	2835	0.007477340719591776
SAN__HCAHeartST13228105	SAN	HRV_SDNN	FB1	2835	0.04838708005517828
SAN__HCAHeartST13228105	SAN	HRV_SDNN	FB2	2835	0.16266014953352972
SAN__HCAHeartST13228105	SAN	HRV_SDNN	FB4_activated	2835	0.08223306248038892
SAN__HCAHeartST13228105	SAN	HRV_SDNN	NC1_glial	2835	0.15831733218100943
SAN__HCAHeartST13228105	SAN	HRV_SDNN	NC2_glial_NGF+	2835	0.09727827716870063
SAN__HCAHeartST13228105	SAN	HRV_SDNN	EC2_cap	2835	0.06583387608471478
SAN__HCAHeartST13228105	SAN	HRV_SDNN	PC1_vent	2835	0.07284444476389285
SAN__HCAHeartST13228105	SAN	HRV_SDNN	Adip1	2835	0.08823695118715806
SAN__HCAHeartST13228105	SAN	HRV_SDNNc	SAN_P_cell	2835	-0.15361755063883134
SAN__HCAHeartST13228105	SAN	HRV_SDNNc	aCM1	2835	-0.101254063152651
SAN__HCAHeartST13228105	SAN	HRV_SDNNc	aCM2	2835	-0.0031368314108883946
SAN__HCAHeartST13228105	SAN	HRV_SDNNc	aCM3	2835	0.07674405371558383
SAN__HCAHeartST13228105	SAN	HRV_SDNNc	aCM4	2835	-0.17688842625386023
SAN__HCAHeartST13228105	SAN	HRV_SDNNc	FB1	2835	-0.13892942126968752
SAN__HCAHeartST13228105	SAN	HRV_SDNNc	FB2	2835	-0.0009285948870408806
SAN__HCAHeartST13228105	SAN	HRV_SDNNc	FB4_activated	2835	-0.11021231456631063
SAN__HCAHeartST13228105	SAN	HRV_SDNNc	NC1_glial	2835	0.14752401872150803
SAN__HCAHeartST13228105	SAN	HRV_SDNNc	NC2_glial_NGF+	2835	-0.0894316739276284
SAN__HCAHeartST13228105	SAN	HRV_SDNNc	EC2_cap	2835	-0.12235974719518672
SAN__HCAHeartST13228105	SAN	HRV_SDNNc	PC1_vent	2835	-0.12416503007762725
SAN__HCAHeartST13228105	SAN	HRV_SDNNc	Adip1	2835	0.24003209149414964
SAN__HCAHeartST13228105	SAN	PRinterval	SAN_P_cell	2835	0.7906547934146342
SAN__HCAHeartST13228105	SAN	PRinterval	aCM1	2835	0.7535028303807947
SAN__HCAHeartST13228105	SAN	PRinterval	aCM2	2835	0.4879944772411307
SAN__HCAHeartST13228105	SAN	PRinterval	aCM3	2835	0.21036239651771177
SAN__HCAHeartST13228105	SAN	PRinterval	aCM4	2835	0.8157770767129139
SAN__HCAHeartST13228105	SAN	PRinterval	FB1	2835	0.7207340495287572
SAN__HCAHeartST13228105	SAN	PRinterval	FB2	2835	0.6999188206217988
SAN__HCAHeartST13228105	SAN	PRinterval	FB4_activated	2835	0.8087017261284741
SAN__HCAHeartST13228105	SAN	PRinterval	NC1_glial	2835	0.027401747923925236
SAN__HCAHeartST13228105	SAN	PRinterval	NC2_glial_NGF+	2835	0.7586424782026243
SAN__HCAHeartST13228105	SAN	PRinterval	EC2_cap	2835	0.7751644757019606
SAN__HCAHeartST13228105	SAN	PRinterval	PC1_vent	2835	0.8099000077066154
SAN__HCAHeartST13228105	SAN	PRinterval	Adip1	2835	-0.48253334063991826
SAN__HCAHeartST13228105	SAN	RestingHeartRate	SAN_P_cell	2835	0.8011888870893304
SAN__HCAHeartST13228105	SAN	RestingHeartRate	aCM1	2835	0.7545252987948665
SAN__HCAHeartST13228105	SAN	RestingHeartRate	aCM2	2835	0.47239312905962455
SAN__HCAHeartST13228105	SAN	RestingHeartRate	aCM3	2835	0.21806970450875113
SAN__HCAHeartST13228105	SAN	RestingHeartRate	aCM4	2835	0.80238312004526
SAN__HCAHeartST13228105	SAN	RestingHeartRate	FB1	2835	0.743890051446259
SAN__HCAHeartST13228105	SAN	RestingHeartRate	FB2	2835	0.7464109487781302
SAN__HCAHeartST13228105	SAN	RestingHeartRate	FB4_activated	2835	0.8388941054738749
SAN__HCAHeartST13228105	SAN	RestingHeartRate	NC1_glial	2835	0.07874191566623798
SAN__HCAHeartST13228105	SAN	RestingHeartRate	NC2_glial_NGF+	2835	0.7849274712918126
SAN__HCAHeartST13228105	SAN	RestingHeartRate	EC2_cap	2835	0.7977535309475687
SAN__HCAHeartST13228105	SAN	RestingHeartRate	PC1_vent	2835	0.8349728451489086
SAN__HCAHeartST13228105	SAN	RestingHeartRate	Adip1	2835	-0.5190974608447516
SAN__HCAHeartST13228106	SAN	AtrialFibrillation	SAN_P_cell	3382	0.2747847527827136
SAN__HCAHeartST13228106	SAN	AtrialFibrillation	aCM1	3382	0.5221180334598639
SAN__HCAHeartST13228106	SAN	AtrialFibrillation	aCM2	3382	0.417103346990732
SAN__HCAHeartST13228106	SAN	AtrialFibrillation	aCM3	3382	-0.04301729969260796
SAN__HCAHeartST13228106	SAN	AtrialFibrillation	aCM4	3382	0.6344081640750803
SAN__HCAHeartST13228106	SAN	AtrialFibrillation	FB1	3382	0.5636336366903789
SAN__HCAHeartST13228106	SAN	AtrialFibrillation	FB2	3382	0.08514313120886459
SAN__HCAHeartST13228106	SAN	AtrialFibrillation	FB4_activated	3382	0.0418690269763091
SAN__HCAHeartST13228106	SAN	AtrialFibrillation	NC1_glial	3382	0.05510889051280084
SAN__HCAHeartST13228106	SAN	AtrialFibrillation	NC2_glial_NGF+	3382	0.1383290648334081
SAN__HCAHeartST13228106	SAN	AtrialFibrillation	EC2_cap	3382	0.537680912468994
SAN__HCAHeartST13228106	SAN	AtrialFibrillation	PC1_vent	3382	0.425329316645452
SAN__HCAHeartST13228106	SAN	AtrialFibrillation	Adip1	3382	0.09779383801179016
SAN__HCAHeartST13228106	SAN	EducationalAttainment	SAN_P_cell	3382	0.2224147672898386
SAN__HCAHeartST13228106	SAN	EducationalAttainment	aCM1	3382	0.21913288916961246
SAN__HCAHeartST13228106	SAN	EducationalAttainment	aCM2	3382	0.17454687157523133
SAN__HCAHeartST13228106	SAN	EducationalAttainment	aCM3	3382	0.1610034456606109
SAN__HCAHeartST13228106	SAN	EducationalAttainment	aCM4	3382	0.1978421892531007
SAN__HCAHeartST13228106	SAN	EducationalAttainment	FB1	3382	0.23204010549958745
SAN__HCAHeartST13228106	SAN	EducationalAttainment	FB2	3382	0.12733641784306815
SAN__HCAHeartST13228106	SAN	EducationalAttainment	FB4_activated	3382	0.13634814876813428
SAN__HCAHeartST13228106	SAN	EducationalAttainment	NC1_glial	3382	0.14628739373046107
SAN__HCAHeartST13228106	SAN	EducationalAttainment	NC2_glial_NGF+	3382	0.19838232405633313
SAN__HCAHeartST13228106	SAN	EducationalAttainment	EC2_cap	3382	0.20256950323161435
SAN__HCAHeartST13228106	SAN	EducationalAttainment	PC1_vent	3382	0.2631090964907444
SAN__HCAHeartST13228106	SAN	EducationalAttainment	Adip1	3382	0.07315610167676648
SAN__HCAHeartST13228106	SAN	HRV_RMSSD	SAN_P_cell	3382	0.24581737334138373
SAN__HCAHeartST13228106	SAN	HRV_RMSSD	aCM1	3382	0.3495915228185179
SAN__HCAHeartST13228106	SAN	HRV_RMSSD	aCM2	3382	0.2956120516504169
SAN__HCAHeartST13228106	SAN	HRV_RMSSD	aCM3	3382	-0.0074609830623710485
SAN__HCAHeartST13228106	SAN	HRV_RMSSD	aCM4	3382	0.4009796793284731
SAN__HCAHeartST13228106	SAN	HRV_RMSSD	FB1	3382	0.3584168212577361
SAN__HCAHeartST13228106	SAN	HRV_RMSSD	FB2	3382	0.08216622337006703
SAN__HCAHeartST13228106	SAN	HRV_RMSSD	FB4_activated	3382	0.05724961469273914
SAN__HCAHeartST13228106	SAN	HRV_RMSSD	NC1_glial	3382	0.0475860436179466
SAN__HCAHeartST13228106	SAN	HRV_RMSSD	NC2_glial_NGF+	3382	0.11128955869665118
SAN__HCAHeartST13228106	SAN	HRV_RMSSD	EC2_cap	3382	0.3442028048126232
SAN__HCAHeartST13228106	SAN	HRV_RMSSD	PC1_vent	3382	0.3151573445153866
SAN__HCAHeartST13228106	SAN	HRV_RMSSD	Adip1	3382	-0.0048397933073219
SAN__HCAHeartST13228106	SAN	HRV_RMSSDc	SAN_P_cell	3382	0.17350921690762627
SAN__HCAHeartST13228106	SAN	HRV_RMSSDc	aCM1	3382	0.3314744987600204
SAN__HCAHeartST13228106	SAN	HRV_RMSSDc	aCM2	3382	0.2809381879606607
SAN__HCAHeartST13228106	SAN	HRV_RMSSDc	aCM3	3382	-0.049116608534614234
SAN__HCAHeartST13228106	SAN	HRV_RMSSDc	aCM4	3382	0.404284591875862
SAN__HCAHeartST13228106	SAN	HRV_RMSSDc	FB1	3382	0.32945971204986435
SAN__HCAHeartST13228106	SAN	HRV_RMSSDc	FB2	3382	0.03277168461109985
SAN__HCAHeartST13228106	SAN	HRV_RMSSDc	FB4_activated	3382	0.0016869428471879275
SAN__HCAHeartST13228106	SAN	HRV_RMSSDc	NC1_glial	3382	-0.0052872025476005426
SAN__HCAHeartST13228106	SAN	HRV_RMSSDc	NC2_glial_NGF+	3382	0.048754446544002995
SAN__HCAHeartST13228106	SAN	HRV_RMSSDc	EC2_cap	3382	0.3212433946836044
SAN__HCAHeartST13228106	SAN	HRV_RMSSDc	PC1_vent	3382	0.27930341974210693
SAN__HCAHeartST13228106	SAN	HRV_RMSSDc	Adip1	3382	-0.008601652604509149
SAN__HCAHeartST13228106	SAN	HRV_SDNN	SAN_P_cell	3382	0.16381090395375122
SAN__HCAHeartST13228106	SAN	HRV_SDNN	aCM1	3382	-0.030478049134854367
SAN__HCAHeartST13228106	SAN	HRV_SDNN	aCM2	3382	-0.04264847633557385
SAN__HCAHeartST13228106	SAN	HRV_SDNN	aCM3	3382	0.18060878621399207
SAN__HCAHeartST13228106	SAN	HRV_SDNN	aCM4	3382	-0.06550291507444603
SAN__HCAHeartST13228106	SAN	HRV_SDNN	FB1	3382	0.061888751456471984
SAN__HCAHeartST13228106	SAN	HRV_SDNN	FB2	3382	0.169866578806035
SAN__HCAHeartST13228106	SAN	HRV_SDNN	FB4_activated	3382	0.21994606942264422
SAN__HCAHeartST13228106	SAN	HRV_SDNN	NC1_glial	3382	0.18964238097613567
SAN__HCAHeartST13228106	SAN	HRV_SDNN	NC2_glial_NGF+	3382	0.1871168172788853
SAN__HCAHeartST13228106	SAN	HRV_SDNN	EC2_cap	3382	0.06269457531006481
SAN__HCAHeartST13228106	SAN	HRV_SDNN	PC1_vent	3382	0.1513425690989973
SAN__HCAHeartST13228106	SAN	HRV_SDNN	Adip1	3382	-0.004975191198605736
SAN__HCAHeartST13228106	SAN	HRV_SDNNc	SAN_P_cell	3382	0.10827545798307378
SAN__HCAHeartST13228106	SAN	HRV_SDNNc	aCM1	3382	-0.08846078282267668
SAN__HCAHeartST13228106	SAN	HRV_SDNNc	aCM2	3382	-0.10025252079600888
SAN__HCAHeartST13228106	SAN	HRV_SDNNc	aCM3	3382	0.16840447084133592
SAN__HCAHeartST13228106	SAN	HRV_SDNNc	aCM4	3382	-0.12281211477238159
SAN__HCAHeartST13228106	SAN	HRV_SDNNc	FB1	3382	0.016976703816594222
SAN__HCAHeartST13228106	SAN	HRV_SDNNc	FB2	3382	0.13817352742596614
SAN__HCAHeartST13228106	SAN	HRV_SDNNc	FB4_activated	3382	0.19992013850393978
SAN__HCAHeartST13228106	SAN	HRV_SDNNc	NC1_glial	3382	0.17059047500304456
SAN__HCAHeartST13228106	SAN	HRV_SDNNc	NC2_glial_NGF+	3382	0.15032828947281596
SAN__HCAHeartST13228106	SAN	HRV_SDNNc	EC2_cap	3382	0.009196415203566613
SAN__HCAHeartST13228106	SAN	HRV_SDNNc	PC1_vent	3382	0.10468285884629211
SAN__HCAHeartST13228106	SAN	HRV_SDNNc	Adip1	3382	-0.01597268635832373
SAN__HCAHeartST13228106	SAN	PRinterval	SAN_P_cell	3382	0.26619965905674237
SAN__HCAHeartST13228106	SAN	PRinterval	aCM1	3382	0.6448235671450131
SAN__HCAHeartST13228106	SAN	PRinterval	aCM2	3382	0.5479940305964119
SAN__HCAHeartST13228106	SAN	PRinterval	aCM3	3382	-0.08922571993599594
SAN__HCAHeartST13228106	SAN	PRinterval	aCM4	3382	0.7733346832288047
SAN__HCAHeartST13228106	SAN	PRinterval	FB1	3382	0.6161861880147707
SAN__HCAHeartST13228106	SAN	PRinterval	FB2	3382	0.01141694859310467
SAN__HCAHeartST13228106	SAN	PRinterval	FB4_activated	3382	-0.07595410063415195
SAN__HCAHeartST13228106	SAN	PRinterval	NC1_glial	3382	-0.005953213553478133
SAN__HCAHeartST13228106	SAN	PRinterval	NC2_glial_NGF+	3382	0.07648007481827387
SAN__HCAHeartST13228106	SAN	PRinterval	EC2_cap	3382	0.5821494362908319
SAN__HCAHeartST13228106	SAN	PRinterval	PC1_vent	3382	0.42744011531881726
SAN__HCAHeartST13228106	SAN	PRinterval	Adip1	3382	0.11392578542353143
SAN__HCAHeartST13228106	SAN	RestingHeartRate	SAN_P_cell	3382	0.3528020292221164
SAN__HCAHeartST13228106	SAN	RestingHeartRate	aCM1	3382	0.5117674538129028
SAN__HCAHeartST13228106	SAN	RestingHeartRate	aCM2	3382	0.3923610256362921
SAN__HCAHeartST13228106	SAN	RestingHeartRate	aCM3	3382	-0.024136627767483772
SAN__HCAHeartST13228106	SAN	RestingHeartRate	aCM4	3382	0.6349008905227316
SAN__HCAHeartST13228106	SAN	RestingHeartRate	FB1	3382	0.6004347008384456
SAN__HCAHeartST13228106	SAN	RestingHeartRate	FB2	3382	0.14933045146452537
SAN__HCAHeartST13228106	SAN	RestingHeartRate	FB4_activated	3382	0.11202222431491983
SAN__HCAHeartST13228106	SAN	RestingHeartRate	NC1_glial	3382	0.11817175251080009
SAN__HCAHeartST13228106	SAN	RestingHeartRate	NC2_glial_NGF+	3382	0.23323930439088372
SAN__HCAHeartST13228106	SAN	RestingHeartRate	EC2_cap	3382	0.5829010360912779
SAN__HCAHeartST13228106	SAN	RestingHeartRate	PC1_vent	3382	0.5127732494141093
SAN__HCAHeartST13228106	SAN	RestingHeartRate	Adip1	3382	0.018827934414362046
SAN__HCAHeartST13233996	SAN	AtrialFibrillation	SAN_P_cell	3044	0.6723521136085054
SAN__HCAHeartST13233996	SAN	AtrialFibrillation	aCM1	3044	0.7839362384928485
SAN__HCAHeartST13233996	SAN	AtrialFibrillation	aCM2	3044	0.7031616718529377
SAN__HCAHeartST13233996	SAN	AtrialFibrillation	aCM3	3044	0.4137950460624033
SAN__HCAHeartST13233996	SAN	AtrialFibrillation	aCM4	3044	0.6365219791823653
SAN__HCAHeartST13233996	SAN	AtrialFibrillation	FB1	3044	0.7096766449967564
SAN__HCAHeartST13233996	SAN	AtrialFibrillation	FB2	3044	0.568200735238029
SAN__HCAHeartST13233996	SAN	AtrialFibrillation	FB4_activated	3044	0.6534636177211389
SAN__HCAHeartST13233996	SAN	AtrialFibrillation	NC1_glial	3044	0.6241804019040146
SAN__HCAHeartST13233996	SAN	AtrialFibrillation	NC2_glial_NGF+	3044	0.6737130334387761
SAN__HCAHeartST13233996	SAN	AtrialFibrillation	EC2_cap	3044	0.6908350437836105
SAN__HCAHeartST13233996	SAN	AtrialFibrillation	PC1_vent	3044	0.7631946346131381
SAN__HCAHeartST13233996	SAN	AtrialFibrillation	Adip1	3044	0.2301338319583097
SAN__HCAHeartST13233996	SAN	EducationalAttainment	SAN_P_cell	3044	0.47074062878285133
SAN__HCAHeartST13233996	SAN	EducationalAttainment	aCM1	3044	0.47066341875070855
SAN__HCAHeartST13233996	SAN	EducationalAttainment	aCM2	3044	0.39490120713162136
SAN__HCAHeartST13233996	SAN	EducationalAttainment	aCM3	3044	0.31611578217166647
SAN__HCAHeartST13233996	SAN	EducationalAttainment	aCM4	3044	0.2736933192451591
SAN__HCAHeartST13233996	SAN	EducationalAttainment	FB1	3044	0.5245918016474713
SAN__HCAHeartST13233996	SAN	EducationalAttainment	FB2	3044	0.48595112743151164
SAN__HCAHeartST13233996	SAN	EducationalAttainment	FB4_activated	3044	0.46064137606063604
SAN__HCAHeartST13233996	SAN	EducationalAttainment	NC1_glial	3044	0.5431192573848668
SAN__HCAHeartST13233996	SAN	EducationalAttainment	NC2_glial_NGF+	3044	0.5222784284094623
SAN__HCAHeartST13233996	SAN	EducationalAttainment	EC2_cap	3044	0.4089437767817353
SAN__HCAHeartST13233996	SAN	EducationalAttainment	PC1_vent	3044	0.49304103896449214
SAN__HCAHeartST13233996	SAN	EducationalAttainment	Adip1	3044	0.2064636158089589
SAN__HCAHeartST13233996	SAN	HRV_RMSSD	SAN_P_cell	3044	0.5488798037780035
SAN__HCAHeartST13233996	SAN	HRV_RMSSD	aCM1	3044	0.5559165712185818
SAN__HCAHeartST13233996	SAN	HRV_RMSSD	aCM2	3044	0.475526513338195
SAN__HCAHeartST13233996	SAN	HRV_RMSSD	aCM3	3044	0.25689752396187104
SAN__HCAHeartST13233996	SAN	HRV_RMSSD	aCM4	3044	0.47216005293560553
SAN__HCAHeartST13233996	SAN	HRV_RMSSD	FB1	3044	0.5406592970213794
SAN__HCAHeartST13233996	SAN	HRV_RMSSD	FB2	3044	0.4656210446970878
SAN__HCAHeartST13233996	SAN	HRV_RMSSD	FB4_activated	3044	0.5368570351075413
SAN__HCAHeartST13233996	SAN	HRV_RMSSD	NC1_glial	3044	0.47044773702993214
SAN__HCAHeartST13233996	SAN	HRV_RMSSD	NC2_glial_NGF+	3044	0.5291370859427995
SAN__HCAHeartST13233996	SAN	HRV_RMSSD	EC2_cap	3044	0.5525461483981129
SAN__HCAHeartST13233996	SAN	HRV_RMSSD	PC1_vent	3044	0.5743493318269308
SAN__HCAHeartST13233996	SAN	HRV_RMSSD	Adip1	3044	0.14439403705414397
SAN__HCAHeartST13233996	SAN	HRV_RMSSDc	SAN_P_cell	3044	0.34239694491748596
SAN__HCAHeartST13233996	SAN	HRV_RMSSDc	aCM1	3044	0.3436289652328353
SAN__HCAHeartST13233996	SAN	HRV_RMSSDc	aCM2	3044	0.2862658154821826
SAN__HCAHeartST13233996	SAN	HRV_RMSSDc	aCM3	3044	0.1692595490046998
SAN__HCAHeartST13233996	SAN	HRV_RMSSDc	aCM4	3044	0.2629407138686649
SAN__HCAHeartST13233996	SAN	HRV_RMSSDc	FB1	3044	0.3426618066109895
SAN__HCAHeartST13233996	SAN	HRV_RMSSDc	FB2	3044	0.2953782997940832
SAN__HCAHeartST13233996	SAN	HRV_RMSSDc	FB4_activated	3044	0.34171351856023274
SAN__HCAHeartST13233996	SAN	HRV_RMSSDc	NC1_glial	3044	0.31360888285365496
SAN__HCAHeartST13233996	SAN	HRV_RMSSDc	NC2_glial_NGF+	3044	0.3256634833944707
SAN__HCAHeartST13233996	SAN	HRV_RMSSDc	EC2_cap	3044	0.3448927563666282
SAN__HCAHeartST13233996	SAN	HRV_RMSSDc	PC1_vent	3044	0.35968776421949183
SAN__HCAHeartST13233996	SAN	HRV_RMSSDc	Adip1	3044	0.11670437969022115
SAN__HCAHeartST13233996	SAN	HRV_SDNN	SAN_P_cell	3044	0.1508255586184425
SAN__HCAHeartST13233996	SAN	HRV_SDNN	aCM1	3044	0.12430298446074897
SAN__HCAHeartST13233996	SAN	HRV_SDNN	aCM2	3044	0.07579963601459529
SAN__HCAHeartST13233996	SAN	HRV_SDNN	aCM3	3044	0.12104387438889626
SAN__HCAHeartST13233996	SAN	HRV_SDNN	aCM4	3044	-0.009540273344926627
SAN__HCAHeartST13233996	SAN	HRV_SDNN	FB1	3044	0.17255605666365464
SAN__HCAHeartST13233996	SAN	HRV_SDNN	FB2	3044	0.2251309835920752
SAN__HCAHeartST13233996	SAN	HRV_SDNN	FB4_activated	3044	0.21044664711080957
SAN__HCAHeartST13233996	SAN	HRV_SDNN	NC1_glial	3044	0.23703395565124538
SAN__HCAHeartST13233996	SAN	HRV_SDNN	NC2_glial_NGF+	3044	0.16353013523872623
SAN__HCAHeartST13233996	SAN	HRV_SDNN	EC2_cap	3044	0.1218185154779908
SAN__HCAHeartST13233996	SAN	HRV_SDNN	PC1_vent	3044	0.1369457112415044
SAN__HCAHeartST13233996	SAN	HRV_SDNN	Adip1	3044	0.11211116028550576
SAN__HCAHeartST13233996	SAN	HRV_SDNNc	SAN_P_cell	3044	-0.17118857194487916
SAN__HCAHeartST13233996	SAN	HRV_SDNNc	aCM1	3044	-0.1916438038625971
SAN__HCAHeartST13233996	SAN	HRV_SDNNc	aCM2	3044	-0.19753804862097682
SAN__HCAHeartST13233996	SAN	HRV_SDNNc	aCM3	3044	-0.008151928231650115
SAN__HCAHeartST13233996	SAN	HRV_SDNNc	aCM4	3044	-0.31662201670667744
SAN__HCAHeartST13233996	SAN	HRV_SDNNc	FB1	3044	-0.13307740562608328
SAN__HCAHeartST13233996	SAN	HRV_SDNNc	FB2	3044	-0.053097380670900106
SAN__HCAHeartST13233996	SAN	HRV_SDNNc	FB4_activated	3044	-0.10166969714131853
SAN__HCAHeartST13233996	SAN	HRV_SDNNc	NC1_glial	3044	-0.01267082512471167
SAN__HCAHeartST13233996	SAN	HRV_SDNNc	NC2_glial_NGF+	3044	-0.14553799520076807
SAN__HCAHeartST13233996	SAN	HRV_SDNNc	EC2_cap	3044	-0.20056467664795047
SAN__HCAHeartST13233996	SAN	HRV_SDNNc	PC1_vent	3044	-0.18605719351074282
SAN__HCAHeartST13233996	SAN	HRV_SDNNc	Adip1	3044	0.05784181906274137
SAN__HCAHeartST13233996	SAN	PRinterval	SAN_P_cell	3044	0.6979033880379559
SAN__HCAHeartST13233996	SAN	PRinterval	aCM1	3044	0.8107283272654114
SAN__HCAHeartST13233996	SAN	PRinterval	aCM2	3044	0.7324175259907922
SAN__HCAHeartST13233996	SAN	PRinterval	aCM3	3044	0.4009410786073418
SAN__HCAHeartST13233996	SAN	PRinterval	aCM4	3044	0.6748660866182257
SAN__HCAHeartST13233996	SAN	PRinterval	FB1	3044	0.7275036342994937
SAN__HCAHeartST13233996	SAN	PRinterval	FB2	3044	0.5765289947871292
SAN__HCAHeartST13233996	SAN	PRinterval	FB4_activated	3044	0.6666542343421411
SAN__HCAHeartST13233996	SAN	PRinterval	NC1_glial	3044	0.6317096825495887
SAN__HCAHeartST13233996	SAN	PRinterval	NC2_glial_NGF+	3044	0.6924207686598315
SAN__HCAHeartST13233996	SAN	PRinterval	EC2_cap	3044	0.7123752243049576
SAN__HCAHeartST13233996	SAN	PRinterval	PC1_vent	3044	0.777903941538403
SAN__HCAHeartST13233996	SAN	PRinterval	Adip1	3044	0.22342115741308147
SAN__HCAHeartST13233996	SAN	RestingHeartRate	SAN_P_cell	3044	0.7410872586590044
SAN__HCAHeartST13233996	SAN	RestingHeartRate	aCM1	3044	0.8224687146841093
SAN__HCAHeartST13233996	SAN	RestingHeartRate	aCM2	3044	0.7322862167335755
SAN__HCAHeartST13233996	SAN	RestingHeartRate	aCM3	3044	0.4232695228925372
SAN__HCAHeartST13233996	SAN	RestingHeartRate	aCM4	3044	0.692441632246066
SAN__HCAHeartST13233996	SAN	RestingHeartRate	FB1	3044	0.7584485429270597
SAN__HCAHeartST13233996	SAN	RestingHeartRate	FB2	3044	0.6284921211615372
SAN__HCAHeartST13233996	SAN	RestingHeartRate	FB4_activated	3044	0.7165561069789378
SAN__HCAHeartST13233996	SAN	RestingHeartRate	NC1_glial	3044	0.668141852627699
SAN__HCAHeartST13233996	SAN	RestingHeartRate	NC2_glial_NGF+	3044	0.7275914335408286
SAN__HCAHeartST13233996	SAN	RestingHeartRate	EC2_cap	3044	0.7537885708102497
SAN__HCAHeartST13233996	SAN	RestingHeartRate	PC1_vent	3044	0.8090240972278875
SAN__HCAHeartST13233996	SAN	RestingHeartRate	Adip1	3044	0.22336418640825903
SAN__HCAHeartST13233997	SAN	AtrialFibrillation	SAN_P_cell	3400	0.5119158498896945
SAN__HCAHeartST13233997	SAN	AtrialFibrillation	aCM1	3400	0.6654915074568665
SAN__HCAHeartST13233997	SAN	AtrialFibrillation	aCM2	3400	0.634689947712019
SAN__HCAHeartST13233997	SAN	AtrialFibrillation	aCM3	3400	0.25953355571966713
SAN__HCAHeartST13233997	SAN	AtrialFibrillation	aCM4	3400	0.6532542029054987
SAN__HCAHeartST13233997	SAN	AtrialFibrillation	FB1	3400	0.48523555534839186
SAN__HCAHeartST13233997	SAN	AtrialFibrillation	FB2	3400	0.05776874858101595
SAN__HCAHeartST13233997	SAN	AtrialFibrillation	FB4_activated	3400	0.5389152767207112
SAN__HCAHeartST13233997	SAN	AtrialFibrillation	NC1_glial	3400	0.3431704470545014
SAN__HCAHeartST13233997	SAN	AtrialFibrillation	NC2_glial_NGF+	3400	0.5672870540050255
SAN__HCAHeartST13233997	SAN	AtrialFibrillation	EC2_cap	3400	0.6429563128463677
SAN__HCAHeartST13233997	SAN	AtrialFibrillation	PC1_vent	3400	0.7358207754157653
SAN__HCAHeartST13233997	SAN	AtrialFibrillation	Adip1	3400	0.43657846047318244
SAN__HCAHeartST13233997	SAN	EducationalAttainment	SAN_P_cell	3400	0.4085488818792376
SAN__HCAHeartST13233997	SAN	EducationalAttainment	aCM1	3400	0.44595878796825394
SAN__HCAHeartST13233997	SAN	EducationalAttainment	aCM2	3400	0.4068959022881859
SAN__HCAHeartST13233997	SAN	EducationalAttainment	aCM3	3400	0.2110583020530675
SAN__HCAHeartST13233997	SAN	EducationalAttainment	aCM4	3400	0.30334026261846714
SAN__HCAHeartST13233997	SAN	EducationalAttainment	FB1	3400	0.4188019135979212
SAN__HCAHeartST13233997	SAN	EducationalAttainment	FB2	3400	0.2624652471484463
SAN__HCAHeartST13233997	SAN	EducationalAttainment	FB4_activated	3400	0.3467531613076854
SAN__HCAHeartST13233997	SAN	EducationalAttainment	NC1_glial	3400	0.3695039568500736
SAN__HCAHeartST13233997	SAN	EducationalAttainment	NC2_glial_NGF+	3400	0.46960094831580795
SAN__HCAHeartST13233997	SAN	EducationalAttainment	EC2_cap	3400	0.33795036475296125
SAN__HCAHeartST13233997	SAN	EducationalAttainment	PC1_vent	3400	0.4355831691357957
SAN__HCAHeartST13233997	SAN	EducationalAttainment	Adip1	3400	0.24249685744790833
SAN__HCAHeartST13233997	SAN	HRV_RMSSD	SAN_P_cell	3400	0.37235374500211776
SAN__HCAHeartST13233997	SAN	HRV_RMSSD	aCM1	3400	0.47530118775902336
SAN__HCAHeartST13233997	SAN	HRV_RMSSD	aCM2	3400	0.44894240064954166
SAN__HCAHeartST13233997	SAN	HRV_RMSSD	aCM3	3400	0.13175384417452426
SAN__HCAHeartST13233997	SAN	HRV_RMSSD	aCM4	3400	0.4863234543704827
SAN__HCAHeartST13233997	SAN	HRV_RMSSD	FB1	3400	0.34886816354765876
SAN__HCAHeartST13233997	SAN	HRV_RMSSD	FB2	3400	0.019284103082170715
SAN__HCAHeartST13233997	SAN	HRV_RMSSD	FB4_activated	3400	0.38099782990526937
SAN__HCAHeartST13233997	SAN	HRV_RMSSD	NC1_glial	3400	0.21554361492941038
SAN__HCAHeartST13233997	SAN	HRV_RMSSD	NC2_glial_NGF+	3400	0.42534290882299075
SAN__HCAHeartST13233997	SAN	HRV_RMSSD	EC2_cap	3400	0.49625284234969097
SAN__HCAHeartST13233997	SAN	HRV_RMSSD	PC1_vent	3400	0.5418252247110817
SAN__HCAHeartST13233997	SAN	HRV_RMSSD	Adip1	3400	0.3102648572874844
SAN__HCAHeartST13233997	SAN	HRV_RMSSDc	SAN_P_cell	3400	0.20342095755239395
SAN__HCAHeartST13233997	SAN	HRV_RMSSDc	aCM1	3400	0.2934614495201988
SAN__HCAHeartST13233997	SAN	HRV_RMSSDc	aCM2	3400	0.2694214798225059
SAN__HCAHeartST13233997	SAN	HRV_RMSSDc	aCM3	3400	0.09820017952768816
SAN__HCAHeartST13233997	SAN	HRV_RMSSDc	aCM4	3400	0.2683929869749012
SAN__HCAHeartST13233997	SAN	HRV_RMSSDc	FB1	3400	0.22631790877089147
SAN__HCAHeartST13233997	SAN	HRV_RMSSDc	FB2	3400	-0.004474249268249068
SAN__HCAHeartST13233997	SAN	HRV_RMSSDc	FB4_activated	3400	0.22648256821475565
SAN__HCAHeartST13233997	SAN	HRV_RMSSDc	NC1_glial	3400	0.132798648798982
SAN__HCAHeartST13233997	SAN	HRV_RMSSDc	NC2_glial_NGF+	3400	0.2539701997852243
SAN__HCAHeartST13233997	SAN	HRV_RMSSDc	EC2_cap	3400	0.3060706303917487
SAN__HCAHeartST13233997	SAN	HRV_RMSSDc	PC1_vent	3400	0.3398641066897752
SAN__HCAHeartST13233997	SAN	HRV_RMSSDc	Adip1	3400	0.19830986340771745
SAN__HCAHeartST13233997	SAN	HRV_SDNN	SAN_P_cell	3400	0.005063253664646481
SAN__HCAHeartST13233997	SAN	HRV_SDNN	aCM1	3400	0.07151855520336707
SAN__HCAHeartST13233997	SAN	HRV_SDNN	aCM2	3400	0.021544600607373794
SAN__HCAHeartST13233997	SAN	HRV_SDNN	aCM3	3400	0.09192273647357094
SAN__HCAHeartST13233997	SAN	HRV_SDNN	aCM4	3400	-0.07210815266378492
SAN__HCAHeartST13233997	SAN	HRV_SDNN	FB1	3400	0.17524423040617662
SAN__HCAHeartST13233997	SAN	HRV_SDNN	FB2	3400	0.14636574086093468
SAN__HCAHeartST13233997	SAN	HRV_SDNN	FB4_activated	3400	0.09144358610021132
SAN__HCAHeartST13233997	SAN	HRV_SDNN	NC1_glial	3400	0.1564340927282883
SAN__HCAHeartST13233997	SAN	HRV_SDNN	NC2_glial_NGF+	3400	0.10054123253538717
SAN__HCAHeartST13233997	SAN	HRV_SDNN	EC2_cap	3400	0.06911499389601257
SAN__HCAHeartST13233997	SAN	HRV_SDNN	PC1_vent	3400	0.07342810992680744
SAN__HCAHeartST13233997	SAN	HRV_SDNN	Adip1	3400	0.11303770961199903
SAN__HCAHeartST13233997	SAN	HRV_SDNNc	SAN_P_cell	3400	-0.19604205822846674
SAN__HCAHeartST13233997	SAN	HRV_SDNNc	aCM1	3400	-0.1731448366689899
SAN__HCAHeartST13233997	SAN	HRV_SDNNc	aCM2	3400	-0.21391075787284686
SAN__HCAHeartST13233997	SAN	HRV_SDNNc	aCM3	3400	0.043144342326638364
SAN__HCAHeartST13233997	SAN	HRV_SDNNc	aCM4	3400	-0.34013556443678844
SAN__HCAHeartST13233997	SAN	HRV_SDNNc	FB1	3400	0.00141431362491723
SAN__HCAHeartST13233997	SAN	HRV_SDNNc	FB2	3400	0.12479347955410774
SAN__HCAHeartST13233997	SAN	HRV_SDNNc	FB4_activated	3400	-0.10541252540182325
SAN__HCAHeartST13233997	SAN	HRV_SDNNc	NC1_glial	3400	0.04481152337472783
SAN__HCAHeartST13233997	SAN	HRV_SDNNc	NC2_glial_NGF+	3400	-0.1255513690812387
SAN__HCAHeartST13233997	SAN	HRV_SDNNc	EC2_cap	3400	-0.18678152378007068
SAN__HCAHeartST13233997	SAN	HRV_SDNNc	PC1_vent	3400	-0.19907296399855906
SAN__HCAHeartST13233997	SAN	HRV_SDNNc	Adip1	3400	-0.05463403779126244
SAN__HCAHeartST13233997	SAN	PRinterval	SAN_P_cell	3400	0.5417066573753693
SAN__HCAHeartST13233997	SAN	PRinterval	aCM1	3400	0.6841194351100991
SAN__HCAHeartST13233997	SAN	PRinterval	aCM2	3400	0.657559459124638
SAN__HCAHeartST13233997	SAN	PRinterval	aCM3	3400	0.25203054321160684
SAN__HCAHeartST13233997	SAN	PRinterval	aCM4	3400	0.68121843547079
SAN__HCAHeartST13233997	SAN	PRinterval	FB1	3400	0.491862663924081
SAN__HCAHeartST13233997	SAN	PRinterval	FB2	3400	0.08369967365464974
SAN__HCAHeartST13233997	SAN	PRinterval	FB4_activated	3400	0.5535305402404206
SAN__HCAHeartST13233997	SAN	PRinterval	NC1_glial	3400	0.3464739936574409
SAN__HCAHeartST13233997	SAN	PRinterval	NC2_glial_NGF+	3400	0.5822560876683399
SAN__HCAHeartST13233997	SAN	PRinterval	EC2_cap	3400	0.6542726906633545
SAN__HCAHeartST13233997	SAN	PRinterval	PC1_vent	3400	0.745773764507126
SAN__HCAHeartST13233997	SAN	PRinterval	Adip1	3400	0.449005416991368
SAN__HCAHeartST13233997	SAN	RestingHeartRate	SAN_P_cell	3400	0.5708563263753053
SAN__HCAHeartST13233997	SAN	RestingHeartRate	aCM1	3400	0.7059574855815712
SAN__HCAHeartST13233997	SAN	RestingHeartRate	aCM2	3400	0.6687445409762455
SAN__HCAHeartST13233997	SAN	RestingHeartRate	aCM3	3400	0.26301690389123883
SAN__HCAHeartST13233997	SAN	RestingHeartRate	aCM4	3400	0.6798758247855322
SAN__HCAHeartST13233997	SAN	RestingHeartRate	FB1	3400	0.5357802630609843
SAN__HCAHeartST13233997	SAN	RestingHeartRate	FB2	3400	0.12674120887544582
SAN__HCAHeartST13233997	SAN	RestingHeartRate	FB4_activated	3400	0.5703517135523
SAN__HCAHeartST13233997	SAN	RestingHeartRate	NC1_glial	3400	0.3992971347817909
SAN__HCAHeartST13233997	SAN	RestingHeartRate	NC2_glial_NGF+	3400	0.6117511469015358
SAN__HCAHeartST13233997	SAN	RestingHeartRate	EC2_cap	3400	0.6745805192915159
SAN__HCAHeartST13233997	SAN	RestingHeartRate	PC1_vent	3400	0.755292545221192
SAN__HCAHeartST13233997	SAN	RestingHeartRate	Adip1	3400	0.46851866777066276
SAN__HCAHeartST13233998	SAN	AtrialFibrillation	SAN_P_cell	3439	0.4497142753721988
SAN__HCAHeartST13233998	SAN	AtrialFibrillation	aCM1	3439	0.4444293266733146
SAN__HCAHeartST13233998	SAN	AtrialFibrillation	aCM2	3439	0.4367934468990812
SAN__HCAHeartST13233998	SAN	AtrialFibrillation	aCM3	3439	0.21490962762086585
SAN__HCAHeartST13233998	SAN	AtrialFibrillation	aCM4	3439	0.6483341735053241
SAN__HCAHeartST13233998	SAN	AtrialFibrillation	FB1	3439	-0.1094350648356653
SAN__HCAHeartST13233998	SAN	AtrialFibrillation	FB2	3439	-0.318026885377321
SAN__HCAHeartST13233998	SAN	AtrialFibrillation	FB4_activated	3439	0.2863707913652746
SAN__HCAHeartST13233998	SAN	AtrialFibrillation	NC1_glial	3439	-0.22546973522585279
SAN__HCAHeartST13233998	SAN	AtrialFibrillation	NC2_glial_NGF+	3439	0.22336075738079691
SAN__HCAHeartST13233998	SAN	AtrialFibrillation	EC2_cap	3439	0.3539838935355014
SAN__HCAHeartST13233998	SAN	AtrialFibrillation	PC1_vent	3439	0.598508354465018
SAN__HCAHeartST13233998	SAN	AtrialFibrillation	Adip1	3439	-0.28650907150121374
SAN__HCAHeartST13233998	SAN	EducationalAttainment	SAN_P_cell	3439	0.41845110924709256
SAN__HCAHeartST13233998	SAN	EducationalAttainment	aCM1	3439	0.2759635282495841
SAN__HCAHeartST13233998	SAN	EducationalAttainment	aCM2	3439	0.25282496171797947
SAN__HCAHeartST13233998	SAN	EducationalAttainment	aCM3	3439	0.13471459889750345
SAN__HCAHeartST13233998	SAN	EducationalAttainment	aCM4	3439	0.39140944725651344
SAN__HCAHeartST13233998	SAN	EducationalAttainment	FB1	3439	0.01677038195645394
SAN__HCAHeartST13233998	SAN	EducationalAttainment	FB2	3439	-0.13927514182568165
SAN__HCAHeartST13233998	SAN	EducationalAttainment	FB4_activated	3439	0.1069775366293744
SAN__HCAHeartST13233998	SAN	EducationalAttainment	NC1_glial	3439	-0.09068079413259592
SAN__HCAHeartST13233998	SAN	EducationalAttainment	NC2_glial_NGF+	3439	0.24054427690654578
SAN__HCAHeartST13233998	SAN	EducationalAttainment	EC2_cap	3439	0.26103000234269236
SAN__HCAHeartST13233998	SAN	EducationalAttainment	PC1_vent	3439	0.4340299854521636
SAN__HCAHeartST13233998	SAN	EducationalAttainment	Adip1	3439	-0.2314636409518108
SAN__HCAHeartST13233998	SAN	HRV_RMSSD	SAN_P_cell	3439	0.3807366059456131
SAN__HCAHeartST13233998	SAN	HRV_RMSSD	aCM1	3439	0.3324741036051967
SAN__HCAHeartST13233998	SAN	HRV_RMSSD	aCM2	3439	0.31675179168931916
SAN__HCAHeartST13233998	SAN	HRV_RMSSD	aCM3	3439	0.11352569809222808
SAN__HCAHeartST13233998	SAN	HRV_RMSSD	aCM4	3439	0.4950247357874651
SAN__HCAHeartST13233998	SAN	HRV_RMSSD	FB1	3439	-0.04639542597893454
SAN__HCAHeartST13233998	SAN	HRV_RMSSD	FB2	3439	-0.21498100551340188
SAN__HCAHeartST13233998	SAN	HRV_RMSSD	FB4_activated	3439	0.1802354251485076
SAN__HCAHeartST13233998	SAN	HRV_RMSSD	NC1_glial	3439	-0.17444685492525197
SAN__HCAHeartST13233998	SAN	HRV_RMSSD	NC2_glial_NGF+	3439	0.21348856026537869
SAN__HCAHeartST13233998	SAN	HRV_RMSSD	EC2_cap	3439	0.2975472508423707
SAN__HCAHeartST13233998	SAN	HRV_RMSSD	PC1_vent	3439	0.48425631187698076
SAN__HCAHeartST13233998	SAN	HRV_RMSSD	Adip1	3439	-0.18615379097974016
SAN__HCAHeartST13233998	SAN	HRV_RMSSDc	SAN_P_cell	3439	0.29367257327721297
SAN__HCAHeartST13233998	SAN	HRV_RMSSDc	aCM1	3439	0.23496590152895827
SAN__HCAHeartST13233998	SAN	HRV_RMSSDc	aCM2	3439	0.2163966681305232
SAN__HCAHeartST13233998	SAN	HRV_RMSSDc	aCM3	3439	0.059401932913205974
SAN__HCAHeartST13233998	SAN	HRV_RMSSDc	aCM4	3439	0.33821231862109746
SAN__HCAHeartST13233998	SAN	HRV_RMSSDc	FB1	3439	-0.004609082161030076
SAN__HCAHeartST13233998	SAN	HRV_RMSSDc	FB2	3439	-0.14122977946284265
SAN__HCAHeartST13233998	SAN	HRV_RMSSDc	FB4_activated	3439	0.11934720732981247
SAN__HCAHeartST13233998	SAN	HRV_RMSSDc	NC1_glial	3439	-0.10485198006841982
SAN__HCAHeartST13233998	SAN	HRV_RMSSDc	NC2_glial_NGF+	3439	0.17389312067996335
SAN__HCAHeartST13233998	SAN	HRV_RMSSDc	EC2_cap	3439	0.21684491859135116
SAN__HCAHeartST13233998	SAN	HRV_RMSSDc	PC1_vent	3439	0.35581454612094227
SAN__HCAHeartST13233998	SAN	HRV_RMSSDc	Adip1	3439	-0.08959733357468021
SAN__HCAHeartST13233998	SAN	HRV_SDNN	SAN_P_cell	3439	0.08967238283014746
SAN__HCAHeartST13233998	SAN	HRV_SDNN	aCM1	3439	-0.06352861433043536
SAN__HCAHeartST13233998	SAN	HRV_SDNN	aCM2	3439	-0.0985635061194692
SAN__HCAHeartST13233998	SAN	HRV_SDNN	aCM3	3439	-0.057551868414564215
SAN__HCAHeartST13233998	SAN	HRV_SDNN	aCM4	3439	-0.09753002387150807
SAN__HCAHeartST13233998	SAN	HRV_SDNN	FB1	3439	0.14836966617448424
SAN__HCAHeartST13233998	SAN	HRV_SDNN	FB2	3439	0.06787501310699214
SAN__HCAHeartST13233998	SAN	HRV_SDNN	FB4_activated	3439	-0.09680240331633641
SAN__HCAHeartST13233998	SAN	HRV_SDNN	NC1_glial	3439	0.08907440696235179
SAN__HCAHeartST13233998	SAN	HRV_SDNN	NC2_glial_NGF+	3439	0.07928907983116698
SAN__HCAHeartST13233998	SAN	HRV_SDNN	EC2_cap	3439	0.04738368085102884
SAN__HCAHeartST13233998	SAN	HRV_SDNN	PC1_vent	3439	0.04441140696431054
SAN__HCAHeartST13233998	SAN	HRV_SDNN	Adip1	3439	0.0582063051212789
SAN__HCAHeartST13233998	SAN	HRV_SDNNc	SAN_P_cell	3439	-0.03642857166513241
SAN__HCAHeartST13233998	SAN	HRV_SDNNc	aCM1	3439	-0.1847034978817758
SAN__HCAHeartST13233998	SAN	HRV_SDNNc	aCM2	3439	-0.21895623107609044
SAN__HCAHeartST13233998	SAN	HRV_SDNNc	aCM3	3439	-0.10971343843953033
SAN__HCAHeartST13233998	SAN	HRV_SDNNc	aCM4	3439	-0.2975427291446407
SAN__HCAHeartST13233998	SAN	HRV_SDNNc	FB1	3439	0.19531192976443
SAN__HCAHeartST13233998	SAN	HRV_SDNNc	FB2	3439	0.1717043854533479
SAN__HCAHeartST13233998	SAN	HRV_SDNNc	FB4_activated	3439	-0.15804933868182974
SAN__HCAHeartST13233998	SAN	HRV_SDNNc	NC1_glial	3439	0.17584193123820785
SAN__HCAHeartST13233998	SAN	HRV_SDNNc	NC2_glial_NGF+	3439	0.018299715203981996
SAN__HCAHeartST13233998	SAN	HRV_SDNNc	EC2_cap	3439	-0.06980179149675228
SAN__HCAHeartST13233998	SAN	HRV_SDNNc	PC1_vent	3439	-0.13395916423130436
SAN__HCAHeartST13233998	SAN	HRV_SDNNc	Adip1	3439	0.15113811487445009
SAN__HCAHeartST13233998	SAN	PRinterval	SAN_P_cell	3439	0.4688864117093522
SAN__HCAHeartST13233998	SAN	PRinterval	aCM1	3439	0.5286556352229741
SAN__HCAHeartST13233998	SAN	PRinterval	aCM2	3439	0.5199569853518293
SAN__HCAHeartST13233998	SAN	PRinterval	aCM3	3439	0.2432949966425662
SAN__HCAHeartST13233998	SAN	PRinterval	aCM4	3439	0.7164782291980543
SAN__HCAHeartST13233998	SAN	PRinterval	FB1	3439	-0.09398761536886814
SAN__HCAHeartST13233998	SAN	PRinterval	FB2	3439	-0.28781816590157094
SAN__HCAHeartST13233998	SAN	PRinterval	FB4_activated	3439	0.3481881187748768
SAN__HCAHeartST13233998	SAN	PRinterval	NC1_glial	3439	-0.22370242472571392
SAN__HCAHeartST13233998	SAN	PRinterval	NC2_glial_NGF+	3439	0.27743309810511607
SAN__HCAHeartST13233998	SAN	PRinterval	EC2_cap	3439	0.384841587891128
SAN__HCAHeartST13233998	SAN	PRinterval	PC1_vent	3439	0.6291546478255732
SAN__HCAHeartST13233998	SAN	PRinterval	Adip1	3439	-0.2751159151856333
SAN__HCAHeartST13233998	SAN	RestingHeartRate	SAN_P_cell	3439	0.5052007329853154
SAN__HCAHeartST13233998	SAN	RestingHeartRate	aCM1	3439	0.4922343190986078
SAN__HCAHeartST13233998	SAN	RestingHeartRate	aCM2	3439	0.47510095844221273
SAN__HCAHeartST13233998	SAN	RestingHeartRate	aCM3	3439	0.21367354181364515
SAN__HCAHeartST13233998	SAN	RestingHeartRate	aCM4	3439	0.685764377861857
SAN__HCAHeartST13233998	SAN	RestingHeartRate	FB1	3439	-0.06601896248848768
SAN__HCAHeartST13233998	SAN	RestingHeartRate	FB2	3439	-0.2717255343301456
SAN__HCAHeartST13233998	SAN	RestingHeartRate	FB4_activated	3439	0.3086022046406797
SAN__HCAHeartST13233998	SAN	RestingHeartRate	NC1_glial	3439	-0.21153851247445055
SAN__HCAHeartST13233998	SAN	RestingHeartRate	NC2_glial_NGF+	3439	0.28836762570393115
SAN__HCAHeartST13233998	SAN	RestingHeartRate	EC2_cap	3439	0.4073718376009888
SAN__HCAHeartST13233998	SAN	RestingHeartRate	PC1_vent	3439	0.6270143519598803
SAN__HCAHeartST13233998	SAN	RestingHeartRate	Adip1	3439	-0.2640587690511358
SAN__HCAHeartST13233999	SAN	AtrialFibrillation	SAN_P_cell	2871	0.5765166675875375
SAN__HCAHeartST13233999	SAN	AtrialFibrillation	aCM1	2871	0.7436209820672863
SAN__HCAHeartST13233999	SAN	AtrialFibrillation	aCM2	2871	0.6795345417054667
SAN__HCAHeartST13233999	SAN	AtrialFibrillation	aCM3	2871	0.3266265982899527
SAN__HCAHeartST13233999	SAN	AtrialFibrillation	aCM4	2871	0.7544723884078837
SAN__HCAHeartST13233999	SAN	AtrialFibrillation	FB1	2871	0.28926748102473554
SAN__HCAHeartST13233999	SAN	AtrialFibrillation	FB2	2871	0.12201559382244158
SAN__HCAHeartST13233999	SAN	AtrialFibrillation	FB4_activated	2871	0.6429547015264497
SAN__HCAHeartST13233999	SAN	AtrialFibrillation	NC1_glial	2871	0.010491291748454638
SAN__HCAHeartST13233999	SAN	AtrialFibrillation	NC2_glial_NGF+	2871	0.5560950329470131
SAN__HCAHeartST13233999	SAN	AtrialFibrillation	EC2_cap	2871	0.4252867567186805
SAN__HCAHeartST13233999	SAN	AtrialFibrillation	PC1_vent	2871	0.7440822606970264
SAN__HCAHeartST13233999	SAN	AtrialFibrillation	Adip1	2871	-0.3239759159122151
SAN__HCAHeartST13233999	SAN	EducationalAttainment	SAN_P_cell	2871	0.5248432452147417
SAN__HCAHeartST13233999	SAN	EducationalAttainment	aCM1	2871	0.5329099343879207
SAN__HCAHeartST13233999	SAN	EducationalAttainment	aCM2	2871	0.47687202545791807
SAN__HCAHeartST13233999	SAN	EducationalAttainment	aCM3	2871	0.30577761729176933
SAN__HCAHeartST13233999	SAN	EducationalAttainment	aCM4	2871	0.5465315985875119
SAN__HCAHeartST13233999	SAN	EducationalAttainment	FB1	2871	0.26229040024432737
SAN__HCAHeartST13233999	SAN	EducationalAttainment	FB2	2871	0.19618543140030953
SAN__HCAHeartST13233999	SAN	EducationalAttainment	FB4_activated	2871	0.5099950693983947
SAN__HCAHeartST13233999	SAN	EducationalAttainment	NC1_glial	2871	0.11387844173070909
SAN__HCAHeartST13233999	SAN	EducationalAttainment	NC2_glial_NGF+	2871	0.4963653770106545
SAN__HCAHeartST13233999	SAN	EducationalAttainment	EC2_cap	2871	0.30736394077022783
SAN__HCAHeartST13233999	SAN	EducationalAttainment	PC1_vent	2871	0.5675957074131411
SAN__HCAHeartST13233999	SAN	EducationalAttainment	Adip1	2871	-0.2572352283569247
SAN__HCAHeartST13233999	SAN	HRV_RMSSD	SAN_P_cell	2871	0.45276003880507487
SAN__HCAHeartST13233999	SAN	HRV_RMSSD	aCM1	2871	0.5991757337222425
SAN__HCAHeartST13233999	SAN	HRV_RMSSD	aCM2	2871	0.5487063144255531
SAN__HCAHeartST13233999	SAN	HRV_RMSSD	aCM3	2871	0.25707100850270015
SAN__HCAHeartST13233999	SAN	HRV_RMSSD	aCM4	2871	0.6034747369470266
SAN__HCAHeartST13233999	SAN	HRV_RMSSD	FB1	2871	0.2246177693518998
SAN__HCAHeartST13233999	SAN	HRV_RMSSD	FB2	2871	0.09000807732479876
SAN__HCAHeartST13233999	SAN	HRV_RMSSD	FB4_activated	2871	0.5265285620541442
SAN__HCAHeartST13233999	SAN	HRV_RMSSD	NC1_glial	2871	-0.010951210278774519
SAN__HCAHeartST13233999	SAN	HRV_RMSSD	NC2_glial_NGF+	2871	0.4368747660558001
SAN__HCAHeartST13233999	SAN	HRV_RMSSD	EC2_cap	2871	0.3737685848600395
SAN__HCAHeartST13233999	SAN	HRV_RMSSD	PC1_vent	2871	0.5842518528046448
SAN__HCAHeartST13233999	SAN	HRV_RMSSD	Adip1	2871	-0.23281213217237476
SAN__HCAHeartST13233999	SAN	HRV_RMSSDc	SAN_P_cell	2871	0.31067127310837417
SAN__HCAHeartST13233999	SAN	HRV_RMSSDc	aCM1	2871	0.42054280313296666
SAN__HCAHeartST13233999	SAN	HRV_RMSSDc	aCM2	2871	0.37846284197333263
SAN__HCAHeartST13233999	SAN	HRV_RMSSDc	aCM3	2871	0.16449472154742645
SAN__HCAHeartST13233999	SAN	HRV_RMSSDc	aCM4	2871	0.39709070012900033
SAN__HCAHeartST13233999	SAN	HRV_RMSSDc	FB1	2871	0.17571727312549285
SAN__HCAHeartST13233999	SAN	HRV_RMSSDc	FB2	2871	0.06678790108030883
SAN__HCAHeartST13233999	SAN	HRV_RMSSDc	FB4_activated	2871	0.35643960078445164
SAN__HCAHeartST13233999	SAN	HRV_RMSSDc	NC1_glial	2871	-0.003960243552267599
SAN__HCAHeartST13233999	SAN	HRV_RMSSDc	NC2_glial_NGF+	2871	0.30102381685337914
SAN__HCAHeartST13233999	SAN	HRV_RMSSDc	EC2_cap	2871	0.283496211437569
SAN__HCAHeartST13233999	SAN	HRV_RMSSDc	PC1_vent	2871	0.4041242213240819
SAN__HCAHeartST13233999	SAN	HRV_RMSSDc	Adip1	2871	-0.13145304592054716
SAN__HCAHeartST13233999	SAN	HRV_SDNN	SAN_P_cell	2871	0.09297790300033999
SAN__HCAHeartST13233999	SAN	HRV_SDNN	aCM1	2871	-0.0020381727466500655
SAN__HCAHeartST13233999	SAN	HRV_SDNN	aCM2	2871	-0.03666578469170171
SAN__HCAHeartST13233999	SAN	HRV_SDNN	aCM3	2871	0.10632495494133809
SAN__HCAHeartST13233999	SAN	HRV_SDNN	aCM4	2871	-0.031698469285365224
SAN__HCAHeartST13233999	SAN	HRV_SDNN	FB1	2871	0.10778756080520947
SAN__HCAHeartST13233999	SAN	HRV_SDNN	FB2	2871	0.12414421426045612
SAN__HCAHeartST13233999	SAN	HRV_SDNN	FB4_activated	2871	0.05428676698210288
SAN__HCAHeartST13233999	SAN	HRV_SDNN	NC1_glial	2871	0.1341920127600734
SAN__HCAHeartST13233999	SAN	HRV_SDNN	NC2_glial_NGF+	2871	0.080538902423357
SAN__HCAHeartST13233999	SAN	HRV_SDNN	EC2_cap	2871	0.11250552267541303
SAN__HCAHeartST13233999	SAN	HRV_SDNN	PC1_vent	2871	0.04043260251370952
SAN__HCAHeartST13233999	SAN	HRV_SDNN	Adip1	2871	0.04659793636011867
SAN__HCAHeartST13233999	SAN	HRV_SDNNc	SAN_P_cell	2871	-0.07979877822051167
SAN__HCAHeartST13233999	SAN	HRV_SDNNc	aCM1	2871	-0.2504185202694318
SAN__HCAHeartST13233999	SAN	HRV_SDNNc	aCM2	2871	-0.27200299526669663
SAN__HCAHeartST13233999	SAN	HRV_SDNNc	aCM3	2871	0.01693188363281241
SAN__HCAHeartST13233999	SAN	HRV_SDNNc	aCM4	2871	-0.30442264376227557
SAN__HCAHeartST13233999	SAN	HRV_SDNNc	FB1	2871	0.0554520410988876
SAN__HCAHeartST13233999	SAN	HRV_SDNNc	FB2	2871	0.12204285173210341
SAN__HCAHeartST13233999	SAN	HRV_SDNNc	FB4_activated	2871	-0.15298778920290299
SAN__HCAHeartST13233999	SAN	HRV_SDNNc	NC1_glial	2871	0.18029215454947844
SAN__HCAHeartST13233999	SAN	HRV_SDNNc	NC2_glial_NGF+	2871	-0.08418319123562047
SAN__HCAHeartST13233999	SAN	HRV_SDNNc	EC2_cap	2871	-0.015317343851841981
SAN__HCAHeartST13233999	SAN	HRV_SDNNc	PC1_vent	2871	-0.1911084332809182
SAN__HCAHeartST13233999	SAN	HRV_SDNNc	Adip1	2871	0.16103782084913634
SAN__HCAHeartST13233999	SAN	PRinterval	SAN_P_cell	2871	0.5839270260110481
SAN__HCAHeartST13233999	SAN	PRinterval	aCM1	2871	0.7915066923913538
SAN__HCAHeartST13233999	SAN	PRinterval	aCM2	2871	0.7325886217755082
SAN__HCAHeartST13233999	SAN	PRinterval	aCM3	2871	0.3098109066059669
SAN__HCAHeartST13233999	SAN	PRinterval	aCM4	2871	0.8070665798656889
SAN__HCAHeartST13233999	SAN	PRinterval	FB1	2871	0.2739443396567801
SAN__HCAHeartST13233999	SAN	PRinterval	FB2	2871	0.1262394405391378
SAN__HCAHeartST13233999	SAN	PRinterval	FB4_activated	2871	0.677794392117888
SAN__HCAHeartST13233999	SAN	PRinterval	NC1_glial	2871	-0.020770459212767885
SAN__HCAHeartST13233999	SAN	PRinterval	NC2_glial_NGF+	2871	0.5682600411782387
SAN__HCAHeartST13233999	SAN	PRinterval	EC2_cap	2871	0.4438833045856064
SAN__HCAHeartST13233999	SAN	PRinterval	PC1_vent	2871	0.7657155749402942
SAN__HCAHeartST13233999	SAN	PRinterval	Adip1	2871	-0.3556615569318024
SAN__HCAHeartST13233999	SAN	RestingHeartRate	SAN_P_cell	2871	0.6223900313168327
SAN__HCAHeartST13233999	SAN	RestingHeartRate	aCM1	2871	0.7803908134870998
SAN__HCAHeartST13233999	SAN	RestingHeartRate	aCM2	2871	0.7193075422515378
SAN__HCAHeartST13233999	SAN	RestingHeartRate	aCM3	2871	0.3612143426137013
SAN__HCAHeartST13233999	SAN	RestingHeartRate	aCM4	2871	0.7997949739079863
SAN__HCAHeartST13233999	SAN	RestingHeartRate	FB1	2871	0.3046370902475051
SAN__HCAHeartST13233999	SAN	RestingHeartRate	FB2	2871	0.13260368629126687
SAN__HCAHeartST13233999	SAN	RestingHeartRate	FB4_activated	2871	0.6827557048917577
SAN__HCAHeartST13233999	SAN	RestingHeartRate	NC1_glial	2871	0.024879850497206202
SAN__HCAHeartST13233999	SAN	RestingHeartRate	NC2_glial_NGF+	2871	0.5913881934540232
SAN__HCAHeartST13233999	SAN	RestingHeartRate	EC2_cap	2871	0.4620207959686913
SAN__HCAHeartST13233999	SAN	RestingHeartRate	PC1_vent	2871	0.7774919203904638
SAN__HCAHeartST13233999	SAN	RestingHeartRate	Adip1	2871	-0.33949756173703194
